
Copyright (C) 1994-2022 Synopsys, Inc.
This Synopsys software and all associated documentation are proprietary to Synopsys, Inc.
and may only be used pursuant to the terms and conditions of a written license agreement
with Synopsys, Inc. All other use, reproduction, modification, or distribution of the
Synopsys software or the associated documentation is strictly prohibited.
Tool: Synplify Pro (R)
Build: T-2022.09-SP2
Install: /home/victor/simplify-5.9/install/fpga/T-2022.09-SP2
OS: Ubuntu 24.04.2 LTS
Hostname: victor-Aspire-A315-56
max virtual memory: unlimited (bytes)
max user processes: 78566
max stack size: unlimited (bytes)


Implementation : synplify_xilinx_pulpissimo_work
Synopsys HDL compiler and linker, Version comp202209syn, Build 154R, Built Nov 25 2022 02:42:27, @4515191

Modified Files: 0
FID:  path (prevtimestamp, timestamp)

*******************************************************************
Modules that may have changed as a result of file changes: 0
MID:  lib.cell.view

*******************************************************************
Unmodified files: 520
FID:  path (timestamp)
511      /home/victor/pulp_shared_vm/pulp_box/pulpissimo/fpga/pulpissimo-zedboard/rtl/pulp_clock_gating_xilinx.sv (2025-05-24 21:36:39)
0        /home/victor/pulp_shared_vm/pulp_box/pulpissimo/fpga/pulpissimo-zedboard/rtl/xilinx_pulpissimo.v (2025-06-27 19:01:50)
1        /home/victor/pulp_shared_vm/pulp_box/pulpissimo/ips/L2_tcdm_hybrid_interco/RTL/XBAR_BRIDGE/AddressDecoder_Req_BRIDGE.sv (2025-05-24 21:36:49)
2        /home/victor/pulp_shared_vm/pulp_box/pulpissimo/ips/L2_tcdm_hybrid_interco/RTL/XBAR_BRIDGE/AddressDecoder_Resp_BRIDGE.sv (2025-05-24 21:36:49)
3        /home/victor/pulp_shared_vm/pulp_box/pulpissimo/ips/L2_tcdm_hybrid_interco/RTL/XBAR_BRIDGE/ArbitrationTree_BRIDGE.sv (2025-05-24 21:36:49)
4        /home/victor/pulp_shared_vm/pulp_box/pulpissimo/ips/L2_tcdm_hybrid_interco/RTL/XBAR_BRIDGE/FanInPrimitive_Req_BRIDGE.sv (2025-05-24 21:36:49)
5        /home/victor/pulp_shared_vm/pulp_box/pulpissimo/ips/L2_tcdm_hybrid_interco/RTL/XBAR_BRIDGE/FanInPrimitive_Resp_BRIDGE.sv (2025-05-24 21:36:49)
6        /home/victor/pulp_shared_vm/pulp_box/pulpissimo/ips/L2_tcdm_hybrid_interco/RTL/XBAR_BRIDGE/MUX2_REQ_BRIDGE.sv (2025-05-24 21:36:49)
7        /home/victor/pulp_shared_vm/pulp_box/pulpissimo/ips/L2_tcdm_hybrid_interco/RTL/XBAR_BRIDGE/RR_Flag_Req_BRIDGE.sv (2025-05-24 21:36:49)
8        /home/victor/pulp_shared_vm/pulp_box/pulpissimo/ips/L2_tcdm_hybrid_interco/RTL/XBAR_BRIDGE/RequestBlock1CH_BRIDGE.sv (2025-05-24 21:36:49)
9        /home/victor/pulp_shared_vm/pulp_box/pulpissimo/ips/L2_tcdm_hybrid_interco/RTL/XBAR_BRIDGE/RequestBlock2CH_BRIDGE.sv (2025-05-24 21:36:49)
10       /home/victor/pulp_shared_vm/pulp_box/pulpissimo/ips/L2_tcdm_hybrid_interco/RTL/XBAR_BRIDGE/ResponseBlock_BRIDGE.sv (2025-05-24 21:36:49)
11       /home/victor/pulp_shared_vm/pulp_box/pulpissimo/ips/L2_tcdm_hybrid_interco/RTL/XBAR_BRIDGE/ResponseTree_BRIDGE.sv (2025-05-24 21:36:49)
12       /home/victor/pulp_shared_vm/pulp_box/pulpissimo/ips/L2_tcdm_hybrid_interco/RTL/XBAR_BRIDGE/XBAR_BRIDGE.sv (2025-05-24 21:36:49)
13       /home/victor/pulp_shared_vm/pulp_box/pulpissimo/ips/L2_tcdm_hybrid_interco/RTL/XBAR_L2/AddressDecoder_Req_L2.sv (2025-05-24 21:36:49)
14       /home/victor/pulp_shared_vm/pulp_box/pulpissimo/ips/L2_tcdm_hybrid_interco/RTL/XBAR_L2/AddressDecoder_Resp_L2.sv (2025-05-24 21:36:49)
15       /home/victor/pulp_shared_vm/pulp_box/pulpissimo/ips/L2_tcdm_hybrid_interco/RTL/XBAR_L2/ArbitrationTree_L2.sv (2025-05-24 21:36:49)
16       /home/victor/pulp_shared_vm/pulp_box/pulpissimo/ips/L2_tcdm_hybrid_interco/RTL/XBAR_L2/FanInPrimitive_Req_L2.sv (2025-05-24 21:36:49)
17       /home/victor/pulp_shared_vm/pulp_box/pulpissimo/ips/L2_tcdm_hybrid_interco/RTL/XBAR_L2/FanInPrimitive_Resp_L2.sv (2025-05-24 21:36:49)
18       /home/victor/pulp_shared_vm/pulp_box/pulpissimo/ips/L2_tcdm_hybrid_interco/RTL/XBAR_L2/MUX2_REQ_L2.sv (2025-05-24 21:36:49)
19       /home/victor/pulp_shared_vm/pulp_box/pulpissimo/ips/L2_tcdm_hybrid_interco/RTL/XBAR_L2/RR_Flag_Req_L2.sv (2025-05-24 21:36:49)
20       /home/victor/pulp_shared_vm/pulp_box/pulpissimo/ips/L2_tcdm_hybrid_interco/RTL/XBAR_L2/RequestBlock_L2_1CH.sv (2025-05-24 21:36:49)
21       /home/victor/pulp_shared_vm/pulp_box/pulpissimo/ips/L2_tcdm_hybrid_interco/RTL/XBAR_L2/RequestBlock_L2_2CH.sv (2025-05-24 21:36:49)
22       /home/victor/pulp_shared_vm/pulp_box/pulpissimo/ips/L2_tcdm_hybrid_interco/RTL/XBAR_L2/ResponseBlock_L2.sv (2025-05-24 21:36:49)
23       /home/victor/pulp_shared_vm/pulp_box/pulpissimo/ips/L2_tcdm_hybrid_interco/RTL/XBAR_L2/ResponseTree_L2.sv (2025-05-24 21:36:49)
24       /home/victor/pulp_shared_vm/pulp_box/pulpissimo/ips/L2_tcdm_hybrid_interco/RTL/XBAR_L2/XBAR_L2.sv (2025-05-24 21:36:49)
25       /home/victor/pulp_shared_vm/pulp_box/pulpissimo/ips/L2_tcdm_hybrid_interco/RTL/axi_2_lint/axi64_2_lint32.sv (2025-05-24 21:36:49)
26       /home/victor/pulp_shared_vm/pulp_box/pulpissimo/ips/L2_tcdm_hybrid_interco/RTL/axi_2_lint/axi_read_ctrl.sv (2025-05-24 21:36:49)
27       /home/victor/pulp_shared_vm/pulp_box/pulpissimo/ips/L2_tcdm_hybrid_interco/RTL/axi_2_lint/axi_write_ctrl.sv (2025-05-24 21:36:49)
28       /home/victor/pulp_shared_vm/pulp_box/pulpissimo/ips/L2_tcdm_hybrid_interco/RTL/axi_2_lint/lint64_to_32.sv (2025-05-24 21:36:49)
29       /home/victor/pulp_shared_vm/pulp_box/pulpissimo/ips/L2_tcdm_hybrid_interco/RTL/l2_tcdm_demux.sv (2025-05-24 21:36:49)
30       /home/victor/pulp_shared_vm/pulp_box/pulpissimo/ips/L2_tcdm_hybrid_interco/RTL/lint_2_apb.sv (2025-05-24 21:36:49)
31       /home/victor/pulp_shared_vm/pulp_box/pulpissimo/ips/L2_tcdm_hybrid_interco/RTL/lint_2_axi.sv (2025-05-24 21:36:49)
32       /home/victor/pulp_shared_vm/pulp_box/pulpissimo/ips/adv_dbg_if/rtl/adbg_axi_biu.sv (2025-05-24 21:36:50)
33       /home/victor/pulp_shared_vm/pulp_box/pulpissimo/ips/adv_dbg_if/rtl/adbg_axi_defines.v (2025-05-24 21:36:50)
34       /home/victor/pulp_shared_vm/pulp_box/pulpissimo/ips/adv_dbg_if/rtl/adbg_axi_module.sv (2025-05-24 21:36:50)
35       /home/victor/pulp_shared_vm/pulp_box/pulpissimo/ips/adv_dbg_if/rtl/adbg_axionly_top.sv (2025-05-24 21:36:50)
36       /home/victor/pulp_shared_vm/pulp_box/pulpissimo/ips/adv_dbg_if/rtl/adbg_crc32.v (2025-05-24 21:36:50)
37       /home/victor/pulp_shared_vm/pulp_box/pulpissimo/ips/adv_dbg_if/rtl/adbg_defines.v (2025-05-24 21:36:50)
38       /home/victor/pulp_shared_vm/pulp_box/pulpissimo/ips/adv_dbg_if/rtl/adbg_lint_biu.sv (2025-05-24 21:36:50)
39       /home/victor/pulp_shared_vm/pulp_box/pulpissimo/ips/adv_dbg_if/rtl/adbg_lint_defines.v (2025-05-24 21:36:50)
40       /home/victor/pulp_shared_vm/pulp_box/pulpissimo/ips/adv_dbg_if/rtl/adbg_lint_module.sv (2025-05-24 21:36:50)
41       /home/victor/pulp_shared_vm/pulp_box/pulpissimo/ips/adv_dbg_if/rtl/adbg_lintonly_top.sv (2025-05-24 21:36:50)
42       /home/victor/pulp_shared_vm/pulp_box/pulpissimo/ips/adv_dbg_if/rtl/adbg_or1k_biu.sv (2025-05-24 21:36:50)
43       /home/victor/pulp_shared_vm/pulp_box/pulpissimo/ips/adv_dbg_if/rtl/adbg_or1k_defines.v (2025-05-24 21:36:50)
44       /home/victor/pulp_shared_vm/pulp_box/pulpissimo/ips/adv_dbg_if/rtl/adbg_or1k_module.sv (2025-05-24 21:36:50)
45       /home/victor/pulp_shared_vm/pulp_box/pulpissimo/ips/adv_dbg_if/rtl/adbg_or1k_status_reg.sv (2025-05-24 21:36:50)
46       /home/victor/pulp_shared_vm/pulp_box/pulpissimo/ips/adv_dbg_if/rtl/adbg_tap_defines.v (2025-05-24 21:36:50)
47       /home/victor/pulp_shared_vm/pulp_box/pulpissimo/ips/adv_dbg_if/rtl/adbg_tap_top.v (2025-05-24 21:36:50)
48       /home/victor/pulp_shared_vm/pulp_box/pulpissimo/ips/adv_dbg_if/rtl/adbg_top.sv (2025-05-24 21:36:50)
49       /home/victor/pulp_shared_vm/pulp_box/pulpissimo/ips/adv_dbg_if/rtl/adv_dbg_if.sv (2025-05-24 21:36:50)
50       /home/victor/pulp_shared_vm/pulp_box/pulpissimo/ips/adv_dbg_if/rtl/bytefifo.v (2025-05-24 21:36:50)
51       /home/victor/pulp_shared_vm/pulp_box/pulpissimo/ips/adv_dbg_if/rtl/syncflop.v (2025-05-24 21:36:50)
52       /home/victor/pulp_shared_vm/pulp_box/pulpissimo/ips/adv_dbg_if/rtl/syncreg.v (2025-05-24 21:36:50)
53       /home/victor/pulp_shared_vm/pulp_box/pulpissimo/ips/apb/apb2per/apb2per.sv (2025-05-24 21:36:50)
54       /home/victor/pulp_shared_vm/pulp_box/pulpissimo/ips/apb/apb_adv_timer/./rtl/adv_timer_apb_if.sv (2025-05-24 21:36:50)
55       /home/victor/pulp_shared_vm/pulp_box/pulpissimo/ips/apb/apb_adv_timer/./rtl/apb_adv_timer.sv (2025-05-24 21:36:50)
56       /home/victor/pulp_shared_vm/pulp_box/pulpissimo/ips/apb/apb_adv_timer/./rtl/comparator.sv (2025-05-24 21:36:50)
57       /home/victor/pulp_shared_vm/pulp_box/pulpissimo/ips/apb/apb_adv_timer/./rtl/input_stage.sv (2025-05-24 21:36:50)
58       /home/victor/pulp_shared_vm/pulp_box/pulpissimo/ips/apb/apb_adv_timer/./rtl/lut_4x4.sv (2025-05-24 21:36:50)
59       /home/victor/pulp_shared_vm/pulp_box/pulpissimo/ips/apb/apb_adv_timer/./rtl/out_filter.sv (2025-05-24 21:36:50)
60       /home/victor/pulp_shared_vm/pulp_box/pulpissimo/ips/apb/apb_adv_timer/./rtl/prescaler.sv (2025-05-24 21:36:50)
61       /home/victor/pulp_shared_vm/pulp_box/pulpissimo/ips/apb/apb_adv_timer/./rtl/timer_cntrl.sv (2025-05-24 21:36:50)
62       /home/victor/pulp_shared_vm/pulp_box/pulpissimo/ips/apb/apb_adv_timer/./rtl/timer_module.sv (2025-05-24 21:36:50)
63       /home/victor/pulp_shared_vm/pulp_box/pulpissimo/ips/apb/apb_adv_timer/./rtl/up_down_counter.sv (2025-05-24 21:36:50)
64       /home/victor/pulp_shared_vm/pulp_box/pulpissimo/ips/apb/apb_fll_if/apb_fll_if.sv (2025-05-24 21:36:50)
65       /home/victor/pulp_shared_vm/pulp_box/pulpissimo/ips/apb/apb_gpio/./rtl/apb_gpio.sv (2025-05-24 21:36:50)
66       /home/victor/pulp_shared_vm/pulp_box/pulpissimo/ips/apb/apb_node/src/apb_node.sv (2025-05-24 21:36:50)
67       /home/victor/pulp_shared_vm/pulp_box/pulpissimo/ips/apb/apb_node/src/apb_node_wrap.sv (2025-05-24 21:36:50)
68       /home/victor/pulp_shared_vm/pulp_box/pulpissimo/ips/apb_interrupt_cntrl/apb_interrupt_cntrl.sv (2025-06-10 17:53:58)
69       /home/victor/pulp_shared_vm/pulp_box/pulpissimo/ips/axi/axi/include/axi/assign.svh (2025-05-24 21:36:50)
70       /home/victor/pulp_shared_vm/pulp_box/pulpissimo/ips/axi/axi/include/axi/typedef.svh (2025-05-24 21:36:50)
71       /home/victor/pulp_shared_vm/pulp_box/pulpissimo/ips/axi/axi/src/axi_atop_filter.sv (2025-05-24 21:36:50)
72       /home/victor/pulp_shared_vm/pulp_box/pulpissimo/ips/axi/axi/src/axi_burst_splitter.sv (2025-05-24 21:36:50)
73       /home/victor/pulp_shared_vm/pulp_box/pulpissimo/ips/axi/axi/src/axi_cdc.sv (2025-05-24 21:36:50)
74       /home/victor/pulp_shared_vm/pulp_box/pulpissimo/ips/axi/axi/src/axi_cut.sv (2025-05-24 21:36:50)
75       /home/victor/pulp_shared_vm/pulp_box/pulpissimo/ips/axi/axi/src/axi_delayer.sv (2025-05-24 21:36:50)
76       /home/victor/pulp_shared_vm/pulp_box/pulpissimo/ips/axi/axi/src/axi_demux.sv (2025-05-24 21:36:50)
77       /home/victor/pulp_shared_vm/pulp_box/pulpissimo/ips/axi/axi/src/axi_dw_converter.sv (2025-05-24 21:36:50)
78       /home/victor/pulp_shared_vm/pulp_box/pulpissimo/ips/axi/axi/src/axi_dw_downsizer.sv (2025-05-24 21:36:50)
79       /home/victor/pulp_shared_vm/pulp_box/pulpissimo/ips/axi/axi/src/axi_dw_upsizer.sv (2025-05-24 21:36:50)
80       /home/victor/pulp_shared_vm/pulp_box/pulpissimo/ips/axi/axi/src/axi_err_slv.sv (2025-05-24 21:36:50)
81       /home/victor/pulp_shared_vm/pulp_box/pulpissimo/ips/axi/axi/src/axi_id_prepend.sv (2025-05-24 21:36:50)
82       /home/victor/pulp_shared_vm/pulp_box/pulpissimo/ips/axi/axi/src/axi_intf.sv (2025-05-24 21:36:50)
83       /home/victor/pulp_shared_vm/pulp_box/pulpissimo/ips/axi/axi/src/axi_isolate.sv (2025-05-24 21:36:50)
84       /home/victor/pulp_shared_vm/pulp_box/pulpissimo/ips/axi/axi/src/axi_join.sv (2025-05-24 21:36:50)
85       /home/victor/pulp_shared_vm/pulp_box/pulpissimo/ips/axi/axi/src/axi_lite_demux.sv (2025-05-24 21:36:50)
86       /home/victor/pulp_shared_vm/pulp_box/pulpissimo/ips/axi/axi/src/axi_lite_join.sv (2025-05-24 21:36:50)
87       /home/victor/pulp_shared_vm/pulp_box/pulpissimo/ips/axi/axi/src/axi_lite_mailbox.sv (2025-05-24 21:36:50)
88       /home/victor/pulp_shared_vm/pulp_box/pulpissimo/ips/axi/axi/src/axi_lite_mux.sv (2025-05-24 21:36:50)
89       /home/victor/pulp_shared_vm/pulp_box/pulpissimo/ips/axi/axi/src/axi_lite_regs.sv (2025-05-24 21:36:50)
90       /home/victor/pulp_shared_vm/pulp_box/pulpissimo/ips/axi/axi/src/axi_lite_to_apb.sv (2025-05-24 21:36:50)
91       /home/victor/pulp_shared_vm/pulp_box/pulpissimo/ips/axi/axi/src/axi_lite_to_axi.sv (2025-05-24 21:36:50)
92       /home/victor/pulp_shared_vm/pulp_box/pulpissimo/ips/axi/axi/src/axi_lite_xbar.sv (2025-05-24 21:36:50)
93       /home/victor/pulp_shared_vm/pulp_box/pulpissimo/ips/axi/axi/src/axi_modify_address.sv (2025-05-24 21:36:50)
94       /home/victor/pulp_shared_vm/pulp_box/pulpissimo/ips/axi/axi/src/axi_multicut.sv (2025-05-24 21:36:50)
95       /home/victor/pulp_shared_vm/pulp_box/pulpissimo/ips/axi/axi/src/axi_mux.sv (2025-05-24 21:36:50)
96       /home/victor/pulp_shared_vm/pulp_box/pulpissimo/ips/axi/axi/src/axi_pkg.sv (2025-05-24 21:36:50)
97       /home/victor/pulp_shared_vm/pulp_box/pulpissimo/ips/axi/axi/src/axi_serializer.sv (2025-05-24 21:36:50)
98       /home/victor/pulp_shared_vm/pulp_box/pulpissimo/ips/axi/axi/src/axi_to_axi_lite.sv (2025-05-24 21:36:50)
99       /home/victor/pulp_shared_vm/pulp_box/pulpissimo/ips/axi/axi/src/axi_xbar.sv (2025-05-24 21:36:50)
100      /home/victor/pulp_shared_vm/pulp_box/pulpissimo/ips/axi/axi_slice/src/axi_ar_buffer.sv (2025-05-24 21:36:50)
101      /home/victor/pulp_shared_vm/pulp_box/pulpissimo/ips/axi/axi_slice/src/axi_aw_buffer.sv (2025-05-24 21:36:50)
102      /home/victor/pulp_shared_vm/pulp_box/pulpissimo/ips/axi/axi_slice/src/axi_b_buffer.sv (2025-05-24 21:36:50)
103      /home/victor/pulp_shared_vm/pulp_box/pulpissimo/ips/axi/axi_slice/src/axi_r_buffer.sv (2025-05-24 21:36:50)
104      /home/victor/pulp_shared_vm/pulp_box/pulpissimo/ips/axi/axi_slice/src/axi_single_slice.sv (2025-05-24 21:36:50)
105      /home/victor/pulp_shared_vm/pulp_box/pulpissimo/ips/axi/axi_slice/src/axi_slice.sv (2025-05-24 21:36:50)
106      /home/victor/pulp_shared_vm/pulp_box/pulpissimo/ips/axi/axi_slice/src/axi_slice_wrap.sv (2025-05-24 21:36:50)
107      /home/victor/pulp_shared_vm/pulp_box/pulpissimo/ips/axi/axi_slice/src/axi_w_buffer.sv (2025-05-24 21:36:50)
108      /home/victor/pulp_shared_vm/pulp_box/pulpissimo/ips/axi/axi_slice_dc/src/axi_slice_dc_master.sv (2025-05-24 21:36:50)
109      /home/victor/pulp_shared_vm/pulp_box/pulpissimo/ips/axi/axi_slice_dc/src/axi_slice_dc_master_wrap.sv (2025-05-24 21:36:50)
110      /home/victor/pulp_shared_vm/pulp_box/pulpissimo/ips/axi/axi_slice_dc/src/axi_slice_dc_slave.sv (2025-05-24 21:36:50)
111      /home/victor/pulp_shared_vm/pulp_box/pulpissimo/ips/axi/axi_slice_dc/src/axi_slice_dc_slave_wrap.sv (2025-05-24 21:36:50)
112      /home/victor/pulp_shared_vm/pulp_box/pulpissimo/ips/axi/axi_slice_dc/src/dc_data_buffer.sv (2025-05-24 21:36:50)
113      /home/victor/pulp_shared_vm/pulp_box/pulpissimo/ips/axi/axi_slice_dc/src/dc_full_detector.v (2025-05-24 21:36:50)
114      /home/victor/pulp_shared_vm/pulp_box/pulpissimo/ips/axi/axi_slice_dc/src/dc_synchronizer.v (2025-05-24 21:36:50)
115      /home/victor/pulp_shared_vm/pulp_box/pulpissimo/ips/axi/axi_slice_dc/src/dc_token_ring.v (2025-05-24 21:36:50)
116      /home/victor/pulp_shared_vm/pulp_box/pulpissimo/ips/axi/axi_slice_dc/src/dc_token_ring_fifo_din.v (2025-05-24 21:36:50)
117      /home/victor/pulp_shared_vm/pulp_box/pulpissimo/ips/axi/axi_slice_dc/src/dc_token_ring_fifo_dout.v (2025-05-24 21:36:50)
118      /home/victor/pulp_shared_vm/pulp_box/pulpissimo/ips/cluster_interconnect/rtl/low_latency_interco/AddressDecoder_Req.sv (2025-05-24 21:36:49)
119      /home/victor/pulp_shared_vm/pulp_box/pulpissimo/ips/cluster_interconnect/rtl/low_latency_interco/AddressDecoder_Resp.sv (2025-05-24 21:36:49)
120      /home/victor/pulp_shared_vm/pulp_box/pulpissimo/ips/cluster_interconnect/rtl/low_latency_interco/ArbitrationTree.sv (2025-05-24 21:36:49)
121      /home/victor/pulp_shared_vm/pulp_box/pulpissimo/ips/cluster_interconnect/rtl/low_latency_interco/FanInPrimitive_Req.sv (2025-05-24 21:36:49)
122      /home/victor/pulp_shared_vm/pulp_box/pulpissimo/ips/cluster_interconnect/rtl/low_latency_interco/FanInPrimitive_Resp.sv (2025-05-24 21:36:49)
123      /home/victor/pulp_shared_vm/pulp_box/pulpissimo/ips/cluster_interconnect/rtl/low_latency_interco/MUX2_REQ.sv (2025-05-24 21:36:49)
124      /home/victor/pulp_shared_vm/pulp_box/pulpissimo/ips/cluster_interconnect/rtl/low_latency_interco/RequestBlock1CH.sv (2025-05-24 21:36:49)
125      /home/victor/pulp_shared_vm/pulp_box/pulpissimo/ips/cluster_interconnect/rtl/low_latency_interco/RequestBlock2CH.sv (2025-05-24 21:36:49)
126      /home/victor/pulp_shared_vm/pulp_box/pulpissimo/ips/cluster_interconnect/rtl/low_latency_interco/ResponseBlock.sv (2025-05-24 21:36:49)
127      /home/victor/pulp_shared_vm/pulp_box/pulpissimo/ips/cluster_interconnect/rtl/low_latency_interco/ResponseTree.sv (2025-05-24 21:36:49)
128      /home/victor/pulp_shared_vm/pulp_box/pulpissimo/ips/cluster_interconnect/rtl/low_latency_interco/TCDM_PIPE_REQ.sv (2025-05-24 21:36:49)
129      /home/victor/pulp_shared_vm/pulp_box/pulpissimo/ips/cluster_interconnect/rtl/low_latency_interco/TCDM_PIPE_RESP.sv (2025-05-24 21:36:49)
130      /home/victor/pulp_shared_vm/pulp_box/pulpissimo/ips/cluster_interconnect/rtl/low_latency_interco/TestAndSet.sv (2025-05-24 21:36:49)
131      /home/victor/pulp_shared_vm/pulp_box/pulpissimo/ips/cluster_interconnect/rtl/low_latency_interco/XBAR_TCDM.sv (2025-05-24 21:36:49)
132      /home/victor/pulp_shared_vm/pulp_box/pulpissimo/ips/cluster_interconnect/rtl/low_latency_interco/XBAR_TCDM_WRAPPER.sv (2025-05-24 21:36:49)
133      /home/victor/pulp_shared_vm/pulp_box/pulpissimo/ips/cluster_interconnect/rtl/low_latency_interco/grant_mask.sv (2025-05-24 21:36:49)
134      /home/victor/pulp_shared_vm/pulp_box/pulpissimo/ips/cluster_interconnect/rtl/low_latency_interco/parameters.v (2025-05-24 21:36:49)
135      /home/victor/pulp_shared_vm/pulp_box/pulpissimo/ips/cluster_interconnect/rtl/low_latency_interco/priority_Flag_Req.sv (2025-05-24 21:36:49)
136      /home/victor/pulp_shared_vm/pulp_box/pulpissimo/ips/cluster_interconnect/rtl/peripheral_interco/AddressDecoder_PE_Req.sv (2025-05-24 21:36:49)
137      /home/victor/pulp_shared_vm/pulp_box/pulpissimo/ips/cluster_interconnect/rtl/peripheral_interco/AddressDecoder_Resp_PE.sv (2025-05-24 21:36:49)
138      /home/victor/pulp_shared_vm/pulp_box/pulpissimo/ips/cluster_interconnect/rtl/peripheral_interco/ArbitrationTree_PE.sv (2025-05-24 21:36:49)
139      /home/victor/pulp_shared_vm/pulp_box/pulpissimo/ips/cluster_interconnect/rtl/peripheral_interco/FanInPrimitive_PE_Resp.sv (2025-05-24 21:36:49)
140      /home/victor/pulp_shared_vm/pulp_box/pulpissimo/ips/cluster_interconnect/rtl/peripheral_interco/FanInPrimitive_Req_PE.sv (2025-05-24 21:36:49)
141      /home/victor/pulp_shared_vm/pulp_box/pulpissimo/ips/cluster_interconnect/rtl/peripheral_interco/MUX2_REQ_PE.sv (2025-05-24 21:36:49)
142      /home/victor/pulp_shared_vm/pulp_box/pulpissimo/ips/cluster_interconnect/rtl/peripheral_interco/RR_Flag_Req_PE.sv (2025-05-24 21:36:49)
143      /home/victor/pulp_shared_vm/pulp_box/pulpissimo/ips/cluster_interconnect/rtl/peripheral_interco/RequestBlock1CH_PE.sv (2025-05-24 21:36:49)
144      /home/victor/pulp_shared_vm/pulp_box/pulpissimo/ips/cluster_interconnect/rtl/peripheral_interco/RequestBlock2CH_PE.sv (2025-05-24 21:36:49)
145      /home/victor/pulp_shared_vm/pulp_box/pulpissimo/ips/cluster_interconnect/rtl/peripheral_interco/ResponseBlock_PE.sv (2025-06-10 14:41:53)
146      /home/victor/pulp_shared_vm/pulp_box/pulpissimo/ips/cluster_interconnect/rtl/peripheral_interco/ResponseTree_PE.sv (2025-05-24 21:36:49)
147      /home/victor/pulp_shared_vm/pulp_box/pulpissimo/ips/cluster_interconnect/rtl/peripheral_interco/XBAR_PE.sv (2025-05-24 21:36:49)
148      /home/victor/pulp_shared_vm/pulp_box/pulpissimo/ips/cluster_interconnect/rtl/tcdm_interconnect/addr_dec_resp_mux.sv (2025-05-24 21:36:49)
149      /home/victor/pulp_shared_vm/pulp_box/pulpissimo/ips/cluster_interconnect/rtl/tcdm_interconnect/amo_shim.sv (2025-05-24 21:36:49)
150      /home/victor/pulp_shared_vm/pulp_box/pulpissimo/ips/cluster_interconnect/rtl/tcdm_interconnect/bfly_net.sv (2025-05-24 21:36:49)
151      /home/victor/pulp_shared_vm/pulp_box/pulpissimo/ips/cluster_interconnect/rtl/tcdm_interconnect/clos_net.sv (2025-05-24 21:36:49)
152      /home/victor/pulp_shared_vm/pulp_box/pulpissimo/ips/cluster_interconnect/rtl/tcdm_interconnect/tcdm_interconnect.sv (2025-05-24 21:36:49)
153      /home/victor/pulp_shared_vm/pulp_box/pulpissimo/ips/cluster_interconnect/rtl/tcdm_interconnect/tcdm_interconnect_pkg.sv (2025-05-24 21:36:49)
154      /home/victor/pulp_shared_vm/pulp_box/pulpissimo/ips/cluster_interconnect/rtl/tcdm_interconnect/xbar.sv (2025-05-24 21:36:49)
155      /home/victor/pulp_shared_vm/pulp_box/pulpissimo/ips/common_cells/include/common_cells/registers.svh (2025-05-24 21:36:49)
156      /home/victor/pulp_shared_vm/pulp_box/pulpissimo/ips/common_cells/src/addr_decode.sv (2025-05-24 21:36:49)
157      /home/victor/pulp_shared_vm/pulp_box/pulpissimo/ips/common_cells/src/binary_to_gray.sv (2025-05-24 21:36:49)
158      /home/victor/pulp_shared_vm/pulp_box/pulpissimo/ips/common_cells/src/cb_filter.sv (2025-05-24 21:36:49)
159      /home/victor/pulp_shared_vm/pulp_box/pulpissimo/ips/common_cells/src/cb_filter_pkg.sv (2025-05-24 21:36:49)
160      /home/victor/pulp_shared_vm/pulp_box/pulpissimo/ips/common_cells/src/cdc_2phase.sv (2025-05-24 21:36:49)
161      /home/victor/pulp_shared_vm/pulp_box/pulpissimo/ips/common_cells/src/cdc_fifo_2phase.sv (2025-05-24 21:36:49)
162      /home/victor/pulp_shared_vm/pulp_box/pulpissimo/ips/common_cells/src/cdc_fifo_gray.sv (2025-05-24 21:36:49)
163      /home/victor/pulp_shared_vm/pulp_box/pulpissimo/ips/common_cells/src/cf_math_pkg.sv (2025-05-24 21:36:49)
164      /home/victor/pulp_shared_vm/pulp_box/pulpissimo/ips/common_cells/src/clk_div.sv (2025-05-24 21:36:49)
165      /home/victor/pulp_shared_vm/pulp_box/pulpissimo/ips/common_cells/src/counter.sv (2025-05-24 21:36:49)
515      /home/victor/pulp_shared_vm/pulp_box/pulpissimo/ips/common_cells/src/delta_counter.sv (2025-06-27 10:41:28)
166      /home/victor/pulp_shared_vm/pulp_box/pulpissimo/ips/common_cells/src/deprecated/clock_divider.sv (2025-05-24 21:36:49)
167      /home/victor/pulp_shared_vm/pulp_box/pulpissimo/ips/common_cells/src/deprecated/clock_divider_counter.sv (2025-05-24 21:36:49)
168      /home/victor/pulp_shared_vm/pulp_box/pulpissimo/ips/common_cells/src/deprecated/fifo_v1.sv (2025-05-24 21:36:49)
169      /home/victor/pulp_shared_vm/pulp_box/pulpissimo/ips/common_cells/src/deprecated/fifo_v2.sv (2025-05-24 21:36:49)
170      /home/victor/pulp_shared_vm/pulp_box/pulpissimo/ips/common_cells/src/deprecated/find_first_one.sv (2025-05-24 21:36:49)
171      /home/victor/pulp_shared_vm/pulp_box/pulpissimo/ips/common_cells/src/deprecated/generic_LFSR_8bit.sv (2025-05-24 21:36:49)
172      /home/victor/pulp_shared_vm/pulp_box/pulpissimo/ips/common_cells/src/deprecated/generic_fifo.sv (2025-05-24 21:36:49)
173      /home/victor/pulp_shared_vm/pulp_box/pulpissimo/ips/common_cells/src/deprecated/generic_fifo_adv.sv (2025-05-24 21:36:49)
174      /home/victor/pulp_shared_vm/pulp_box/pulpissimo/ips/common_cells/src/deprecated/prioarbiter.sv (2025-05-24 21:36:49)
175      /home/victor/pulp_shared_vm/pulp_box/pulpissimo/ips/common_cells/src/deprecated/pulp_sync.sv (2025-05-24 21:36:49)
176      /home/victor/pulp_shared_vm/pulp_box/pulpissimo/ips/common_cells/src/deprecated/pulp_sync_wedge.sv (2025-05-24 21:36:49)
177      /home/victor/pulp_shared_vm/pulp_box/pulpissimo/ips/common_cells/src/deprecated/rrarbiter.sv (2025-05-24 21:36:49)
178      /home/victor/pulp_shared_vm/pulp_box/pulpissimo/ips/common_cells/src/ecc_decode.sv (2025-05-24 21:36:49)
179      /home/victor/pulp_shared_vm/pulp_box/pulpissimo/ips/common_cells/src/ecc_encode.sv (2025-05-24 21:36:49)
180      /home/victor/pulp_shared_vm/pulp_box/pulpissimo/ips/common_cells/src/ecc_pkg.sv (2025-05-24 21:36:49)
181      /home/victor/pulp_shared_vm/pulp_box/pulpissimo/ips/common_cells/src/edge_detect.sv (2025-05-24 21:36:49)
182      /home/victor/pulp_shared_vm/pulp_box/pulpissimo/ips/common_cells/src/edge_propagator.sv (2025-05-24 21:36:49)
183      /home/victor/pulp_shared_vm/pulp_box/pulpissimo/ips/common_cells/src/edge_propagator_rx.sv (2025-05-24 21:36:49)
184      /home/victor/pulp_shared_vm/pulp_box/pulpissimo/ips/common_cells/src/edge_propagator_tx.sv (2025-05-24 21:36:49)
185      /home/victor/pulp_shared_vm/pulp_box/pulpissimo/ips/common_cells/src/exp_backoff.sv (2025-05-24 21:36:49)
186      /home/victor/pulp_shared_vm/pulp_box/pulpissimo/ips/common_cells/src/fall_through_register.sv (2025-05-24 21:36:49)
187      /home/victor/pulp_shared_vm/pulp_box/pulpissimo/ips/common_cells/src/fifo_v3.sv (2025-05-24 21:36:49)
188      /home/victor/pulp_shared_vm/pulp_box/pulpissimo/ips/common_cells/src/gray_to_binary.sv (2025-05-24 21:36:49)
189      /home/victor/pulp_shared_vm/pulp_box/pulpissimo/ips/common_cells/src/id_queue.sv (2025-05-24 21:36:49)
190      /home/victor/pulp_shared_vm/pulp_box/pulpissimo/ips/common_cells/src/isochronous_spill_register.sv (2025-05-24 21:36:49)
191      /home/victor/pulp_shared_vm/pulp_box/pulpissimo/ips/common_cells/src/lfsr.sv (2025-05-24 21:36:49)
192      /home/victor/pulp_shared_vm/pulp_box/pulpissimo/ips/common_cells/src/lfsr_16bit.sv (2025-05-24 21:36:49)
193      /home/victor/pulp_shared_vm/pulp_box/pulpissimo/ips/common_cells/src/lfsr_8bit.sv (2025-05-24 21:36:49)
194      /home/victor/pulp_shared_vm/pulp_box/pulpissimo/ips/common_cells/src/lzc.sv (2025-05-24 21:36:49)
195      /home/victor/pulp_shared_vm/pulp_box/pulpissimo/ips/common_cells/src/max_counter.sv (2025-05-24 21:36:49)
196      /home/victor/pulp_shared_vm/pulp_box/pulpissimo/ips/common_cells/src/mv_filter.sv (2025-05-24 21:36:49)
197      /home/victor/pulp_shared_vm/pulp_box/pulpissimo/ips/common_cells/src/onehot_to_bin.sv (2025-05-24 21:36:49)
198      /home/victor/pulp_shared_vm/pulp_box/pulpissimo/ips/common_cells/src/plru_tree.sv (2025-05-24 21:36:49)
199      /home/victor/pulp_shared_vm/pulp_box/pulpissimo/ips/common_cells/src/popcount.sv (2025-05-24 21:36:49)
516      /home/victor/pulp_shared_vm/pulp_box/pulpissimo/ips/common_cells/src/rr_arb_tree.sv (2025-06-27 11:04:24)
200      /home/victor/pulp_shared_vm/pulp_box/pulpissimo/ips/common_cells/src/rstgen.sv (2025-05-24 21:36:49)
201      /home/victor/pulp_shared_vm/pulp_box/pulpissimo/ips/common_cells/src/rstgen_bypass.sv (2025-05-24 21:36:49)
202      /home/victor/pulp_shared_vm/pulp_box/pulpissimo/ips/common_cells/src/serial_deglitch.sv (2025-05-24 21:36:49)
203      /home/victor/pulp_shared_vm/pulp_box/pulpissimo/ips/common_cells/src/shift_reg.sv (2025-05-24 21:36:49)
204      /home/victor/pulp_shared_vm/pulp_box/pulpissimo/ips/common_cells/src/spill_register.sv (2025-05-24 21:36:49)
205      /home/victor/pulp_shared_vm/pulp_box/pulpissimo/ips/common_cells/src/stream_arbiter.sv (2025-05-24 21:36:49)
206      /home/victor/pulp_shared_vm/pulp_box/pulpissimo/ips/common_cells/src/stream_arbiter_flushable.sv (2025-05-24 21:36:49)
207      /home/victor/pulp_shared_vm/pulp_box/pulpissimo/ips/common_cells/src/stream_delay.sv (2025-05-24 21:36:49)
208      /home/victor/pulp_shared_vm/pulp_box/pulpissimo/ips/common_cells/src/stream_demux.sv (2025-05-24 21:36:49)
209      /home/victor/pulp_shared_vm/pulp_box/pulpissimo/ips/common_cells/src/stream_fifo.sv (2025-05-24 21:36:49)
210      /home/victor/pulp_shared_vm/pulp_box/pulpissimo/ips/common_cells/src/stream_filter.sv (2025-05-24 21:36:49)
211      /home/victor/pulp_shared_vm/pulp_box/pulpissimo/ips/common_cells/src/stream_fork.sv (2025-05-24 21:36:49)
212      /home/victor/pulp_shared_vm/pulp_box/pulpissimo/ips/common_cells/src/stream_fork_dynamic.sv (2025-05-24 21:36:49)
213      /home/victor/pulp_shared_vm/pulp_box/pulpissimo/ips/common_cells/src/stream_intf.sv (2025-05-24 21:36:49)
214      /home/victor/pulp_shared_vm/pulp_box/pulpissimo/ips/common_cells/src/stream_join.sv (2025-05-24 21:36:49)
215      /home/victor/pulp_shared_vm/pulp_box/pulpissimo/ips/common_cells/src/stream_mux.sv (2025-05-24 21:36:49)
517      /home/victor/pulp_shared_vm/pulp_box/pulpissimo/ips/common_cells/src/stream_omega_net.sv (2025-06-27 11:06:26)
216      /home/victor/pulp_shared_vm/pulp_box/pulpissimo/ips/common_cells/src/stream_register.sv (2025-05-24 21:36:49)
217      /home/victor/pulp_shared_vm/pulp_box/pulpissimo/ips/common_cells/src/stream_to_mem.sv (2025-05-24 21:36:49)
218      /home/victor/pulp_shared_vm/pulp_box/pulpissimo/ips/common_cells/src/stream_xbar.sv (2025-05-24 21:36:49)
219      /home/victor/pulp_shared_vm/pulp_box/pulpissimo/ips/common_cells/src/sub_per_hash.sv (2025-05-24 21:36:49)
220      /home/victor/pulp_shared_vm/pulp_box/pulpissimo/ips/common_cells/src/sync.sv (2025-05-24 21:36:49)
221      /home/victor/pulp_shared_vm/pulp_box/pulpissimo/ips/common_cells/src/sync_wedge.sv (2025-05-24 21:36:49)
222      /home/victor/pulp_shared_vm/pulp_box/pulpissimo/ips/common_cells/src/unread.sv (2025-05-24 21:36:49)
223      /home/victor/pulp_shared_vm/pulp_box/pulpissimo/ips/fpnew/src/fpnew_cast_multi.sv (2025-05-24 21:36:50)
224      /home/victor/pulp_shared_vm/pulp_box/pulpissimo/ips/fpnew/src/fpnew_classifier.sv (2025-05-24 21:36:50)
225      /home/victor/pulp_shared_vm/pulp_box/pulpissimo/ips/fpnew/src/fpnew_divsqrt_multi.sv (2025-05-24 21:36:50)
518      /home/victor/pulp_shared_vm/pulp_box/pulpissimo/ips/fpnew/src/fpnew_fma.sv (2025-06-27 11:11:45)
226      /home/victor/pulp_shared_vm/pulp_box/pulpissimo/ips/fpnew/src/fpnew_fma_multi.sv (2025-05-24 21:36:50)
227      /home/victor/pulp_shared_vm/pulp_box/pulpissimo/ips/fpnew/src/fpnew_noncomp.sv (2025-05-24 21:36:50)
228      /home/victor/pulp_shared_vm/pulp_box/pulpissimo/ips/fpnew/src/fpnew_opgroup_block.sv (2025-05-24 21:36:50)
229      /home/victor/pulp_shared_vm/pulp_box/pulpissimo/ips/fpnew/src/fpnew_opgroup_fmt_slice.sv (2025-05-24 21:36:50)
519      /home/victor/pulp_shared_vm/pulp_box/pulpissimo/ips/fpnew/src/fpnew_opgroup_multifmt_slice.sv (2025-06-27 11:13:01)
230      /home/victor/pulp_shared_vm/pulp_box/pulpissimo/ips/fpnew/src/fpnew_pkg.sv (2025-05-24 21:36:50)
231      /home/victor/pulp_shared_vm/pulp_box/pulpissimo/ips/fpnew/src/fpnew_rounding.sv (2025-05-24 21:36:50)
232      /home/victor/pulp_shared_vm/pulp_box/pulpissimo/ips/fpnew/src/fpnew_top.sv (2025-05-24 21:36:50)
233      /home/victor/pulp_shared_vm/pulp_box/pulpissimo/ips/fpu_div_sqrt_mvp/hdl/control_mvp.sv (2025-05-24 21:36:50)
234      /home/victor/pulp_shared_vm/pulp_box/pulpissimo/ips/fpu_div_sqrt_mvp/hdl/defs_div_sqrt_mvp.sv (2025-05-24 21:36:50)
235      /home/victor/pulp_shared_vm/pulp_box/pulpissimo/ips/fpu_div_sqrt_mvp/hdl/div_sqrt_mvp_wrapper.sv (2025-05-24 21:36:50)
236      /home/victor/pulp_shared_vm/pulp_box/pulpissimo/ips/fpu_div_sqrt_mvp/hdl/div_sqrt_top_mvp.sv (2025-05-24 21:36:50)
237      /home/victor/pulp_shared_vm/pulp_box/pulpissimo/ips/fpu_div_sqrt_mvp/hdl/iteration_div_sqrt_mvp.sv (2025-05-24 21:36:50)
238      /home/victor/pulp_shared_vm/pulp_box/pulpissimo/ips/fpu_div_sqrt_mvp/hdl/norm_div_sqrt_mvp.sv (2025-05-24 21:36:50)
239      /home/victor/pulp_shared_vm/pulp_box/pulpissimo/ips/fpu_div_sqrt_mvp/hdl/nrbd_nrsc_mvp.sv (2025-05-24 21:36:50)
240      /home/victor/pulp_shared_vm/pulp_box/pulpissimo/ips/fpu_div_sqrt_mvp/hdl/preprocess_mvp.sv (2025-05-24 21:36:50)
241      /home/victor/pulp_shared_vm/pulp_box/pulpissimo/ips/hwpe-ctrl/rtl/hwpe_ctrl_interfaces.sv (2025-05-24 21:36:50)
242      /home/victor/pulp_shared_vm/pulp_box/pulpissimo/ips/hwpe-ctrl/rtl/hwpe_ctrl_package.sv (2025-05-24 21:36:50)
243      /home/victor/pulp_shared_vm/pulp_box/pulpissimo/ips/hwpe-ctrl/rtl/hwpe_ctrl_regfile.sv (2025-05-24 21:36:50)
244      /home/victor/pulp_shared_vm/pulp_box/pulpissimo/ips/hwpe-ctrl/rtl/hwpe_ctrl_regfile_latch.sv (2025-05-24 21:36:50)
245      /home/victor/pulp_shared_vm/pulp_box/pulpissimo/ips/hwpe-ctrl/rtl/hwpe_ctrl_seq_mult.sv (2025-05-24 21:36:50)
246      /home/victor/pulp_shared_vm/pulp_box/pulpissimo/ips/hwpe-ctrl/rtl/hwpe_ctrl_slave.sv (2025-05-24 21:36:50)
247      /home/victor/pulp_shared_vm/pulp_box/pulpissimo/ips/hwpe-ctrl/rtl/hwpe_ctrl_ucode.sv (2025-05-24 21:36:50)
248      /home/victor/pulp_shared_vm/pulp_box/pulpissimo/ips/hwpe-mac-engine/rtl/mac_ctrl.sv (2025-05-24 21:36:51)
249      /home/victor/pulp_shared_vm/pulp_box/pulpissimo/ips/hwpe-mac-engine/rtl/mac_engine.sv (2025-05-24 21:36:51)
250      /home/victor/pulp_shared_vm/pulp_box/pulpissimo/ips/hwpe-mac-engine/rtl/mac_fsm.sv (2025-05-24 21:36:51)
251      /home/victor/pulp_shared_vm/pulp_box/pulpissimo/ips/hwpe-mac-engine/rtl/mac_package.sv (2025-05-24 21:36:51)
252      /home/victor/pulp_shared_vm/pulp_box/pulpissimo/ips/hwpe-mac-engine/rtl/mac_streamer.sv (2025-05-24 21:36:51)
253      /home/victor/pulp_shared_vm/pulp_box/pulpissimo/ips/hwpe-mac-engine/rtl/mac_top.sv (2025-05-24 21:36:51)
254      /home/victor/pulp_shared_vm/pulp_box/pulpissimo/ips/hwpe-mac-engine/wrap/mac_top_wrap.sv (2025-05-24 21:36:51)
255      /home/victor/pulp_shared_vm/pulp_box/pulpissimo/ips/hwpe-stream/rtl/hwpe_stream_addressgen.sv (2025-05-24 21:36:51)
256      /home/victor/pulp_shared_vm/pulp_box/pulpissimo/ips/hwpe-stream/rtl/hwpe_stream_buffer.sv (2025-05-24 21:36:51)
257      /home/victor/pulp_shared_vm/pulp_box/pulpissimo/ips/hwpe-stream/rtl/hwpe_stream_demux_static.sv (2025-05-24 21:36:51)
258      /home/victor/pulp_shared_vm/pulp_box/pulpissimo/ips/hwpe-stream/rtl/hwpe_stream_fence.sv (2025-05-24 21:36:51)
259      /home/victor/pulp_shared_vm/pulp_box/pulpissimo/ips/hwpe-stream/rtl/hwpe_stream_fifo.sv (2025-05-24 21:36:51)
260      /home/victor/pulp_shared_vm/pulp_box/pulpissimo/ips/hwpe-stream/rtl/hwpe_stream_fifo_earlystall.sv (2025-05-24 21:36:51)
261      /home/victor/pulp_shared_vm/pulp_box/pulpissimo/ips/hwpe-stream/rtl/hwpe_stream_fifo_earlystall_sidech.sv (2025-05-24 21:36:51)
262      /home/victor/pulp_shared_vm/pulp_box/pulpissimo/ips/hwpe-stream/rtl/hwpe_stream_fifo_scm.sv (2025-05-24 21:36:51)
263      /home/victor/pulp_shared_vm/pulp_box/pulpissimo/ips/hwpe-stream/rtl/hwpe_stream_fifo_sidech.sv (2025-05-24 21:36:51)
264      /home/victor/pulp_shared_vm/pulp_box/pulpissimo/ips/hwpe-stream/rtl/hwpe_stream_interfaces.sv (2025-05-24 21:36:51)
265      /home/victor/pulp_shared_vm/pulp_box/pulpissimo/ips/hwpe-stream/rtl/hwpe_stream_merge.sv (2025-05-24 21:36:51)
266      /home/victor/pulp_shared_vm/pulp_box/pulpissimo/ips/hwpe-stream/rtl/hwpe_stream_mux_static.sv (2025-05-24 21:36:51)
267      /home/victor/pulp_shared_vm/pulp_box/pulpissimo/ips/hwpe-stream/rtl/hwpe_stream_package.sv (2025-05-24 21:36:51)
268      /home/victor/pulp_shared_vm/pulp_box/pulpissimo/ips/hwpe-stream/rtl/hwpe_stream_sink.sv (2025-05-24 21:36:51)
269      /home/victor/pulp_shared_vm/pulp_box/pulpissimo/ips/hwpe-stream/rtl/hwpe_stream_sink_realign.sv (2025-05-24 21:36:51)
270      /home/victor/pulp_shared_vm/pulp_box/pulpissimo/ips/hwpe-stream/rtl/hwpe_stream_source.sv (2025-05-24 21:36:51)
271      /home/victor/pulp_shared_vm/pulp_box/pulpissimo/ips/hwpe-stream/rtl/hwpe_stream_source_realign.sv (2025-05-24 21:36:51)
272      /home/victor/pulp_shared_vm/pulp_box/pulpissimo/ips/hwpe-stream/rtl/hwpe_stream_split.sv (2025-05-24 21:36:51)
273      /home/victor/pulp_shared_vm/pulp_box/pulpissimo/ips/hwpe-stream/rtl/hwpe_stream_tcdm_fifo_load.sv (2025-05-24 21:36:51)
274      /home/victor/pulp_shared_vm/pulp_box/pulpissimo/ips/hwpe-stream/rtl/hwpe_stream_tcdm_fifo_load_sidech.sv (2025-05-24 21:36:51)
275      /home/victor/pulp_shared_vm/pulp_box/pulpissimo/ips/hwpe-stream/rtl/hwpe_stream_tcdm_fifo_store.sv (2025-05-24 21:36:51)
276      /home/victor/pulp_shared_vm/pulp_box/pulpissimo/ips/hwpe-stream/rtl/hwpe_stream_tcdm_mux.sv (2025-05-24 21:36:51)
277      /home/victor/pulp_shared_vm/pulp_box/pulpissimo/ips/hwpe-stream/rtl/hwpe_stream_tcdm_mux_static.sv (2025-05-24 21:36:51)
278      /home/victor/pulp_shared_vm/pulp_box/pulpissimo/ips/hwpe-stream/rtl/hwpe_stream_tcdm_reorder.sv (2025-05-24 21:36:51)
279      /home/victor/pulp_shared_vm/pulp_box/pulpissimo/ips/hwpe-stream/rtl/hwpe_stream_tcdm_reorder_static.sv (2025-05-24 21:36:51)
280      /home/victor/pulp_shared_vm/pulp_box/pulpissimo/ips/ibex/rtl/ibex_alu.sv (2025-05-24 21:36:50)
281      /home/victor/pulp_shared_vm/pulp_box/pulpissimo/ips/ibex/rtl/ibex_compressed_decoder.sv (2025-05-24 21:36:50)
282      /home/victor/pulp_shared_vm/pulp_box/pulpissimo/ips/ibex/rtl/ibex_controller.sv (2025-05-24 21:36:50)
283      /home/victor/pulp_shared_vm/pulp_box/pulpissimo/ips/ibex/rtl/ibex_core.sv (2025-05-24 21:36:50)
284      /home/victor/pulp_shared_vm/pulp_box/pulpissimo/ips/ibex/rtl/ibex_counters.sv (2025-05-24 21:36:50)
285      /home/victor/pulp_shared_vm/pulp_box/pulpissimo/ips/ibex/rtl/ibex_cs_registers.sv (2025-05-24 21:36:50)
286      /home/victor/pulp_shared_vm/pulp_box/pulpissimo/ips/ibex/rtl/ibex_decoder.sv (2025-05-24 21:36:50)
287      /home/victor/pulp_shared_vm/pulp_box/pulpissimo/ips/ibex/rtl/ibex_ex_block.sv (2025-05-24 21:36:50)
288      /home/victor/pulp_shared_vm/pulp_box/pulpissimo/ips/ibex/rtl/ibex_fetch_fifo.sv (2025-05-24 21:36:50)
289      /home/victor/pulp_shared_vm/pulp_box/pulpissimo/ips/ibex/rtl/ibex_id_stage.sv (2025-05-24 21:36:50)
290      /home/victor/pulp_shared_vm/pulp_box/pulpissimo/ips/ibex/rtl/ibex_if_stage.sv (2025-05-24 21:36:50)
291      /home/victor/pulp_shared_vm/pulp_box/pulpissimo/ips/ibex/rtl/ibex_load_store_unit.sv (2025-05-24 21:36:50)
292      /home/victor/pulp_shared_vm/pulp_box/pulpissimo/ips/ibex/rtl/ibex_multdiv_fast.sv (2025-05-24 21:36:50)
293      /home/victor/pulp_shared_vm/pulp_box/pulpissimo/ips/ibex/rtl/ibex_multdiv_slow.sv (2025-05-24 21:36:50)
294      /home/victor/pulp_shared_vm/pulp_box/pulpissimo/ips/ibex/rtl/ibex_pkg.sv (2025-05-24 21:36:50)
295      /home/victor/pulp_shared_vm/pulp_box/pulpissimo/ips/ibex/rtl/ibex_pmp.sv (2025-05-24 21:36:50)
296      /home/victor/pulp_shared_vm/pulp_box/pulpissimo/ips/ibex/rtl/ibex_prefetch_buffer.sv (2025-05-24 21:36:50)
297      /home/victor/pulp_shared_vm/pulp_box/pulpissimo/ips/ibex/rtl/ibex_register_file_fpga.sv (2025-05-24 21:36:50)
298      /home/victor/pulp_shared_vm/pulp_box/pulpissimo/ips/ibex/rtl/ibex_wb_stage.sv (2025-05-24 21:36:50)
299      /home/victor/pulp_shared_vm/pulp_box/pulpissimo/ips/ibex/shared/rtl/prim_assert.sv (2025-05-24 21:36:50)
300      /home/victor/pulp_shared_vm/pulp_box/pulpissimo/ips/jtag_pulp/src/bscell.sv (2025-05-24 21:36:50)
301      /home/victor/pulp_shared_vm/pulp_box/pulpissimo/ips/jtag_pulp/src/jtag_axi_wrap.sv (2025-05-24 21:36:50)
302      /home/victor/pulp_shared_vm/pulp_box/pulpissimo/ips/jtag_pulp/src/jtag_enable.sv (2025-05-24 21:36:50)
303      /home/victor/pulp_shared_vm/pulp_box/pulpissimo/ips/jtag_pulp/src/jtag_enable_synch.sv (2025-05-24 21:36:50)
304      /home/victor/pulp_shared_vm/pulp_box/pulpissimo/ips/jtag_pulp/src/jtag_rst_synch.sv (2025-05-24 21:36:50)
305      /home/victor/pulp_shared_vm/pulp_box/pulpissimo/ips/jtag_pulp/src/jtag_sync.sv (2025-05-24 21:36:50)
306      /home/victor/pulp_shared_vm/pulp_box/pulpissimo/ips/jtag_pulp/src/jtagreg.sv (2025-05-24 21:36:50)
307      /home/victor/pulp_shared_vm/pulp_box/pulpissimo/ips/jtag_pulp/src/tap_top.v (2025-05-24 21:36:50)
308      /home/victor/pulp_shared_vm/pulp_box/pulpissimo/ips/pulp_soc/rtl/components/apb_clkdiv.sv (2025-05-24 21:36:50)
309      /home/victor/pulp_shared_vm/pulp_box/pulpissimo/ips/pulp_soc/rtl/components/apb_soc_ctrl.sv (2025-05-24 21:36:50)
310      /home/victor/pulp_shared_vm/pulp_box/pulpissimo/ips/pulp_soc/rtl/components/apb_timer_unit.sv (2025-05-24 21:36:50)
311      /home/victor/pulp_shared_vm/pulp_box/pulpissimo/ips/pulp_soc/rtl/components/glitch_free_clk_mux.sv (2025-05-24 21:36:50)
312      /home/victor/pulp_shared_vm/pulp_box/pulpissimo/ips/pulp_soc/rtl/components/memory_models.sv (2025-05-24 21:36:50)
313      /home/victor/pulp_shared_vm/pulp_box/pulpissimo/ips/pulp_soc/rtl/components/pulp_interfaces.sv (2025-05-24 21:36:50)
314      /home/victor/pulp_shared_vm/pulp_box/pulpissimo/ips/pulp_soc/rtl/components/scm_2048x32.sv (2025-05-24 21:36:50)
315      /home/victor/pulp_shared_vm/pulp_box/pulpissimo/ips/pulp_soc/rtl/components/scm_512x32.sv (2025-05-24 21:36:50)
316      /home/victor/pulp_shared_vm/pulp_box/pulpissimo/ips/pulp_soc/rtl/components/tcdm_arbiter_2x1.sv (2025-05-24 21:36:50)
317      /home/victor/pulp_shared_vm/pulp_box/pulpissimo/ips/pulp_soc/rtl/fc/fc_demux.sv (2025-05-24 21:36:50)
318      /home/victor/pulp_shared_vm/pulp_box/pulpissimo/ips/pulp_soc/rtl/fc/fc_hwpe.sv (2025-05-24 21:36:50)
319      /home/victor/pulp_shared_vm/pulp_box/pulpissimo/ips/pulp_soc/rtl/fc/fc_subsystem.sv (2025-05-24 21:36:50)
320      /home/victor/pulp_shared_vm/pulp_box/pulpissimo/ips/pulp_soc/rtl/include/tcdm_macros.svh (2025-06-27 12:06:36)
321      /home/victor/pulp_shared_vm/pulp_box/pulpissimo/ips/pulp_soc/rtl/pulp_soc/axi64_2_lint32_wrap.sv (2025-05-24 21:36:50)
322      /home/victor/pulp_shared_vm/pulp_box/pulpissimo/ips/pulp_soc/rtl/pulp_soc/boot_rom.sv (2025-05-24 21:36:50)
323      /home/victor/pulp_shared_vm/pulp_box/pulpissimo/ips/pulp_soc/rtl/pulp_soc/contiguous_crossbar.sv (2025-05-24 21:36:50)
324      /home/victor/pulp_shared_vm/pulp_box/pulpissimo/ips/pulp_soc/rtl/pulp_soc/interleaved_crossbar.sv (2025-05-24 21:36:50)
325      /home/victor/pulp_shared_vm/pulp_box/pulpissimo/ips/pulp_soc/rtl/pulp_soc/l2_ram_multi_bank.sv (2025-05-24 21:36:50)
326      /home/victor/pulp_shared_vm/pulp_box/pulpissimo/ips/pulp_soc/rtl/pulp_soc/lint_2_axi_wrap.sv (2025-05-24 21:36:50)
327      /home/victor/pulp_shared_vm/pulp_box/pulpissimo/ips/pulp_soc/rtl/pulp_soc/lint_jtag_wrap.sv (2025-05-24 21:36:50)
328      /home/victor/pulp_shared_vm/pulp_box/pulpissimo/ips/pulp_soc/rtl/pulp_soc/periph_bus_wrap.sv (2025-05-24 21:36:50)
329      /home/victor/pulp_shared_vm/pulp_box/pulpissimo/ips/pulp_soc/rtl/pulp_soc/pkg_soc_interconnect.sv (2025-05-24 21:36:50)
330      /home/victor/pulp_shared_vm/pulp_box/pulpissimo/ips/pulp_soc/rtl/pulp_soc/pulp_soc.sv (2025-06-27 12:36:01)
331      /home/victor/pulp_shared_vm/pulp_box/pulpissimo/ips/pulp_soc/rtl/pulp_soc/soc_clk_rst_gen.sv (2025-06-27 11:45:12)
332      /home/victor/pulp_shared_vm/pulp_box/pulpissimo/ips/pulp_soc/rtl/pulp_soc/soc_event_arbiter.sv (2025-05-24 21:36:50)
333      /home/victor/pulp_shared_vm/pulp_box/pulpissimo/ips/pulp_soc/rtl/pulp_soc/soc_event_generator.sv (2025-05-24 21:36:50)
334      /home/victor/pulp_shared_vm/pulp_box/pulpissimo/ips/pulp_soc/rtl/pulp_soc/soc_event_queue.sv (2025-05-24 21:36:50)
335      /home/victor/pulp_shared_vm/pulp_box/pulpissimo/ips/pulp_soc/rtl/pulp_soc/soc_interconnect.sv (2025-06-27 12:12:45)
336      /home/victor/pulp_shared_vm/pulp_box/pulpissimo/ips/pulp_soc/rtl/pulp_soc/soc_interconnect_wrap.sv (2025-05-24 21:36:50)
337      /home/victor/pulp_shared_vm/pulp_box/pulpissimo/ips/pulp_soc/rtl/pulp_soc/soc_peripherals.sv (2025-06-10 17:37:35)
338      /home/victor/pulp_shared_vm/pulp_box/pulpissimo/ips/pulp_soc/rtl/pulp_soc/tcdm_demux.sv (2025-05-24 21:36:50)
339      /home/victor/pulp_shared_vm/pulp_box/pulpissimo/ips/pulp_soc/rtl/pulp_soc/tcdm_error_slave.sv (2025-05-24 21:36:50)
340      /home/victor/pulp_shared_vm/pulp_box/pulpissimo/ips/pulp_soc/rtl/udma_subsystem/udma_subsystem.sv (2025-05-24 21:36:50)
341      /home/victor/pulp_shared_vm/pulp_box/pulpissimo/ips/register_interface/include/register_interface/assign.svh (2025-05-24 21:36:51)
342      /home/victor/pulp_shared_vm/pulp_box/pulpissimo/ips/register_interface/include/register_interface/typedef.svh (2025-05-24 21:36:51)
343      /home/victor/pulp_shared_vm/pulp_box/pulpissimo/ips/register_interface/src/apb_to_reg.sv (2025-05-24 21:36:51)
344      /home/victor/pulp_shared_vm/pulp_box/pulpissimo/ips/register_interface/src/axi_lite_to_reg.sv (2025-05-24 21:36:51)
345      /home/victor/pulp_shared_vm/pulp_box/pulpissimo/ips/register_interface/src/axi_to_reg.sv (2025-05-24 21:36:51)
346      /home/victor/pulp_shared_vm/pulp_box/pulpissimo/ips/register_interface/src/reg_cdc.sv (2025-05-24 21:36:51)
347      /home/victor/pulp_shared_vm/pulp_box/pulpissimo/ips/register_interface/src/reg_demux.sv (2025-05-24 21:36:51)
348      /home/victor/pulp_shared_vm/pulp_box/pulpissimo/ips/register_interface/src/reg_intf.sv (2025-05-24 21:36:51)
349      /home/victor/pulp_shared_vm/pulp_box/pulpissimo/ips/register_interface/src/reg_intf_pkg.sv (2025-05-24 21:36:51)
350      /home/victor/pulp_shared_vm/pulp_box/pulpissimo/ips/register_interface/src/reg_mux.sv (2025-05-24 21:36:51)
351      /home/victor/pulp_shared_vm/pulp_box/pulpissimo/ips/register_interface/src/reg_to_mem.sv (2025-05-24 21:36:51)
352      /home/victor/pulp_shared_vm/pulp_box/pulpissimo/ips/register_interface/src/reg_uniform.sv (2025-05-24 21:36:51)
353      /home/victor/pulp_shared_vm/pulp_box/pulpissimo/ips/register_interface/vendor/lowrisc_opentitan/src/prim_subreg.sv (2025-05-24 21:36:51)
354      /home/victor/pulp_shared_vm/pulp_box/pulpissimo/ips/register_interface/vendor/lowrisc_opentitan/src/prim_subreg_arb.sv (2025-05-24 21:36:51)
355      /home/victor/pulp_shared_vm/pulp_box/pulpissimo/ips/register_interface/vendor/lowrisc_opentitan/src/prim_subreg_ext.sv (2025-05-24 21:36:51)
356      /home/victor/pulp_shared_vm/pulp_box/pulpissimo/ips/register_interface/vendor/lowrisc_opentitan/src/prim_subreg_shadow.sv (2025-05-24 21:36:51)
357      /home/victor/pulp_shared_vm/pulp_box/pulpissimo/ips/riscv-dbg/debug_rom/debug_rom.sv (2025-05-24 21:36:51)
358      /home/victor/pulp_shared_vm/pulp_box/pulpissimo/ips/riscv-dbg/src/dm_csrs.sv (2025-05-24 21:36:51)
359      /home/victor/pulp_shared_vm/pulp_box/pulpissimo/ips/riscv-dbg/src/dm_mem.sv (2025-05-24 21:36:51)
360      /home/victor/pulp_shared_vm/pulp_box/pulpissimo/ips/riscv-dbg/src/dm_pkg.sv (2025-05-24 21:36:51)
361      /home/victor/pulp_shared_vm/pulp_box/pulpissimo/ips/riscv-dbg/src/dm_sba.sv (2025-05-24 21:36:51)
362      /home/victor/pulp_shared_vm/pulp_box/pulpissimo/ips/riscv-dbg/src/dm_top.sv (2025-05-24 21:36:51)
363      /home/victor/pulp_shared_vm/pulp_box/pulpissimo/ips/riscv-dbg/src/dmi_cdc.sv (2025-05-24 21:36:51)
364      /home/victor/pulp_shared_vm/pulp_box/pulpissimo/ips/riscv-dbg/src/dmi_jtag.sv (2025-05-24 21:36:51)
365      /home/victor/pulp_shared_vm/pulp_box/pulpissimo/ips/riscv-dbg/src/dmi_jtag_tap.sv (2025-05-24 21:36:51)
366      /home/victor/pulp_shared_vm/pulp_box/pulpissimo/ips/riscv/./rtl/include/apu_core_package.sv (2025-05-24 21:36:50)
367      /home/victor/pulp_shared_vm/pulp_box/pulpissimo/ips/riscv/./rtl/include/apu_macros.sv (2025-05-24 21:36:50)
368      /home/victor/pulp_shared_vm/pulp_box/pulpissimo/ips/riscv/./rtl/include/riscv_config.sv (2025-05-24 21:36:50)
369      /home/victor/pulp_shared_vm/pulp_box/pulpissimo/ips/riscv/./rtl/include/riscv_defines.sv (2025-05-24 21:36:50)
370      /home/victor/pulp_shared_vm/pulp_box/pulpissimo/ips/riscv/./rtl/include/riscv_tracer_defines.sv (2025-05-24 21:36:50)
371      /home/victor/pulp_shared_vm/pulp_box/pulpissimo/ips/riscv/./rtl/register_file_test_wrap.sv (2025-05-24 21:36:50)
372      /home/victor/pulp_shared_vm/pulp_box/pulpissimo/ips/riscv/./rtl/riscv_L0_buffer.sv (2025-05-24 21:36:50)
373      /home/victor/pulp_shared_vm/pulp_box/pulpissimo/ips/riscv/./rtl/riscv_alu.sv (2025-05-24 21:36:50)
374      /home/victor/pulp_shared_vm/pulp_box/pulpissimo/ips/riscv/./rtl/riscv_alu_basic.sv (2025-05-24 21:36:50)
375      /home/victor/pulp_shared_vm/pulp_box/pulpissimo/ips/riscv/./rtl/riscv_alu_div.sv (2025-05-24 21:36:50)
376      /home/victor/pulp_shared_vm/pulp_box/pulpissimo/ips/riscv/./rtl/riscv_apu_disp.sv (2025-05-24 21:36:50)
377      /home/victor/pulp_shared_vm/pulp_box/pulpissimo/ips/riscv/./rtl/riscv_compressed_decoder.sv (2025-05-24 21:36:50)
378      /home/victor/pulp_shared_vm/pulp_box/pulpissimo/ips/riscv/./rtl/riscv_controller.sv (2025-05-24 21:36:50)
379      /home/victor/pulp_shared_vm/pulp_box/pulpissimo/ips/riscv/./rtl/riscv_core.sv (2025-05-24 21:36:50)
380      /home/victor/pulp_shared_vm/pulp_box/pulpissimo/ips/riscv/./rtl/riscv_cs_registers.sv (2025-05-24 21:36:50)
381      /home/victor/pulp_shared_vm/pulp_box/pulpissimo/ips/riscv/./rtl/riscv_decoder.sv (2025-05-24 21:36:50)
383      /home/victor/pulp_shared_vm/pulp_box/pulpissimo/ips/riscv/./rtl/riscv_fetch_fifo.sv (2025-05-24 21:36:50)
384      /home/victor/pulp_shared_vm/pulp_box/pulpissimo/ips/riscv/./rtl/riscv_hwloop_controller.sv (2025-05-24 21:36:50)
385      /home/victor/pulp_shared_vm/pulp_box/pulpissimo/ips/riscv/./rtl/riscv_hwloop_regs.sv (2025-05-24 21:36:50)
386      /home/victor/pulp_shared_vm/pulp_box/pulpissimo/ips/riscv/./rtl/riscv_id_stage.sv (2025-05-24 21:36:50)
387      /home/victor/pulp_shared_vm/pulp_box/pulpissimo/ips/riscv/./rtl/riscv_if_stage.sv (2025-05-24 21:36:50)
388      /home/victor/pulp_shared_vm/pulp_box/pulpissimo/ips/riscv/./rtl/riscv_int_controller.sv (2025-05-24 21:36:50)
389      /home/victor/pulp_shared_vm/pulp_box/pulpissimo/ips/riscv/./rtl/riscv_load_store_unit.sv (2025-05-24 21:36:50)
390      /home/victor/pulp_shared_vm/pulp_box/pulpissimo/ips/riscv/./rtl/riscv_mult.sv (2025-05-24 21:36:50)
391      /home/victor/pulp_shared_vm/pulp_box/pulpissimo/ips/riscv/./rtl/riscv_pmp.sv (2025-05-24 21:36:50)
392      /home/victor/pulp_shared_vm/pulp_box/pulpissimo/ips/riscv/./rtl/riscv_prefetch_L0_buffer.sv (2025-05-24 21:36:50)
393      /home/victor/pulp_shared_vm/pulp_box/pulpissimo/ips/riscv/./rtl/riscv_prefetch_buffer.sv (2025-05-24 21:36:50)
394      /home/victor/pulp_shared_vm/pulp_box/pulpissimo/ips/riscv/./rtl/riscv_register_file.sv (2025-05-24 21:36:50)
520      /home/victor/pulp_shared_vm/pulp_box/pulpissimo/ips/riscv/rtl/riscv_ex_stage.sv (2025-05-24 21:36:50)
395      /home/victor/pulp_shared_vm/pulp_box/pulpissimo/ips/scm/fpga_scm/register_file_1r_1w.sv (2025-05-24 21:36:50)
396      /home/victor/pulp_shared_vm/pulp_box/pulpissimo/ips/scm/fpga_scm/register_file_1r_1w_1row.sv (2025-05-24 21:36:50)
397      /home/victor/pulp_shared_vm/pulp_box/pulpissimo/ips/scm/fpga_scm/register_file_1r_1w_all.sv (2025-05-24 21:36:50)
398      /home/victor/pulp_shared_vm/pulp_box/pulpissimo/ips/scm/fpga_scm/register_file_1r_1w_be.sv (2025-05-24 21:36:50)
399      /home/victor/pulp_shared_vm/pulp_box/pulpissimo/ips/scm/fpga_scm/register_file_1r_1w_raw.sv (2025-05-24 21:36:50)
400      /home/victor/pulp_shared_vm/pulp_box/pulpissimo/ips/scm/fpga_scm/register_file_1w_64b_1r_32b.sv (2025-05-24 21:36:50)
401      /home/victor/pulp_shared_vm/pulp_box/pulpissimo/ips/scm/fpga_scm/register_file_1w_64b_multi_port_read_32b.sv (2025-05-24 21:36:50)
402      /home/victor/pulp_shared_vm/pulp_box/pulpissimo/ips/scm/fpga_scm/register_file_1w_multi_port_read.sv (2025-05-24 21:36:50)
403      /home/victor/pulp_shared_vm/pulp_box/pulpissimo/ips/scm/fpga_scm/register_file_2r_1w_asymm.sv (2025-05-24 21:36:50)
404      /home/victor/pulp_shared_vm/pulp_box/pulpissimo/ips/scm/fpga_scm/register_file_2r_1w_asymm_test_wrap.sv (2025-05-24 21:36:50)
405      /home/victor/pulp_shared_vm/pulp_box/pulpissimo/ips/scm/fpga_scm/register_file_2r_2w.sv (2025-05-24 21:36:50)
406      /home/victor/pulp_shared_vm/pulp_box/pulpissimo/ips/scm/fpga_scm/register_file_3r_2w.sv (2025-05-24 21:36:50)
407      /home/victor/pulp_shared_vm/pulp_box/pulpissimo/ips/scm/fpga_scm/register_file_3r_2w_be.sv (2025-05-24 21:36:50)
408      /home/victor/pulp_shared_vm/pulp_box/pulpissimo/ips/tech_cells_generic/src/deprecated/cluster_clk_cells_xilinx.sv (2025-06-10 16:05:23)
409      /home/victor/pulp_shared_vm/pulp_box/pulpissimo/ips/tech_cells_generic/src/deprecated/cluster_pwr_cells.sv (2025-05-24 21:36:51)
513      /home/victor/pulp_shared_vm/pulp_box/pulpissimo/ips/tech_cells_generic/src/deprecated/generic_memory.sv (2025-06-10 16:24:35)
514      /home/victor/pulp_shared_vm/pulp_box/pulpissimo/ips/tech_cells_generic/src/deprecated/generic_rom.sv (2025-05-24 21:36:51)
410      /home/victor/pulp_shared_vm/pulp_box/pulpissimo/ips/tech_cells_generic/src/deprecated/pulp_buffer.sv (2025-05-24 21:36:51)
512      /home/victor/pulp_shared_vm/pulp_box/pulpissimo/ips/tech_cells_generic/src/deprecated/pulp_clk_cells_xilinx.sv (2025-06-10 16:01:02)
411      /home/victor/pulp_shared_vm/pulp_box/pulpissimo/ips/tech_cells_generic/src/deprecated/pulp_clock_gating_async.sv (2025-05-24 21:36:51)
412      /home/victor/pulp_shared_vm/pulp_box/pulpissimo/ips/tech_cells_generic/src/deprecated/pulp_pwr_cells.sv (2025-05-24 21:36:51)
413      /home/victor/pulp_shared_vm/pulp_box/pulpissimo/ips/tech_cells_generic/src/fpga/tc_clk_xilinx.sv (2025-05-24 21:36:51)
414      /home/victor/pulp_shared_vm/pulp_box/pulpissimo/ips/tech_cells_generic/src/tc_pwr.sv (2025-05-24 21:36:51)
415      /home/victor/pulp_shared_vm/pulp_box/pulpissimo/ips/timer_unit/./rtl/timer_unit.sv (2025-05-24 21:36:50)
416      /home/victor/pulp_shared_vm/pulp_box/pulpissimo/ips/timer_unit/./rtl/timer_unit_counter.sv (2025-05-24 21:36:50)
417      /home/victor/pulp_shared_vm/pulp_box/pulpissimo/ips/timer_unit/./rtl/timer_unit_counter_presc.sv (2025-05-24 21:36:50)
418      /home/victor/pulp_shared_vm/pulp_box/pulpissimo/ips/udma/udma_camera/rtl/camera_if.sv (2025-05-24 21:36:51)
419      /home/victor/pulp_shared_vm/pulp_box/pulpissimo/ips/udma/udma_camera/rtl/camera_reg_if.sv (2025-05-24 21:36:51)
420      /home/victor/pulp_shared_vm/pulp_box/pulpissimo/ips/udma/udma_core/rtl/common/io_clk_gen.sv (2025-05-24 21:36:51)
421      /home/victor/pulp_shared_vm/pulp_box/pulpissimo/ips/udma/udma_core/rtl/common/io_event_counter.sv (2025-05-24 21:36:51)
422      /home/victor/pulp_shared_vm/pulp_box/pulpissimo/ips/udma/udma_core/rtl/common/io_generic_fifo.sv (2025-05-24 21:36:51)
423      /home/victor/pulp_shared_vm/pulp_box/pulpissimo/ips/udma/udma_core/rtl/common/io_shiftreg.sv (2025-05-24 21:36:51)
424      /home/victor/pulp_shared_vm/pulp_box/pulpissimo/ips/udma/udma_core/rtl/common/io_tx_fifo.sv (2025-05-24 21:36:51)
425      /home/victor/pulp_shared_vm/pulp_box/pulpissimo/ips/udma/udma_core/rtl/common/io_tx_fifo_dc.sv (2025-05-24 21:36:51)
426      /home/victor/pulp_shared_vm/pulp_box/pulpissimo/ips/udma/udma_core/rtl/common/io_tx_fifo_mark.sv (2025-05-24 21:36:51)
427      /home/victor/pulp_shared_vm/pulp_box/pulpissimo/ips/udma/udma_core/rtl/common/udma_apb_if.sv (2025-05-24 21:36:51)
428      /home/victor/pulp_shared_vm/pulp_box/pulpissimo/ips/udma/udma_core/rtl/common/udma_clk_div_cnt.sv (2025-05-24 21:36:51)
429      /home/victor/pulp_shared_vm/pulp_box/pulpissimo/ips/udma/udma_core/rtl/common/udma_clkgen.sv (2025-05-24 21:36:51)
430      /home/victor/pulp_shared_vm/pulp_box/pulpissimo/ips/udma/udma_core/rtl/common/udma_ctrl.sv (2025-05-24 21:36:51)
431      /home/victor/pulp_shared_vm/pulp_box/pulpissimo/ips/udma/udma_core/rtl/common/udma_dc_fifo.sv (2025-05-24 21:36:51)
432      /home/victor/pulp_shared_vm/pulp_box/pulpissimo/ips/udma/udma_core/rtl/core/udma_arbiter.sv (2025-05-24 21:36:51)
433      /home/victor/pulp_shared_vm/pulp_box/pulpissimo/ips/udma/udma_core/rtl/core/udma_ch_addrgen.sv (2025-05-24 21:36:51)
434      /home/victor/pulp_shared_vm/pulp_box/pulpissimo/ips/udma/udma_core/rtl/core/udma_core.sv (2025-05-24 21:36:51)
435      /home/victor/pulp_shared_vm/pulp_box/pulpissimo/ips/udma/udma_core/rtl/core/udma_rx_channels.sv (2025-05-24 21:36:51)
436      /home/victor/pulp_shared_vm/pulp_box/pulpissimo/ips/udma/udma_core/rtl/core/udma_stream_unit.sv (2025-05-24 21:36:51)
437      /home/victor/pulp_shared_vm/pulp_box/pulpissimo/ips/udma/udma_core/rtl/core/udma_tx_channels.sv (2025-05-24 21:36:51)
438      /home/victor/pulp_shared_vm/pulp_box/pulpissimo/ips/udma/udma_external_per/rtl/udma_external_per_reg_if.sv (2025-05-24 21:36:51)
439      /home/victor/pulp_shared_vm/pulp_box/pulpissimo/ips/udma/udma_external_per/rtl/udma_external_per_top.sv (2025-05-24 21:36:51)
440      /home/victor/pulp_shared_vm/pulp_box/pulpissimo/ips/udma/udma_external_per/rtl/udma_external_per_wrapper.sv (2025-05-24 21:36:51)
441      /home/victor/pulp_shared_vm/pulp_box/pulpissimo/ips/udma/udma_external_per/rtl/udma_traffic_gen_rx.sv (2025-05-24 21:36:51)
442      /home/victor/pulp_shared_vm/pulp_box/pulpissimo/ips/udma/udma_external_per/rtl/udma_traffic_gen_tx.sv (2025-05-24 21:36:51)
443      /home/victor/pulp_shared_vm/pulp_box/pulpissimo/ips/udma/udma_filter/rtl/udma_filter.sv (2025-05-24 21:36:51)
444      /home/victor/pulp_shared_vm/pulp_box/pulpissimo/ips/udma/udma_filter/rtl/udma_filter_au.sv (2025-05-24 21:36:51)
445      /home/victor/pulp_shared_vm/pulp_box/pulpissimo/ips/udma/udma_filter/rtl/udma_filter_bincu.sv (2025-05-24 21:36:51)
446      /home/victor/pulp_shared_vm/pulp_box/pulpissimo/ips/udma/udma_filter/rtl/udma_filter_reg_if.sv (2025-05-24 21:36:51)
447      /home/victor/pulp_shared_vm/pulp_box/pulpissimo/ips/udma/udma_filter/rtl/udma_filter_rx_dataout.sv (2025-05-24 21:36:51)
448      /home/victor/pulp_shared_vm/pulp_box/pulpissimo/ips/udma/udma_filter/rtl/udma_filter_tx_datafetch.sv (2025-05-24 21:36:51)
449      /home/victor/pulp_shared_vm/pulp_box/pulpissimo/ips/udma/udma_i2c/rtl/udma_i2c_bus_ctrl.sv (2025-05-24 21:36:51)
450      /home/victor/pulp_shared_vm/pulp_box/pulpissimo/ips/udma/udma_i2c/rtl/udma_i2c_control.sv (2025-05-24 21:36:51)
451      /home/victor/pulp_shared_vm/pulp_box/pulpissimo/ips/udma/udma_i2c/rtl/udma_i2c_reg_if.sv (2025-05-24 21:36:51)
452      /home/victor/pulp_shared_vm/pulp_box/pulpissimo/ips/udma/udma_i2c/rtl/udma_i2c_top.sv (2025-05-24 21:36:51)
453      /home/victor/pulp_shared_vm/pulp_box/pulpissimo/ips/udma/udma_i2s/rtl/cic_comb.sv (2025-05-24 21:36:51)
454      /home/victor/pulp_shared_vm/pulp_box/pulpissimo/ips/udma/udma_i2s/rtl/cic_integrator.sv (2025-05-24 21:36:51)
455      /home/victor/pulp_shared_vm/pulp_box/pulpissimo/ips/udma/udma_i2s/rtl/cic_top.sv (2025-05-24 21:36:51)
456      /home/victor/pulp_shared_vm/pulp_box/pulpissimo/ips/udma/udma_i2s/rtl/i2s_clk_gen.sv (2025-05-24 21:36:51)
457      /home/victor/pulp_shared_vm/pulp_box/pulpissimo/ips/udma/udma_i2s/rtl/i2s_clkws_gen.sv (2025-05-24 21:36:51)
458      /home/victor/pulp_shared_vm/pulp_box/pulpissimo/ips/udma/udma_i2s/rtl/i2s_rx_channel.sv (2025-05-24 21:36:51)
459      /home/victor/pulp_shared_vm/pulp_box/pulpissimo/ips/udma/udma_i2s/rtl/i2s_tx_channel.sv (2025-05-24 21:36:51)
460      /home/victor/pulp_shared_vm/pulp_box/pulpissimo/ips/udma/udma_i2s/rtl/i2s_txrx.sv (2025-05-24 21:36:51)
461      /home/victor/pulp_shared_vm/pulp_box/pulpissimo/ips/udma/udma_i2s/rtl/i2s_ws_gen.sv (2025-05-24 21:36:51)
462      /home/victor/pulp_shared_vm/pulp_box/pulpissimo/ips/udma/udma_i2s/rtl/pdm_top.sv (2025-05-24 21:36:51)
463      /home/victor/pulp_shared_vm/pulp_box/pulpissimo/ips/udma/udma_i2s/rtl/udma_i2s_reg_if.sv (2025-05-24 21:36:51)
464      /home/victor/pulp_shared_vm/pulp_box/pulpissimo/ips/udma/udma_i2s/rtl/udma_i2s_top.sv (2025-05-24 21:36:51)
465      /home/victor/pulp_shared_vm/pulp_box/pulpissimo/ips/udma/udma_qspi/rtl/udma_spim_ctrl.sv (2025-05-24 21:36:51)
466      /home/victor/pulp_shared_vm/pulp_box/pulpissimo/ips/udma/udma_qspi/rtl/udma_spim_defines.sv (2025-05-24 21:36:51)
467      /home/victor/pulp_shared_vm/pulp_box/pulpissimo/ips/udma/udma_qspi/rtl/udma_spim_reg_if.sv (2025-05-24 21:36:51)
468      /home/victor/pulp_shared_vm/pulp_box/pulpissimo/ips/udma/udma_qspi/rtl/udma_spim_top.sv (2025-05-24 21:36:51)
469      /home/victor/pulp_shared_vm/pulp_box/pulpissimo/ips/udma/udma_qspi/rtl/udma_spim_txrx.sv (2025-05-24 21:36:51)
470      /home/victor/pulp_shared_vm/pulp_box/pulpissimo/ips/udma/udma_sdio/rtl/sdio_crc16.sv (2025-05-24 21:36:51)
471      /home/victor/pulp_shared_vm/pulp_box/pulpissimo/ips/udma/udma_sdio/rtl/sdio_crc7.sv (2025-05-24 21:36:51)
472      /home/victor/pulp_shared_vm/pulp_box/pulpissimo/ips/udma/udma_sdio/rtl/sdio_txrx.sv (2025-05-24 21:36:51)
473      /home/victor/pulp_shared_vm/pulp_box/pulpissimo/ips/udma/udma_sdio/rtl/sdio_txrx_cmd.sv (2025-05-24 21:36:51)
474      /home/victor/pulp_shared_vm/pulp_box/pulpissimo/ips/udma/udma_sdio/rtl/sdio_txrx_data.sv (2025-05-24 21:36:51)
475      /home/victor/pulp_shared_vm/pulp_box/pulpissimo/ips/udma/udma_sdio/rtl/udma_sdio_reg_if.sv (2025-05-24 21:36:51)
476      /home/victor/pulp_shared_vm/pulp_box/pulpissimo/ips/udma/udma_sdio/rtl/udma_sdio_top.sv (2025-05-24 21:36:51)
477      /home/victor/pulp_shared_vm/pulp_box/pulpissimo/ips/udma/udma_uart/rtl/udma_uart_reg_if.sv (2025-05-24 21:36:51)
478      /home/victor/pulp_shared_vm/pulp_box/pulpissimo/ips/udma/udma_uart/rtl/udma_uart_rx.sv (2025-05-24 21:36:51)
479      /home/victor/pulp_shared_vm/pulp_box/pulpissimo/ips/udma/udma_uart/rtl/udma_uart_top.sv (2025-05-24 21:36:51)
480      /home/victor/pulp_shared_vm/pulp_box/pulpissimo/ips/udma/udma_uart/rtl/udma_uart_tx.sv (2025-05-24 21:36:51)
481      /home/victor/pulp_shared_vm/pulp_box/pulpissimo/rtl/includes/periph_bus_defines.sv (2025-05-24 21:36:39)
482      /home/victor/pulp_shared_vm/pulp_box/pulpissimo/rtl/includes/pulp_soc_defines.sv (2025-05-24 21:36:39)
483      /home/victor/pulp_shared_vm/pulp_box/pulpissimo/rtl/includes/soc_mem_map.svh (2025-05-24 21:36:39)
484      /home/victor/pulp_shared_vm/pulp_box/pulpissimo/rtl/pulpissimo/jtag_tap_top.sv (2025-05-24 21:36:39)
485      /home/victor/pulp_shared_vm/pulp_box/pulpissimo/rtl/pulpissimo/pad_control.sv (2025-05-24 21:36:39)
486      /home/victor/pulp_shared_vm/pulp_box/pulpissimo/rtl/pulpissimo/pad_frame.sv (2025-06-27 12:40:32)
487      /home/victor/pulp_shared_vm/pulp_box/pulpissimo/rtl/pulpissimo/pulpissimo.sv (2025-06-27 19:06:00)
488      /home/victor/pulp_shared_vm/pulp_box/pulpissimo/rtl/pulpissimo/rtc_clock.sv (2025-05-24 21:36:39)
489      /home/victor/pulp_shared_vm/pulp_box/pulpissimo/rtl/pulpissimo/rtc_date.sv (2025-05-24 21:36:39)
490      /home/victor/pulp_shared_vm/pulp_box/pulpissimo/rtl/pulpissimo/safe_domain.sv (2025-05-24 21:36:39)
491      /home/victor/pulp_shared_vm/pulp_box/pulpissimo/rtl/pulpissimo/soc_domain.sv (2025-05-24 21:36:39)
492      /home/victor/simplify-5.9/install/fpga/T-2022.09-SP2/lib/altera/altera.v (2022-11-25 07:38:04)
493      /home/victor/simplify-5.9/install/fpga/T-2022.09-SP2/lib/altera/altera_mult_add.v (2022-11-25 07:38:04)
494      /home/victor/simplify-5.9/install/fpga/T-2022.09-SP2/lib/altera/quartus_prime223/altera_lpm.v (2022-11-25 07:39:09)
495      /home/victor/simplify-5.9/install/fpga/T-2022.09-SP2/lib/altera/quartus_prime223/altera_mf.v (2022-11-25 07:39:09)
496      /home/victor/simplify-5.9/install/fpga/T-2022.09-SP2/lib/altera/quartus_prime223/altera_primitives.v (2022-11-25 07:39:09)
497      /home/victor/simplify-5.9/install/fpga/T-2022.09-SP2/lib/altera/quartus_prime223/cyclonev.v (2022-11-25 07:39:09)
498      /home/victor/simplify-5.9/install/fpga/T-2022.09-SP2/lib/altera/quartus_prime223/cyclonev_atoms.v (2022-11-25 07:39:09)
499      /home/victor/simplify-5.9/install/fpga/T-2022.09-SP2/lib/altera/quartus_prime223/cyclonev_hps_atoms.sv (2022-11-25 07:39:09)
500      /home/victor/simplify-5.9/install/fpga/T-2022.09-SP2/lib/altera/quartus_prime223/cyclonev_hssi_atoms.v (2022-11-25 07:39:09)
501      /home/victor/simplify-5.9/install/fpga/T-2022.09-SP2/lib/altera/quartus_prime223/cyclonev_pcie_hip_atoms.v (2022-11-25 07:39:09)
502      /home/victor/simplify-5.9/install/fpga/T-2022.09-SP2/lib/synip/hcei/zceistubs.v (2022-11-25 07:42:50)
503      /home/victor/simplify-5.9/install/fpga/T-2022.09-SP2/lib/synip/umrbus3/netlist/umr3_him_async_fifo_2048x258_xcvu440_stub.v (2022-11-21 16:43:10)
504      /home/victor/simplify-5.9/install/fpga/T-2022.09-SP2/lib/synip/umrbus3/netlist/umr3_pcie_gen2_x4_haps80_xcvu440_mgb1_stub.v (2022-11-21 16:43:10)
505      /home/victor/simplify-5.9/install/fpga/T-2022.09-SP2/lib/synip/umrbus3/netlist/umr3_pcie_gen2_x4_haps80d_xcvu440_mgb1_stub.v (2022-11-21 16:43:11)
506      /home/victor/simplify-5.9/install/fpga/T-2022.09-SP2/lib/synip/umrbus3/umrbus3.v (2022-11-21 16:43:10)
507      /home/victor/simplify-5.9/install/fpga/T-2022.09-SP2/lib/vlog/hypermods.v (2022-11-25 07:37:27)
508      /home/victor/simplify-5.9/install/fpga/T-2022.09-SP2/lib/vlog/scemi_objects.v (2022-11-25 07:37:27)
509      /home/victor/simplify-5.9/install/fpga/T-2022.09-SP2/lib/vlog/scemi_pipes.svh (2022-11-25 07:37:27)
510      /home/victor/simplify-5.9/install/fpga/T-2022.09-SP2/lib/vlog/umr_capim.v (2022-11-21 15:10:42)

*******************************************************************
Unchanged modules: 892
MID:  lib.cell.view
0        work.APB_BUS.verilog
1        work.AXI_BUS.verilog
2        work.AXI_BUS2.verilog
3        work.AXI_BUS_ASYNC.verilog
4        work.AXI_BUS_ASYNC2.verilog
5        work.AXI_BUS_DV.verilog
6        work.AXI_LITE.verilog
7        work.AXI_LITE_DV.verilog
8        work.AddressDecoder_PE_Req.verilog
9        work.AddressDecoder_Req.verilog
10       work.AddressDecoder_Req_BRIDGE.verilog
11       work.AddressDecoder_Req_L2.verilog
12       work.AddressDecoder_Resp.verilog
13       work.AddressDecoder_Resp_BRIDGE.verilog
14       work.AddressDecoder_Resp_L2.verilog
15       work.AddressDecoder_Resp_PE.verilog
16       work.ArbitrationTree.verilog
17       work.ArbitrationTree_BRIDGE.verilog
18       work.ArbitrationTree_L2.verilog
19       work.ArbitrationTree_PE.verilog
20       work.BBMUX_CONFIG_BUS.verilog
21       work.BIST_BUS.verilog
22       work.BRAM_PORT.verilog
23       work.CLKGATE_CONFIG_BUS.verilog
24       work.CORE_PREF_BUS.verilog
25       work.FLL_BUS.verilog
26       work.FanInPrimitive_PE_Resp.verilog
27       work.FanInPrimitive_Req.verilog
28       work.FanInPrimitive_Req_BRIDGE.verilog
29       work.FanInPrimitive_Req_L2.verilog
30       work.FanInPrimitive_Req_PE.verilog
31       work.FanInPrimitive_Resp.verilog
32       work.FanInPrimitive_Resp_BRIDGE.verilog
33       work.FanInPrimitive_Resp_L2.verilog
34       work.L0_CTRL_UNIT_BUS.verilog
35       work.MESSAGE_BUS.verilog
36       work.MMU_CONFIG_BUS.verilog
37       work.MP_ICACHE_CTRL_UNIT_BUS.verilog
38       work.MP_PF_ICACHE_CTRL_UNIT_BUS.verilog
39       work.MUX2_REQ.verilog
40       work.MUX2_REQ_BRIDGE.verilog
41       work.MUX2_REQ_L2.verilog
42       work.MUX2_REQ_PE.verilog
43       work.PRI_ICACHE_CTRL_UNIT_BUS.verilog
44       work.REG_BUS.verilog
45       work.RR_Flag_Req_BRIDGE.verilog
46       work.RR_Flag_Req_L2.verilog
47       work.RR_Flag_Req_PE.verilog
48       work.RequestBlock1CH.verilog
49       work.RequestBlock1CH_BRIDGE.verilog
50       work.RequestBlock1CH_PE.verilog
51       work.RequestBlock2CH.verilog
52       work.RequestBlock2CH_BRIDGE.verilog
53       work.RequestBlock2CH_PE.verilog
54       work.RequestBlock_L2_1CH.verilog
55       work.RequestBlock_L2_2CH.verilog
56       work.ResponseBlock.verilog
57       work.ResponseBlock_BRIDGE.verilog
58       work.ResponseBlock_L2.verilog
59       work.ResponseBlock_PE.verilog
60       work.ResponseTree.verilog
61       work.ResponseTree_BRIDGE.verilog
62       work.ResponseTree_L2.verilog
63       work.ResponseTree_PE.verilog
64       work.SP_ICACHE_CTRL_UNIT_BUS.verilog
65       work.STREAM_DV.verilog
66       work.TCDM_BANK_MEM_BUS.verilog
67       work.TCDM_BUS.verilog
68       work.TCDM_PIPE_REQ.verilog
69       work.TCDM_PIPE_RESP.verilog
70       work.TestAndSet.verilog
71       work.UNICAD_MEM_BUS_32.verilog
72       work.UNICAD_MEM_BUS_64.verilog
73       work.XBAR_BRIDGE.verilog
74       work.XBAR_DEMUX_BUS.verilog
75       work.XBAR_L2.verilog
76       work.XBAR_PE.verilog
77       work.XBAR_PERIPH_BUS.verilog
78       work.XBAR_TCDM.verilog
79       work.XBAR_TCDM_BUS.verilog
80       work.XBAR_TCDM_BUS_64.verilog
81       work.XBAR_TCDM_WRAPPER.verilog
82       work.adbg_axi_biu.verilog
83       work.adbg_axi_module.verilog
84       work.adbg_axionly_top.verilog
85       work.adbg_crc32.verilog
86       work.adbg_lint_biu.verilog
87       work.adbg_lint_module.verilog
88       work.adbg_lintonly_top.verilog
89       work.adbg_or1k_biu.verilog
90       work.adbg_or1k_module.verilog
91       work.adbg_or1k_status_reg.verilog
92       work.adbg_tap_top.verilog
93       work.adbg_top.verilog
94       work.addr_dec_resp_mux.verilog
95       work.addr_decode.verilog
96       work.addr_decode__gen114__gen115_96.verilog
97       work.addr_decode__gen116__gen117_97.verilog
98       work.addr_decode__gen139__gen140_117.verilog
99       work.addr_decode__gen141__gen142_118.verilog
100      work.addr_decode__gen164__gen165_138.verilog
101      work.addr_decode__gen166__gen167_139.verilog
102      work.addr_decode__gen189__gen190_159.verilog
103      work.addr_decode__gen191__gen192_160.verilog
104      work.addr_decode__gen214__gen215_180.verilog
105      work.addr_decode__gen216__gen217_181.verilog
106      work.addr_decode__gen21__gen22_22.verilog
107      work.addr_decode__gen239__gen240_201.verilog
108      work.addr_decode__gen23__gen24_23.verilog
109      work.addr_decode__gen241__gen242_202.verilog
110      work.addr_decode__gen25__gen26_24.verilog
111      work.addr_decode__gen27__gen28_25.verilog
112      work.addr_decode__gen29__gen30_26.verilog
113      work.addr_decode__gen31__gen32_27.verilog
114      work.addr_decode__gen33__gen34_28.verilog
115      work.addr_decode__gen35__gen36_29.verilog
116      work.addr_decode__gen37__gen38_30.verilog
117      work.addr_decode__gen39__gen40_33.verilog
118      work.addr_decode__gen41__gen42_34.verilog
119      work.addr_decode__gen64__gen65_54.verilog
120      work.addr_decode__gen66__gen67_55.verilog
121      work.addr_decode__gen89__gen90_75.verilog
122      work.addr_decode__gen91__gen92_76.verilog
123      work.addr_decode__internal_typedef_43__internal_typedef_44_258.verilog
124      work.addr_decode__internal_typedef_43__internal_typedef_44_259.verilog
125      work.addr_decode__internal_typedef_43__internal_typedef_44_260.verilog
126      work.addr_decode__internal_typedef_43__internal_typedef_44_261.verilog
127      work.addr_decode__internal_typedef_43__internal_typedef_44_262.verilog
128      work.addr_decode__internal_typedef_43__internal_typedef_44_263.verilog
129      work.addr_decode__internal_typedef_43__internal_typedef_44_264.verilog
130      work.addr_decode__internal_typedef_43__internal_typedef_44_265.verilog
131      work.addr_decode__internal_typedef_43__internal_typedef_44_266.verilog
132      work.addr_decode__internal_typedef_43__internal_typedef_44_267.verilog
133      work.addr_decode__internal_typedef_43__internal_typedef_44_268.verilog
134      work.addr_decode__internal_typedef_43__internal_typedef_44_269.verilog
135      work.addr_decode__internal_typedef_43__internal_typedef_44_270.verilog
136      work.addr_decode__internal_typedef_43__internal_typedef_44_271.verilog
137      work.addr_decode__internal_typedef_43__internal_typedef_44_272.verilog
138      work.addr_decode__internal_typedef_43__internal_typedef_44_273.verilog
139      work.addr_decode__internal_typedef_43__internal_typedef_44_274.verilog
140      work.addr_decode__internal_typedef_43__internal_typedef_44_275.verilog
141      work.addr_decode__internal_typedef_43__internal_typedef_44_276.verilog
142      work.addr_decode__internal_typedef_43__internal_typedef_44_277.verilog
143      work.addr_decode__internal_typedef_43__internal_typedef_44_278.verilog
144      work.addr_decode__internal_typedef_43__internal_typedef_44_279.verilog
145      work.addr_decode__internal_typedef_43__internal_typedef_44_280.verilog
146      work.addr_decode__internal_typedef_43__internal_typedef_44_281.verilog
147      work.addr_decode__internal_typedef_43__internal_typedef_44_282.verilog
148      work.addr_decode__internal_typedef_43__internal_typedef_44_283.verilog
149      work.addr_decode_addr_t_addr_map_rule_t_317.verilog
150      work.adv_dbg_if.verilog
151      work.adv_timer_apb_if.verilog
152      work.alu_ff.verilog
153      work.alu_popcnt.verilog
154      work.amo_shim.verilog
155      work.apb2per.verilog
156      work.apb_adv_timer.verilog
157      work.apb_clkdiv.verilog
158      work.apb_fll_if.verilog
159      work.apb_gpio.verilog
160      work.apb_interrupt_cntrl.verilog
161      work.apb_node.verilog
162      work.apb_node_wrap.verilog
163      work.apb_soc_ctrl.verilog
164      work.apb_timer_unit.verilog
165      work.apb_to_reg.verilog
166      work.axi64_2_lint32.verilog
167      work.axi64_2_lint32_wrap.verilog
168      work.axi_ar_buffer.verilog
169      work.axi_atop_filter.verilog
170      work.axi_atop_filter__gen112__gen113_92.verilog
171      work.axi_atop_filter__gen137__gen138_113.verilog
172      work.axi_atop_filter__gen162__gen163_134.verilog
173      work.axi_atop_filter__gen187__gen188_155.verilog
174      work.axi_atop_filter__gen212__gen213_176.verilog
175      work.axi_atop_filter__gen237__gen238_197.verilog
176      work.axi_atop_filter__gen262__gen263_218.verilog
177      work.axi_atop_filter__gen62__gen63_50.verilog
178      work.axi_atop_filter__gen87__gen88_71.verilog
179      work.axi_atop_filter_full_req_t_full_resp_t_285.verilog
180      work.axi_atop_filter_intf.verilog
181      work.axi_aw_buffer.verilog
182      work.axi_b_buffer.verilog
183      work.axi_burst_splitter.verilog
184      work.axi_burst_splitter_ax_chan.verilog
185      work.axi_burst_splitter_ax_chan_ar_chan_t_307.verilog
186      work.axi_burst_splitter_ax_chan_aw_chan_t_305.verilog
187      work.axi_burst_splitter_counters.verilog
188      work.axi_burst_splitter_full_req_t_full_resp_t_289.verilog
189      work.axi_cdc.verilog
190      work.axi_cdc_intf.verilog
191      work.axi_cut.verilog
192      work.axi_cut_intf.verilog
193      work.axi_delayer.verilog
194      work.axi_delayer_intf.verilog
195      work.axi_demux.verilog
196      work.axi_demux__gen118__gen119__gen120__gen121__gen122__gen123__gen124_98.verilog
197      work.axi_demux__gen143__gen144__gen145__gen146__gen147__gen148__gen149_119.verilog
198      work.axi_demux__gen168__gen169__gen170__gen171__gen172__gen173__gen174_140.verilog
199      work.axi_demux__gen193__gen194__gen195__gen196__gen197__gen198__gen199_161.verilog
200      work.axi_demux__gen218__gen219__gen220__gen221__gen222__gen223__gen224_182.verilog
201      work.axi_demux__gen243__gen244__gen245__gen246__gen247__gen248__gen249_203.verilog
202      work.axi_demux__gen43__gen44__gen45__gen46__gen47__gen48__gen49_35.verilog
203      work.axi_demux__gen68__gen69__gen70__gen71__gen72__gen73__gen74_56.verilog
204      work.axi_demux__gen93__gen94__gen95__gen96__gen97__gen98__gen99_77.verilog
205      work.axi_demux_aw_chan_t_w_chan_t_b_chan_t_ar_chan_t_r_chan_t_full_req_t_full_resp_t_290.verilog
206      work.axi_demux_id_counters.verilog
207      work.axi_demux_id_counters__gen101_79.verilog
208      work.axi_demux_id_counters__gen107_85.verilog
209      work.axi_demux_id_counters__gen126_100.verilog
210      work.axi_demux_id_counters__gen132_106.verilog
211      work.axi_demux_id_counters__gen151_121.verilog
212      work.axi_demux_id_counters__gen157_127.verilog
213      work.axi_demux_id_counters__gen176_142.verilog
214      work.axi_demux_id_counters__gen182_148.verilog
215      work.axi_demux_id_counters__gen201_163.verilog
216      work.axi_demux_id_counters__gen207_169.verilog
217      work.axi_demux_id_counters__gen226_184.verilog
218      work.axi_demux_id_counters__gen232_190.verilog
219      work.axi_demux_id_counters__gen251_205.verilog
220      work.axi_demux_id_counters__gen257_211.verilog
221      work.axi_demux_id_counters__gen487_292.verilog
222      work.axi_demux_id_counters__gen493_298.verilog
223      work.axi_demux_id_counters__gen51_37.verilog
224      work.axi_demux_id_counters__gen57_43.verilog
225      work.axi_demux_id_counters__gen76_58.verilog
226      work.axi_demux_id_counters__gen82_64.verilog
227      work.axi_demux_intf.verilog
228      work.axi_dw_converter.verilog
229      work.axi_dw_converter_intf.verilog
230      work.axi_dw_downsizer.verilog
231      work.axi_dw_upsizer.verilog
232      work.axi_err_slv.verilog
233      work.axi_err_slv__gen110__gen111_88.verilog
234      work.axi_err_slv__gen135__gen136_109.verilog
235      work.axi_err_slv__gen160__gen161_130.verilog
236      work.axi_err_slv__gen185__gen186_151.verilog
237      work.axi_err_slv__gen210__gen211_172.verilog
238      work.axi_err_slv__gen235__gen236_193.verilog
239      work.axi_err_slv__gen260__gen261_214.verilog
240      work.axi_err_slv__gen60__gen61_46.verilog
241      work.axi_err_slv__gen85__gen86_67.verilog
242      work.axi_err_slv_full_req_t_full_resp_t_301.verilog
243      work.axi_id_prepend.verilog
244      work.axi_id_prepend__gen285__gen286__gen287__gen288__gen289__gen290__gen291__gen292__gen293__gen294_231.verilog
245      work.axi_id_prepend__gen295__gen296__gen297__gen298__gen299__gen300__gen301__gen302__gen303__gen304_232.verilog
246      work.axi_id_prepend__gen305__gen306__gen307__gen308__gen309__gen310__gen311__gen312__gen313__gen314_233.verilog
247      work.axi_id_prepend__gen315__gen316__gen317__gen318__gen319__gen320__gen321__gen322__gen323__gen324_234.verilog
248      work.axi_id_prepend__gen325__gen326__gen327__gen328__gen329__gen330__gen331__gen332__gen333__gen334_235.verilog
249      work.axi_id_prepend__gen335__gen336__gen337__gen338__gen339__gen340__gen341__gen342__gen343__gen344_236.verilog
250      work.axi_id_prepend__gen345__gen346__gen347__gen348__gen349__gen350__gen351__gen352__gen353__gen354_237.verilog
251      work.axi_id_prepend__gen355__gen356__gen357__gen358__gen359__gen360__gen361__gen362__gen363__gen364_238.verilog
252      work.axi_id_prepend__gen365__gen366__gen367__gen368__gen369__gen370__gen371__gen372__gen373__gen374_239.verilog
253      work.axi_id_prepend__gen396__gen397__gen398__gen399__gen400__gen401__gen402__gen403__gen404__gen405_249.verilog
254      work.axi_id_prepend__gen406__gen407__gen408__gen409__gen410__gen411__gen412__gen413__gen414__gen415_250.verilog
255      work.axi_id_prepend__gen416__gen417__gen418__gen419__gen420__gen421__gen422__gen423__gen424__gen425_251.verilog
256      work.axi_id_prepend__gen426__gen427__gen428__gen429__gen430__gen431__gen432__gen433__gen434__gen435_252.verilog
257      work.axi_id_prepend__gen436__gen437__gen438__gen439__gen440__gen441__gen442__gen443__gen444__gen445_253.verilog
258      work.axi_id_prepend__gen446__gen447__gen448__gen449__gen450__gen451__gen452__gen453__gen454__gen455_254.verilog
259      work.axi_id_prepend__gen456__gen457__gen458__gen459__gen460__gen461__gen462__gen463__gen464__gen465_255.verilog
260      work.axi_id_prepend__gen466__gen467__gen468__gen469__gen470__gen471__gen472__gen473__gen474__gen475_256.verilog
261      work.axi_id_prepend__gen476__gen477__gen478__gen479__gen480__gen481__gen482__gen483__gen484__gen485_257.verilog
262      work.axi_isolate.verilog
263      work.axi_isolate_intf.verilog
264      work.axi_join_intf.verilog
265      work.axi_lite_cdc_intf.verilog
266      work.axi_lite_cut_intf.verilog
267      work.axi_lite_demux.verilog
268      work.axi_lite_demux_intf.verilog
269      work.axi_lite_join_intf.verilog
270      work.axi_lite_mailbox.verilog
271      work.axi_lite_mailbox_intf.verilog
272      work.axi_lite_mailbox_slave.verilog
273      work.axi_lite_multicut_intf.verilog
274      work.axi_lite_mux.verilog
275      work.axi_lite_mux_intf.verilog
276      work.axi_lite_regs.verilog
277      work.axi_lite_regs_intf.verilog
278      work.axi_lite_to_apb.verilog
279      work.axi_lite_to_apb_axi_req_t_axi_resp_t_apb_req_t_apb_resp_t_addr_map_rule_t_312.verilog
280      work.axi_lite_to_apb_intf.verilog
281      work.axi_lite_to_apb_intf_addr_map_rule_t_311.verilog
282      work.axi_lite_to_axi.verilog
283      work.axi_lite_to_axi_intf.verilog
284      work.axi_lite_to_reg.verilog
285      work.axi_lite_to_reg_intf.verilog
286      work.axi_lite_xbar.verilog
287      work.axi_modify_address.verilog
288      work.axi_modify_address_intf.verilog
289      work.axi_multicut.verilog
290      work.axi_multicut_intf.verilog
291      work.axi_mux.verilog
292      work.axi_mux__gen264__gen265__gen266__gen267__gen268__gen269__gen270__gen271__gen272__gen273__gen274__gen275__gen276_222.verilog
293      work.axi_mux__gen375__gen376__gen377__gen378__gen379__gen380__gen381__gen382__gen383__gen384__gen385__gen386__gen387_240.verilog
294      work.axi_mux_intf.verilog
295      work.axi_r_buffer.verilog
296      work.axi_read_ctrl.verilog
297      work.axi_serializer.verilog
298      work.axi_serializer_intf.verilog
299      work.axi_single_slice.verilog
300      work.axi_slice.verilog
301      work.axi_slice_dc_master.verilog
302      work.axi_slice_dc_master_wrap.verilog
303      work.axi_slice_dc_slave.verilog
304      work.axi_slice_dc_slave_wrap.verilog
305      work.axi_slice_wrap.verilog
306      work.axi_to_axi_lite.verilog
307      work.axi_to_axi_lite_full_req_t_full_resp_t_lite_req_t_lite_resp_t_284.verilog
308      work.axi_to_axi_lite_id_reflect.verilog
309      work.axi_to_axi_lite_id_reflect_full_req_t_full_resp_t_lite_req_t_lite_resp_t_308.verilog
310      work.axi_to_axi_lite_intf.verilog
311      work.axi_to_reg.verilog
312      work.axi_to_reg_intf.verilog
313      work.axi_w_buffer.verilog
314      work.axi_write_ctrl.verilog
315      work.axi_xbar.verilog
316      work.axi_xbar_intf.verilog
317      work.axi_xbar_intf_addr_map_rule_t_31.verilog
318      work.axi_xbar_slv_aw_chan_t_mst_aw_chan_t_w_chan_t_slv_b_chan_t_mst_b_chan_t_slv_ar_chan_t_mst_ar_chan_t_slv_r_chan_t_mst_r_chan_t_slv_req_t_slv_resp_t_mst_req_t_mst_resp_t_addr_map_rule_t_32.verilog
319      work.bfly_net.verilog
320      work.binary_to_gray.verilog
321      work.boot_rom.verilog
322      work.bscell.verilog
323      work.bytefifo.verilog
324      work.camera_if.verilog
325      work.camera_reg_if.verilog
326      work.cb_filter.verilog
327      work.cdc_2phase.verilog
328      work.cdc_2phase__internal_typedef_38_318.verilog
329      work.cdc_2phase__internal_typedef_39_321.verilog
330      work.cdc_2phase_dst.verilog
331      work.cdc_2phase_dst__internal_typedef_38_320.verilog
332      work.cdc_2phase_dst__internal_typedef_39_323.verilog
333      work.cdc_2phase_src.verilog
334      work.cdc_2phase_src__internal_typedef_38_319.verilog
335      work.cdc_2phase_src__internal_typedef_39_322.verilog
336      work.cdc_fifo_2phase.verilog
337      work.cdc_fifo_gray.verilog
338      work.cdc_fifo_gray_dst.verilog
339      work.cdc_fifo_gray_src.verilog
340      work.cic_comb.verilog
341      work.cic_integrator.verilog
342      work.clk_div.verilog
343      work.clock_divider.verilog
344      work.clock_divider_counter.verilog
345      work.clos_net.verilog
346      work.cluster_clock_and2.verilog
347      work.cluster_clock_buffer.verilog
348      work.cluster_clock_gating.verilog
349      work.cluster_clock_inverter.verilog
350      work.cluster_clock_xor2.verilog
351      work.cluster_level_shifter_in.verilog
352      work.cluster_level_shifter_in_clamp.verilog
353      work.cluster_level_shifter_inout.verilog
354      work.cluster_level_shifter_out.verilog
355      work.cluster_level_shifter_out_clamp.verilog
356      work.comparator.verilog
357      work.contiguous_crossbar.verilog
358      work.control_mvp.verilog
359      work.counter.verilog
360      work.cpu_marx_if.verilog
361      work.dc_data_buffer.verilog
362      work.dc_full_detector.verilog
363      work.dc_synchronizer.verilog
364      work.dc_token_ring.verilog
365      work.dc_token_ring_fifo_din.verilog
366      work.dc_token_ring_fifo_dout.verilog
367      work.debug_rom.verilog
368      work.delta_counter.verilog
369      work.div_sqrt_mvp_wrapper.verilog
370      work.div_sqrt_top_mvp.verilog
371      work.dm_csrs.verilog
372      work.dm_mem.verilog
373      work.dm_sba.verilog
374      work.dm_top.verilog
375      work.dmi_cdc.verilog
376      work.dmi_jtag.verilog
377      work.dmi_jtag_tap.verilog
378      work.ecc_decode.verilog
379      work.ecc_encode.verilog
380      work.edge_detect.verilog
381      work.edge_propagator.verilog
382      work.edge_propagator_rx.verilog
383      work.edge_propagator_tx.verilog
384      work.exp_backoff.verilog
385      work.fall_through_register.verilog
386      work.fc_demux.verilog
387      work.fc_hwpe.verilog
388      work.fc_subsystem.verilog
389      work.fifo.verilog
390      work.fifo_v2.verilog
391      work.fifo_v2__internal_typedef_18_0.verilog
392      work.fifo_v2__internal_typedef_18_16.verilog
393      work.fifo_v2__internal_typedef_18_18.verilog
394      work.fifo_v2__internal_typedef_18_2.verilog
395      work.fifo_v2__internal_typedef_18_20.verilog
396      work.fifo_v2__internal_typedef_18_4.verilog
397      work.fifo_v2__internal_typedef_18_6.verilog
398      work.fifo_v2__internal_typedef_37_324.verilog
399      work.fifo_v2_r_resp_cmd_t_115.verilog
400      work.fifo_v2_r_resp_cmd_t_136.verilog
401      work.fifo_v2_r_resp_cmd_t_157.verilog
402      work.fifo_v2_r_resp_cmd_t_178.verilog
403      work.fifo_v2_r_resp_cmd_t_199.verilog
404      work.fifo_v2_r_resp_cmd_t_220.verilog
405      work.fifo_v2_r_resp_cmd_t_287.verilog
406      work.fifo_v2_r_resp_cmd_t_52.verilog
407      work.fifo_v2_r_resp_cmd_t_73.verilog
408      work.fifo_v2_r_resp_cmd_t_94.verilog
409      work.fifo_v3.verilog
410      work.fifo_v3__gen102_80.verilog
411      work.fifo_v3__gen127_101.verilog
412      work.fifo_v3__gen152_122.verilog
413      work.fifo_v3__gen177_143.verilog
414      work.fifo_v3__gen202_164.verilog
415      work.fifo_v3__gen227_185.verilog
416      work.fifo_v3__gen252_206.verilog
417      work.fifo_v3__gen278_224.verilog
418      work.fifo_v3__gen389_242.verilog
419      work.fifo_v3__gen488_293.verilog
420      work.fifo_v3__gen52_38.verilog
421      work.fifo_v3__gen77_59.verilog
422      work.fifo_v3__internal_typedef_18_1.verilog
423      work.fifo_v3__internal_typedef_18_17.verilog
424      work.fifo_v3__internal_typedef_18_19.verilog
425      work.fifo_v3__internal_typedef_18_21.verilog
426      work.fifo_v3__internal_typedef_18_3.verilog
427      work.fifo_v3__internal_typedef_18_5.verilog
428      work.fifo_v3__internal_typedef_18_7.verilog
429      work.fifo_v3__internal_typedef_37_325.verilog
430      work.fifo_v3_id_t_110.verilog
431      work.fifo_v3_id_t_111.verilog
432      work.fifo_v3_id_t_131.verilog
433      work.fifo_v3_id_t_132.verilog
434      work.fifo_v3_id_t_152.verilog
435      work.fifo_v3_id_t_153.verilog
436      work.fifo_v3_id_t_173.verilog
437      work.fifo_v3_id_t_174.verilog
438      work.fifo_v3_id_t_194.verilog
439      work.fifo_v3_id_t_195.verilog
440      work.fifo_v3_id_t_215.verilog
441      work.fifo_v3_id_t_216.verilog
442      work.fifo_v3_id_t_302.verilog
443      work.fifo_v3_id_t_303.verilog
444      work.fifo_v3_id_t_309.verilog
445      work.fifo_v3_id_t_310.verilog
446      work.fifo_v3_id_t_47.verilog
447      work.fifo_v3_id_t_48.verilog
448      work.fifo_v3_id_t_68.verilog
449      work.fifo_v3_id_t_69.verilog
450      work.fifo_v3_id_t_89.verilog
451      work.fifo_v3_id_t_90.verilog
452      work.fifo_v3_r_data_t_112.verilog
453      work.fifo_v3_r_data_t_133.verilog
454      work.fifo_v3_r_data_t_154.verilog
455      work.fifo_v3_r_data_t_175.verilog
456      work.fifo_v3_r_data_t_196.verilog
457      work.fifo_v3_r_data_t_217.verilog
458      work.fifo_v3_r_data_t_304.verilog
459      work.fifo_v3_r_data_t_49.verilog
460      work.fifo_v3_r_data_t_70.verilog
461      work.fifo_v3_r_data_t_91.verilog
462      work.fifo_v3_r_resp_cmd_t_116.verilog
463      work.fifo_v3_r_resp_cmd_t_137.verilog
464      work.fifo_v3_r_resp_cmd_t_158.verilog
465      work.fifo_v3_r_resp_cmd_t_179.verilog
466      work.fifo_v3_r_resp_cmd_t_200.verilog
467      work.fifo_v3_r_resp_cmd_t_221.verilog
468      work.fifo_v3_r_resp_cmd_t_288.verilog
469      work.fifo_v3_r_resp_cmd_t_53.verilog
470      work.fifo_v3_r_resp_cmd_t_74.verilog
471      work.fifo_v3_r_resp_cmd_t_95.verilog
472      work.find_first_one.verilog
473      work.fpnew_cast_multi.verilog
474      work.fpnew_cast_multi__gen2_15.verilog
475      work.fpnew_classifier.verilog
476      work.fpnew_divsqrt_multi.verilog
477      work.fpnew_divsqrt_multi__gen1_12.verilog
478      work.fpnew_fma.verilog
479      work.fpnew_fma_multi.verilog
480      work.fpnew_fma_multi__gen0_10.verilog
481      work.fpnew_noncomp.verilog
482      work.fpnew_opgroup_block.verilog
483      work.fpnew_opgroup_fmt_slice.verilog
484      work.fpnew_opgroup_multifmt_slice.verilog
485      work.fpnew_rounding.verilog
486      work.fpnew_top.verilog
487      work.generic_LFSR_8bit.verilog
488      work.generic_fifo.verilog
489      work.generic_fifo_adv.verilog
490      work.generic_memory.verilog
491      work.generic_rom.verilog
492      work.glitch_free_clk_mux.verilog
493      work.grant_mask.verilog
494      work.gray_to_binary.verilog
495      work.hash_block.verilog
496      work.hwpe_ctrl_intf_periph.verilog
497      work.hwpe_ctrl_regfile.verilog
498      work.hwpe_ctrl_regfile_latch.verilog
499      work.hwpe_ctrl_seq_mult.verilog
500      work.hwpe_ctrl_slave.verilog
501      work.hwpe_ctrl_ucode.verilog
502      work.hwpe_stream_addressgen.verilog
503      work.hwpe_stream_buffer.verilog
504      work.hwpe_stream_demux_static.verilog
505      work.hwpe_stream_fence.verilog
506      work.hwpe_stream_fifo.verilog
507      work.hwpe_stream_fifo_earlystall.verilog
508      work.hwpe_stream_fifo_earlystall_sidech.verilog
509      work.hwpe_stream_fifo_scm.verilog
510      work.hwpe_stream_fifo_sidech.verilog
511      work.hwpe_stream_intf_stream.verilog
512      work.hwpe_stream_intf_tcdm.verilog
513      work.hwpe_stream_merge.verilog
514      work.hwpe_stream_mux_static.verilog
515      work.hwpe_stream_sink.verilog
516      work.hwpe_stream_sink_realign.verilog
517      work.hwpe_stream_source.verilog
518      work.hwpe_stream_source_realign.verilog
519      work.hwpe_stream_split.verilog
520      work.hwpe_stream_tcdm_fifo_load.verilog
521      work.hwpe_stream_tcdm_fifo_load_sidech.verilog
522      work.hwpe_stream_tcdm_fifo_store.verilog
523      work.hwpe_stream_tcdm_mux.verilog
524      work.hwpe_stream_tcdm_mux_static.verilog
525      work.hwpe_stream_tcdm_reorder.verilog
526      work.hwpe_stream_tcdm_reorder_static.verilog
527      work.i2s_clk_gen.verilog
528      work.i2s_clkws_gen.verilog
529      work.i2s_rx_channel.verilog
530      work.i2s_tx_channel.verilog
531      work.i2s_txrx.verilog
532      work.i2s_ws_gen.verilog
533      work.ibex_alu.verilog
534      work.ibex_compressed_decoder.verilog
535      work.ibex_controller.verilog
536      work.ibex_core.verilog
537      work.ibex_counters.verilog
538      work.ibex_cs_registers.verilog
539      work.ibex_decoder.verilog
540      work.ibex_ex_block.verilog
541      work.ibex_fetch_fifo.verilog
542      work.ibex_id_stage.verilog
543      work.ibex_if_stage.verilog
544      work.ibex_load_store_unit.verilog
545      work.ibex_multdiv_fast.verilog
546      work.ibex_multdiv_slow.verilog
547      work.ibex_pmp.verilog
548      work.ibex_prefetch_buffer.verilog
549      work.ibex_register_file.verilog
550      work.ibex_wb_stage.verilog
551      work.id_queue.verilog
552      work.id_queue_cnt_idx_t_306.verilog
553      work.input_stage.verilog
554      work.interleaved_crossbar.verilog
555      work.io_clk_gen.verilog
556      work.io_event_counter.verilog
557      work.io_generic_fifo.verilog
558      work.io_shiftreg.verilog
559      work.io_tx_fifo.verilog
560      work.io_tx_fifo_dc.verilog
561      work.io_tx_fifo_mark.verilog
562      work.isochronous_spill_register.verilog
563      work.iteration_div_sqrt_mvp.verilog
564      work.jtag_axi_wrap.verilog
565      work.jtag_enable.verilog
566      work.jtag_enable_synch.verilog
567      work.jtag_rst_synch.verilog
568      work.jtag_sync.verilog
569      work.jtag_tap_top.verilog
570      work.jtagreg.verilog
571      work.l2_ram_multi_bank.verilog
572      work.l2_tcdm_demux.verilog
573      work.lfsr.verilog
574      work.lfsr_16bit.verilog
575      work.lfsr_8bit.verilog
576      work.lint2axi_wrap.verilog
577      work.lint64_to_32.verilog
578      work.lint_2_apb.verilog
579      work.lint_2_axi.verilog
580      work.lint_jtag_wrap.verilog
581      work.lut_4x4.verilog
582      work.lzc.verilog
583      work.mac_ctrl.verilog
584      work.mac_engine.verilog
585      work.mac_fsm.verilog
586      work.mac_streamer.verilog
587      work.mac_top.verilog
588      work.mac_top_wrap.verilog
589      work.marx_apu_if.verilog
590      work.marx_arbiter_if.verilog
591      work.max_counter.verilog
592      work.model_6144x32_2048x32scm.verilog
593      work.model_sram_28672x32_scm_512x32.verilog
594      work.mv_filter.verilog
595      work.norm_div_sqrt_mvp.verilog
596      work.nrbd_nrsc_mvp.verilog
597      work.onehot_to_bin.verilog
598      work.out_filter.verilog
599      work.pad_control.verilog
600      work.pad_frame.verilog
601      work.pad_functional_pi.verilog
602      work.pdm_top.verilog
603      work.periph_bus_wrap.verilog
604      work.plru_tree.verilog
605      work.popcount.verilog
606      work.preprocess_mvp.verilog
607      work.prescaler.verilog
608      work.prim_subreg.verilog
609      work.prim_subreg_arb.verilog
610      work.prim_subreg_ext.verilog
611      work.prim_subreg_shadow.verilog
612      work.prioarbiter.verilog
613      work.priority_Flag_Req.verilog
614      work.pulp_buffer.verilog
615      work.pulp_clock_and2.verilog
616      work.pulp_clock_buffer.verilog
617      work.pulp_clock_gating.verilog
618      work.pulp_clock_gating_async.verilog
619      work.pulp_clock_inverter.verilog
620      work.pulp_clock_mux2.verilog
621      work.pulp_clock_xor2.verilog
622      work.pulp_isolation_0.verilog
623      work.pulp_isolation_1.verilog
624      work.pulp_level_shifter_in.verilog
625      work.pulp_level_shifter_in_clamp.verilog
626      work.pulp_level_shifter_inout.verilog
627      work.pulp_level_shifter_out.verilog
628      work.pulp_level_shifter_out_clamp.verilog
629      work.pulp_power_gating.verilog
630      work.pulp_soc.verilog
631      work.pulp_sync.verilog
632      work.pulp_sync_wedge.verilog
633      work.pulpissimo.verilog
634      work.reg_cdc.verilog
635      work.reg_demux.verilog
636      work.reg_mux.verilog
637      work.reg_to_mem.verilog
638      work.reg_uniform.verilog
639      work.register_file_1r_1w.verilog
640      work.register_file_1r_1w_1row.verilog
641      work.register_file_1r_1w_all.verilog
642      work.register_file_1r_1w_be.verilog
643      work.register_file_1r_1w_raw.verilog
644      work.register_file_1w_64b_1r_32b.verilog
645      work.register_file_1w_64b_multi_port_read_32b.verilog
646      work.register_file_1w_multi_port_read.verilog
647      work.register_file_2r_1w_asymm.verilog
648      work.register_file_2r_1w_asymm_test_wrap.verilog
649      work.register_file_2r_2w.verilog
650      work.register_file_3r_2w.verilog
651      work.register_file_3r_2w_be.verilog
652      work.register_file_test_wrap.verilog
653      work.riscv_L0_buffer.verilog
654      work.riscv_alu.verilog
655      work.riscv_alu_basic.verilog
656      work.riscv_alu_div.verilog
657      work.riscv_apu_disp.verilog
658      work.riscv_compressed_decoder.verilog
659      work.riscv_controller.verilog
660      work.riscv_core.verilog
661      work.riscv_cs_registers.verilog
662      work.riscv_decoder.verilog
663      work.riscv_ex_stage.verilog
664      work.riscv_fetch_fifo.verilog
665      work.riscv_hwloop_controller.verilog
666      work.riscv_hwloop_regs.verilog
667      work.riscv_id_stage.verilog
668      work.riscv_if_stage.verilog
669      work.riscv_int_controller.verilog
670      work.riscv_load_store_unit.verilog
671      work.riscv_mult.verilog
672      work.riscv_pmp.verilog
673      work.riscv_prefetch_L0_buffer.verilog
674      work.riscv_prefetch_buffer.verilog
675      work.riscv_register_file.verilog
676      work.rr_arb_tree.verilog
677      work.rr_arb_tree__gen105_83.verilog
678      work.rr_arb_tree__gen109_87.verilog
679      work.rr_arb_tree__gen130_104.verilog
680      work.rr_arb_tree__gen134_108.verilog
681      work.rr_arb_tree__gen155_125.verilog
682      work.rr_arb_tree__gen159_129.verilog
683      work.rr_arb_tree__gen180_146.verilog
684      work.rr_arb_tree__gen184_150.verilog
685      work.rr_arb_tree__gen205_167.verilog
686      work.rr_arb_tree__gen209_171.verilog
687      work.rr_arb_tree__gen230_188.verilog
688      work.rr_arb_tree__gen234_192.verilog
689      work.rr_arb_tree__gen255_209.verilog
690      work.rr_arb_tree__gen259_213.verilog
691      work.rr_arb_tree__gen277_223.verilog
692      work.rr_arb_tree__gen282_228.verilog
693      work.rr_arb_tree__gen388_241.verilog
694      work.rr_arb_tree__gen393_246.verilog
695      work.rr_arb_tree__gen491_296.verilog
696      work.rr_arb_tree__gen495_300.verilog
697      work.rr_arb_tree__gen55_41.verilog
698      work.rr_arb_tree__gen59_45.verilog
699      work.rr_arb_tree__gen80_62.verilog
700      work.rr_arb_tree__gen84_66.verilog
701      work.rr_arb_tree_int_req_t_313.verilog
702      work.rr_arb_tree_output_t_11.verilog
703      work.rr_arb_tree_output_t_13.verilog
704      work.rr_arb_tree_output_t_14.verilog
705      work.rr_arb_tree_output_t_8.verilog
706      work.rr_arb_tree_output_t_9.verilog
707      work.rrarbiter.verilog
708      work.rstgen.verilog
709      work.rstgen_bypass.verilog
710      work.rtc_clock.verilog
711      work.rtc_date.verilog
712      work.safe_domain.verilog
713      work.scm_2048x32.verilog
714      work.scm_512x32.verilog
715      work.sdio_crc16.verilog
716      work.sdio_crc7.verilog
717      work.sdio_txrx.verilog
718      work.sdio_txrx_cmd.verilog
719      work.sdio_txrx_data.verilog
720      work.serial_deglitch.verilog
721      work.shift_reg.verilog
722      work.soc_clk_rst_gen.verilog
723      work.soc_domain.verilog
724      work.soc_event_arbiter.verilog
725      work.soc_event_generator.verilog
726      work.soc_event_queue.verilog
727      work.soc_interconnect.verilog
728      work.soc_interconnect_wrap.verilog
729      work.soc_peripherals.verilog
730      work.spill_register.verilog
731      work.spill_register__gen100_78.verilog
732      work.spill_register__gen103_81.verilog
733      work.spill_register__gen104_82.verilog
734      work.spill_register__gen106_84.verilog
735      work.spill_register__gen108_86.verilog
736      work.spill_register__gen125_99.verilog
737      work.spill_register__gen128_102.verilog
738      work.spill_register__gen129_103.verilog
739      work.spill_register__gen131_105.verilog
740      work.spill_register__gen133_107.verilog
741      work.spill_register__gen150_120.verilog
742      work.spill_register__gen153_123.verilog
743      work.spill_register__gen154_124.verilog
744      work.spill_register__gen156_126.verilog
745      work.spill_register__gen158_128.verilog
746      work.spill_register__gen175_141.verilog
747      work.spill_register__gen178_144.verilog
748      work.spill_register__gen179_145.verilog
749      work.spill_register__gen181_147.verilog
750      work.spill_register__gen183_149.verilog
751      work.spill_register__gen200_162.verilog
752      work.spill_register__gen203_165.verilog
753      work.spill_register__gen204_166.verilog
754      work.spill_register__gen206_168.verilog
755      work.spill_register__gen208_170.verilog
756      work.spill_register__gen225_183.verilog
757      work.spill_register__gen228_186.verilog
758      work.spill_register__gen229_187.verilog
759      work.spill_register__gen231_189.verilog
760      work.spill_register__gen233_191.verilog
761      work.spill_register__gen250_204.verilog
762      work.spill_register__gen253_207.verilog
763      work.spill_register__gen254_208.verilog
764      work.spill_register__gen256_210.verilog
765      work.spill_register__gen258_212.verilog
766      work.spill_register__gen279_225.verilog
767      work.spill_register__gen280_226.verilog
768      work.spill_register__gen281_227.verilog
769      work.spill_register__gen283_229.verilog
770      work.spill_register__gen284_230.verilog
771      work.spill_register__gen390_243.verilog
772      work.spill_register__gen391_244.verilog
773      work.spill_register__gen392_245.verilog
774      work.spill_register__gen394_247.verilog
775      work.spill_register__gen395_248.verilog
776      work.spill_register__gen486_291.verilog
777      work.spill_register__gen489_294.verilog
778      work.spill_register__gen490_295.verilog
779      work.spill_register__gen492_297.verilog
780      work.spill_register__gen494_299.verilog
781      work.spill_register__gen50_36.verilog
782      work.spill_register__gen53_39.verilog
783      work.spill_register__gen54_40.verilog
784      work.spill_register__gen56_42.verilog
785      work.spill_register__gen58_44.verilog
786      work.spill_register__gen75_57.verilog
787      work.spill_register__gen78_60.verilog
788      work.spill_register__gen79_61.verilog
789      work.spill_register__gen81_63.verilog
790      work.spill_register__gen83_65.verilog
791      work.spill_register__internal_typedef_260_315.verilog
792      work.spill_register_int_req_t_314.verilog
793      work.spill_register_int_resp_t_316.verilog
794      work.stream_arbiter.verilog
795      work.stream_arbiter_flushable.verilog
796      work.stream_delay.verilog
797      work.stream_demux.verilog
798      work.stream_fifo.verilog
799      work.stream_filter.verilog
800      work.stream_fork.verilog
801      work.stream_fork_dynamic.verilog
802      work.stream_join.verilog
803      work.stream_mux.verilog
804      work.stream_omega_net.verilog
805      work.stream_register.verilog
806      work.stream_register_r_resp_cmd_t_114.verilog
807      work.stream_register_r_resp_cmd_t_135.verilog
808      work.stream_register_r_resp_cmd_t_156.verilog
809      work.stream_register_r_resp_cmd_t_177.verilog
810      work.stream_register_r_resp_cmd_t_198.verilog
811      work.stream_register_r_resp_cmd_t_219.verilog
812      work.stream_register_r_resp_cmd_t_286.verilog
813      work.stream_register_r_resp_cmd_t_51.verilog
814      work.stream_register_r_resp_cmd_t_72.verilog
815      work.stream_register_r_resp_cmd_t_93.verilog
816      work.stream_to_mem.verilog
817      work.stream_xbar.verilog
818      work.sub_per_hash.verilog
819      work.sync.verilog
820      work.sync_wedge.verilog
821      work.syncflop.verilog
822      work.syncreg.verilog
823      work.tap_top.verilog
824      work.tc_clk_and2.verilog
825      work.tc_clk_buffer.verilog
826      work.tc_clk_gating.verilog
827      work.tc_clk_inverter.verilog
828      work.tc_clk_mux2.verilog
829      work.tc_clk_xor2.verilog
830      work.tc_pwr_isolation_hi.verilog
831      work.tc_pwr_isolation_lo.verilog
832      work.tc_pwr_level_shifter_in.verilog
833      work.tc_pwr_level_shifter_in_clamp_hi.verilog
834      work.tc_pwr_level_shifter_in_clamp_lo.verilog
835      work.tc_pwr_level_shifter_out.verilog
836      work.tc_pwr_level_shifter_out_clamp_hi.verilog
837      work.tc_pwr_level_shifter_out_clamp_lo.verilog
838      work.tc_pwr_power_gating.verilog
839      work.tcdm_arbiter_2x1.verilog
840      work.tcdm_demux.verilog
841      work.tcdm_error_slave.verilog
842      work.tcdm_interconnect.verilog
843      work.timer_cntrl.verilog
844      work.timer_module.verilog
845      work.timer_unit.verilog
846      work.timer_unit_counter.verilog
847      work.timer_unit_counter_presc.verilog
848      work.udma_apb_if.verilog
849      work.udma_arbiter.verilog
850      work.udma_ch_addrgen.verilog
851      work.udma_clk_div_cnt.verilog
852      work.udma_clkgen.verilog
853      work.udma_core.verilog
854      work.udma_ctrl.verilog
855      work.udma_dc_fifo.verilog
856      work.udma_external_per_reg_if.verilog
857      work.udma_external_per_top.verilog
858      work.udma_external_per_wrapper.verilog
859      work.udma_filter.verilog
860      work.udma_filter_au.verilog
861      work.udma_filter_bincu.verilog
862      work.udma_filter_reg_if.verilog
863      work.udma_filter_rx_dataout.verilog
864      work.udma_filter_tx_datafetch.verilog
865      work.udma_i2c_bus_ctrl.verilog
866      work.udma_i2c_control.verilog
867      work.udma_i2c_reg_if.verilog
868      work.udma_i2c_top.verilog
869      work.udma_i2s_reg_if.verilog
870      work.udma_i2s_top.verilog
871      work.udma_rx_channels.verilog
872      work.udma_sdio_reg_if.verilog
873      work.udma_sdio_top.verilog
874      work.udma_spim_ctrl.verilog
875      work.udma_spim_reg_if.verilog
876      work.udma_spim_top.verilog
877      work.udma_spim_txrx.verilog
878      work.udma_stream_unit.verilog
879      work.udma_subsystem.verilog
880      work.udma_traffic_gen_rx.verilog
881      work.udma_traffic_gen_tx.verilog
882      work.udma_tx_channels.verilog
883      work.udma_uart_reg_if.verilog
884      work.udma_uart_rx.verilog
885      work.udma_uart_top.verilog
886      work.udma_uart_tx.verilog
887      work.unread.verilog
888      work.up_down_counter.verilog
889      work.varcic.verilog
890      work.xbar.verilog
891      work.xilinx_pulpissimo.verilog
