Analysis & Elaboration report for xilinx_pulpissimo
Tue Jul  1 14:25:39 2025
Quartus Prime Version 23.1std.1 Build 993 05/14/2024 SC Lite Edition


---------------------
; Table of Contents ;
---------------------
  1. Legal Notice
  2. Analysis & Elaboration Summary
  3. Parallel Compilation
  4. Analysis & Elaboration Settings
  5. Analysis & Elaboration Messages
  6. Analysis & Elaboration Suppressed Messages



----------------
; Legal Notice ;
----------------
Copyright (C) 2024  Intel Corporation. All rights reserved.
Your use of Intel Corporation's design tools, logic functions 
and other software and tools, and any partner logic 
functions, and any output files from any of the foregoing 
(including device programming or simulation files), and any 
associated documentation or information are expressly subject 
to the terms and conditions of the Intel Program License 
Subscription Agreement, the Intel Quartus Prime License Agreement,
the Intel FPGA IP License Agreement, or other applicable license
agreement, including, without limitation, that your use is for
the sole purpose of programming logic devices manufactured by
Intel and sold by Intel or its authorized distributors.  Please
refer to the applicable agreement for further details, at
https://fpgasoftware.intel.com/eula.



+--------------------------------------------------------------------------------+
; Analysis & Elaboration Summary                                                 ;
+-------------------------------+------------------------------------------------+
; Analysis & Elaboration Status ; Failed - Tue Jul  1 14:25:39 2025              ;
; Quartus Prime Version         ; 23.1std.1 Build 993 05/14/2024 SC Lite Edition ;
; Revision Name                 ; xilinx_pulpissimo                              ;
; Top-level Entity Name         ; xilinx_pulpissimo                              ;
; Family                        ; Cyclone V                                      ;
; Logic utilization (in ALMs)   ; N/A until Partition Merge                      ;
; Total registers               ; N/A until Partition Merge                      ;
; Total pins                    ; N/A until Partition Merge                      ;
; Total virtual pins            ; N/A until Partition Merge                      ;
; Total block memory bits       ; N/A until Partition Merge                      ;
; Total PLLs                    ; N/A until Partition Merge                      ;
; Total DLLs                    ; N/A until Partition Merge                      ;
+-------------------------------+------------------------------------------------+


+------------------------------------------+
; Parallel Compilation                     ;
+----------------------------+-------------+
; Processors                 ; Number      ;
+----------------------------+-------------+
; Number detected on machine ; 4           ;
; Maximum allowed            ; 2           ;
;                            ;             ;
; Average used               ; 1.00        ;
; Maximum used               ; 1           ;
;                            ;             ;
; Usage by Processor         ; % Time Used ;
;     Processor 1            ; 100.0%      ;
+----------------------------+-------------+


+---------------------------------------------------------------------------------------------------------------------------+
; Analysis & Elaboration Settings                                                                                           ;
+---------------------------------------------------------------------------------+--------------------+--------------------+
; Option                                                                          ; Setting            ; Default Value      ;
+---------------------------------------------------------------------------------+--------------------+--------------------+
; Device                                                                          ; 5CSXFC6D6F31C6     ;                    ;
; Top-level entity name                                                           ; xilinx_pulpissimo  ; xilinx_pulpissimo  ;
; Family name                                                                     ; Cyclone V          ; Cyclone V          ;
; Verilog Show LMF Mapping Messages                                               ; Off                ;                    ;
; Verilog Version                                                                 ; SystemVerilog_2005 ; Verilog_2001       ;
; Type of Retiming Performed During Resynthesis                                   ; Full               ;                    ;
; Resynthesis Optimization Effort                                                 ; Normal             ;                    ;
; Physical Synthesis Level for Resynthesis                                        ; Normal             ;                    ;
; Use Generated Physical Constraints File                                         ; On                 ;                    ;
; Use smart compilation                                                           ; Off                ; Off                ;
; Enable parallel Assembler and Timing Analyzer during compilation                ; On                 ; On                 ;
; Enable compact report table                                                     ; Off                ; Off                ;
; Restructure Multiplexers                                                        ; Auto               ; Auto               ;
; MLAB Add Timing Constraints For Mixed-Port Feed-Through Mode Setting Don't Care ; Off                ; Off                ;
; Create Debugging Nodes for IP Cores                                             ; Off                ; Off                ;
; Preserve fewer node names                                                       ; On                 ; On                 ;
; Intel FPGA IP Evaluation Mode                                                   ; Enable             ; Enable             ;
; VHDL Version                                                                    ; VHDL_1993          ; VHDL_1993          ;
; State Machine Processing                                                        ; Auto               ; Auto               ;
; Safe State Machine                                                              ; Off                ; Off                ;
; Extract Verilog State Machines                                                  ; On                 ; On                 ;
; Extract VHDL State Machines                                                     ; On                 ; On                 ;
; Ignore Verilog initial constructs                                               ; Off                ; Off                ;
; Iteration limit for constant Verilog loops                                      ; 5000               ; 5000               ;
; Iteration limit for non-constant Verilog loops                                  ; 250                ; 250                ;
; Add Pass-Through Logic to Inferred RAMs                                         ; On                 ; On                 ;
; Infer RAMs from Raw Logic                                                       ; On                 ; On                 ;
; Parallel Synthesis                                                              ; On                 ; On                 ;
; DSP Block Balancing                                                             ; Auto               ; Auto               ;
; NOT Gate Push-Back                                                              ; On                 ; On                 ;
; Power-Up Don't Care                                                             ; On                 ; On                 ;
; Remove Redundant Logic Cells                                                    ; Off                ; Off                ;
; Remove Duplicate Registers                                                      ; On                 ; On                 ;
; Ignore CARRY Buffers                                                            ; Off                ; Off                ;
; Ignore CASCADE Buffers                                                          ; Off                ; Off                ;
; Ignore GLOBAL Buffers                                                           ; Off                ; Off                ;
; Ignore ROW GLOBAL Buffers                                                       ; Off                ; Off                ;
; Ignore LCELL Buffers                                                            ; Off                ; Off                ;
; Ignore SOFT Buffers                                                             ; On                 ; On                 ;
; Limit AHDL Integers to 32 Bits                                                  ; Off                ; Off                ;
; Optimization Technique                                                          ; Balanced           ; Balanced           ;
; Carry Chain Length                                                              ; 70                 ; 70                 ;
; Auto Carry Chains                                                               ; On                 ; On                 ;
; Auto Open-Drain Pins                                                            ; On                 ; On                 ;
; Perform WYSIWYG Primitive Resynthesis                                           ; Off                ; Off                ;
; Auto ROM Replacement                                                            ; On                 ; On                 ;
; Auto RAM Replacement                                                            ; On                 ; On                 ;
; Auto DSP Block Replacement                                                      ; On                 ; On                 ;
; Auto Shift Register Replacement                                                 ; Auto               ; Auto               ;
; Allow Shift Register Merging across Hierarchies                                 ; Auto               ; Auto               ;
; Auto Clock Enable Replacement                                                   ; On                 ; On                 ;
; Strict RAM Replacement                                                          ; Off                ; Off                ;
; Allow Synchronous Control Signals                                               ; On                 ; On                 ;
; Force Use of Synchronous Clear Signals                                          ; Off                ; Off                ;
; Auto Resource Sharing                                                           ; Off                ; Off                ;
; Allow Any RAM Size For Recognition                                              ; Off                ; Off                ;
; Allow Any ROM Size For Recognition                                              ; Off                ; Off                ;
; Allow Any Shift Register Size For Recognition                                   ; Off                ; Off                ;
; Use LogicLock Constraints during Resource Balancing                             ; On                 ; On                 ;
; Ignore translate_off and synthesis_off directives                               ; Off                ; Off                ;
; Timing-Driven Synthesis                                                         ; On                 ; On                 ;
; Report Parameter Settings                                                       ; On                 ; On                 ;
; Report Source Assignments                                                       ; On                 ; On                 ;
; Report Connectivity Checks                                                      ; On                 ; On                 ;
; Ignore Maximum Fan-Out Assignments                                              ; Off                ; Off                ;
; Synchronization Register Chain Length                                           ; 3                  ; 3                  ;
; Power Optimization During Synthesis                                             ; Normal compilation ; Normal compilation ;
; HDL message level                                                               ; Level2             ; Level2             ;
; Suppress Register Optimization Related Messages                                 ; Off                ; Off                ;
; Number of Removed Registers Reported in Synthesis Report                        ; 5000               ; 5000               ;
; Number of Swept Nodes Reported in Synthesis Report                              ; 5000               ; 5000               ;
; Number of Inverted Registers Reported in Synthesis Report                       ; 100                ; 100                ;
; Clock MUX Protection                                                            ; On                 ; On                 ;
; Auto Gated Clock Conversion                                                     ; Off                ; Off                ;
; Block Design Naming                                                             ; Auto               ; Auto               ;
; SDC constraint protection                                                       ; Off                ; Off                ;
; Synthesis Effort                                                                ; Auto               ; Auto               ;
; Shift Register Replacement - Allow Asynchronous Clear Signal                    ; On                 ; On                 ;
; Pre-Mapping Resynthesis Optimization                                            ; Off                ; Off                ;
; Analysis & Synthesis Message Level                                              ; Medium             ; Medium             ;
; Disable Register Merging Across Hierarchies                                     ; Auto               ; Auto               ;
; Resource Aware Inference For Block RAM                                          ; On                 ; On                 ;
; Automatic Parallel Synthesis                                                    ; On                 ; On                 ;
; Partial Reconfiguration Bitstream ID                                            ; Off                ; Off                ;
+---------------------------------------------------------------------------------+--------------------+--------------------+


+---------------------------------+
; Analysis & Elaboration Messages ;
+---------------------------------+
Info: *******************************************************************
Info: Running Quartus Prime Analysis & Elaboration
    Info: Version 23.1std.1 Build 993 05/14/2024 SC Lite Edition
    Info: Processing started: Tue Jul  1 14:25:27 2025
Info: Command: quartus_map --read_settings_files=on --write_settings_files=off xilinx_pulpissimo -c xilinx_pulpissimo --analysis_and_elaboration
Warning (18236): Number of processors has not been specified which may cause overloading on shared machines.  Set the global assignment NUM_PARALLEL_PROCESSORS in your QSF to an appropriate value for best performance.
Info (20030): Parallel compilation is enabled and will use 2 of the 2 processors detected
Info (12021): Found 1 design units, including 1 entities, in source file /home/victor/pulp_shared_vm/pulp_box/pulpissimo/ips/common_cells/src/binary_to_gray.sv
    Info (12023): Found entity 1: binary_to_gray File: /home/victor/pulp_shared_vm/pulp_box/pulpissimo/ips/common_cells/src/binary_to_gray.sv Line: 15
Info (12021): Found 1 design units, including 0 entities, in source file /home/victor/pulp_shared_vm/pulp_box/pulpissimo/ips/common_cells/src/cb_filter_pkg.sv
    Info (12022): Found design unit 1: cb_filter_pkg (SystemVerilog) File: /home/victor/pulp_shared_vm/pulp_box/pulpissimo/ips/common_cells/src/cb_filter_pkg.sv Line: 14
Error (10170): Verilog HDL syntax error at cdc_2phase.sv(20) near text: "type";  expecting an identifier ("type" is a reserved keyword ). Check for and fix any syntax errors that appear immediately before or at the specified keyword. The Intel FPGA Knowledge Database contains many articles with specific details on how to resolve this error. Visit the Knowledge Database at https://www.altera.com/support/support-resources/knowledge-base/search.html and search for this specific error message number. File: /home/victor/pulp_shared_vm/pulp_box/pulpissimo/ips/common_cells/src/cdc_2phase.sv Line: 20
Warning (10335): Unrecognized synthesis attribute "dont_touch" at ../ips/common_cells/src/cdc_2phase.sv(36) File: /home/victor/pulp_shared_vm/pulp_box/pulpissimo/ips/common_cells/src/cdc_2phase.sv Line: 36
Warning (10335): Unrecognized synthesis attribute "dont_touch" at ../ips/common_cells/src/cdc_2phase.sv(37) File: /home/victor/pulp_shared_vm/pulp_box/pulpissimo/ips/common_cells/src/cdc_2phase.sv Line: 37
Warning (10335): Unrecognized synthesis attribute "dont_touch" at ../ips/common_cells/src/cdc_2phase.sv(38) File: /home/victor/pulp_shared_vm/pulp_box/pulpissimo/ips/common_cells/src/cdc_2phase.sv Line: 38
Error (10112): Ignored design unit "cdc_2phase" at cdc_2phase.sv(19) due to previous errors File: /home/victor/pulp_shared_vm/pulp_box/pulpissimo/ips/common_cells/src/cdc_2phase.sv Line: 19
Error (10170): Verilog HDL syntax error at cdc_2phase.sv(69) near text: "type";  expecting an identifier ("type" is a reserved keyword ). Check for and fix any syntax errors that appear immediately before or at the specified keyword. The Intel FPGA Knowledge Database contains many articles with specific details on how to resolve this error. Visit the Knowledge Database at https://www.altera.com/support/support-resources/knowledge-base/search.html and search for this specific error message number. File: /home/victor/pulp_shared_vm/pulp_box/pulpissimo/ips/common_cells/src/cdc_2phase.sv Line: 69
Warning (10335): Unrecognized synthesis attribute "dont_touch" at ../ips/common_cells/src/cdc_2phase.sv(81) File: /home/victor/pulp_shared_vm/pulp_box/pulpissimo/ips/common_cells/src/cdc_2phase.sv Line: 81
Warning (10335): Unrecognized synthesis attribute "dont_touch" at ../ips/common_cells/src/cdc_2phase.sv(83) File: /home/victor/pulp_shared_vm/pulp_box/pulpissimo/ips/common_cells/src/cdc_2phase.sv Line: 83
Error (10112): Ignored design unit "cdc_2phase_src" at cdc_2phase.sv(68) due to previous errors File: /home/victor/pulp_shared_vm/pulp_box/pulpissimo/ips/common_cells/src/cdc_2phase.sv Line: 68
Error (10170): Verilog HDL syntax error at cdc_2phase.sv(119) near text: "type";  expecting an identifier ("type" is a reserved keyword ). Check for and fix any syntax errors that appear immediately before or at the specified keyword. The Intel FPGA Knowledge Database contains many articles with specific details on how to resolve this error. Visit the Knowledge Database at https://www.altera.com/support/support-resources/knowledge-base/search.html and search for this specific error message number. File: /home/victor/pulp_shared_vm/pulp_box/pulpissimo/ips/common_cells/src/cdc_2phase.sv Line: 119
Warning (10335): Unrecognized synthesis attribute "dont_touch" at ../ips/common_cells/src/cdc_2phase.sv(131) File: /home/victor/pulp_shared_vm/pulp_box/pulpissimo/ips/common_cells/src/cdc_2phase.sv Line: 131
Warning (10335): Unrecognized synthesis attribute "async_reg" at ../ips/common_cells/src/cdc_2phase.sv(132) File: /home/victor/pulp_shared_vm/pulp_box/pulpissimo/ips/common_cells/src/cdc_2phase.sv Line: 132
Warning (10335): Unrecognized synthesis attribute "dont_touch" at ../ips/common_cells/src/cdc_2phase.sv(134) File: /home/victor/pulp_shared_vm/pulp_box/pulpissimo/ips/common_cells/src/cdc_2phase.sv Line: 134
Error (10112): Ignored design unit "cdc_2phase_dst" at cdc_2phase.sv(118) due to previous errors File: /home/victor/pulp_shared_vm/pulp_box/pulpissimo/ips/common_cells/src/cdc_2phase.sv Line: 118
Info (12021): Found 0 design units, including 0 entities, in source file /home/victor/pulp_shared_vm/pulp_box/pulpissimo/ips/common_cells/src/cdc_2phase.sv
Info (12021): Found 1 design units, including 0 entities, in source file /home/victor/pulp_shared_vm/pulp_box/pulpissimo/ips/common_cells/src/cf_math_pkg.sv
    Info (12022): Found design unit 1: cf_math_pkg (SystemVerilog) File: /home/victor/pulp_shared_vm/pulp_box/pulpissimo/ips/common_cells/src/cf_math_pkg.sv Line: 18
Info (12021): Found 1 design units, including 1 entities, in source file /home/victor/pulp_shared_vm/pulp_box/pulpissimo/ips/common_cells/src/clk_div.sv
    Info (12023): Found entity 1: clk_div File: /home/victor/pulp_shared_vm/pulp_box/pulpissimo/ips/common_cells/src/clk_div.sv Line: 13
Info (12021): Found 1 design units, including 0 entities, in source file /home/victor/pulp_shared_vm/pulp_box/pulpissimo/ips/common_cells/src/ecc_pkg.sv
    Info (12022): Found design unit 1: ecc_pkg (SystemVerilog) File: /home/victor/pulp_shared_vm/pulp_box/pulpissimo/ips/common_cells/src/ecc_pkg.sv Line: 15
Info (12021): Found 1 design units, including 1 entities, in source file /home/victor/pulp_shared_vm/pulp_box/pulpissimo/ips/common_cells/src/edge_propagator_tx.sv
    Info (12023): Found entity 1: edge_propagator_tx File: /home/victor/pulp_shared_vm/pulp_box/pulpissimo/ips/common_cells/src/edge_propagator_tx.sv Line: 13
Info (12021): Found 1 design units, including 1 entities, in source file /home/victor/pulp_shared_vm/pulp_box/pulpissimo/ips/common_cells/src/exp_backoff.sv
    Info (12023): Found entity 1: exp_backoff File: /home/victor/pulp_shared_vm/pulp_box/pulpissimo/ips/common_cells/src/exp_backoff.sv Line: 23
Error (10170): Verilog HDL syntax error at fifo_v3.sv(17) near text: "type";  expecting an identifier ("type" is a reserved keyword ). Check for and fix any syntax errors that appear immediately before or at the specified keyword. The Intel FPGA Knowledge Database contains many articles with specific details on how to resolve this error. Visit the Knowledge Database at https://www.altera.com/support/support-resources/knowledge-base/search.html and search for this specific error message number. File: /home/victor/pulp_shared_vm/pulp_box/pulpissimo/ips/common_cells/src/fifo_v3.sv Line: 17
Error (10170): Verilog HDL syntax error at fifo_v3.sv(51) near text: "if";  expecting "endmodule". Check for and fix any syntax errors that appear immediately before or at the specified keyword. The Intel FPGA Knowledge Database contains many articles with specific details on how to resolve this error. Visit the Knowledge Database at https://www.altera.com/support/support-resources/knowledge-base/search.html and search for this specific error message number. File: /home/victor/pulp_shared_vm/pulp_box/pulpissimo/ips/common_cells/src/fifo_v3.sv Line: 51
Error (10170): Verilog HDL syntax error at fifo_v3.sv(54) near text: "end";  expecting "endmodule". Check for and fix any syntax errors that appear immediately before or at the specified keyword. The Intel FPGA Knowledge Database contains many articles with specific details on how to resolve this error. Visit the Knowledge Database at https://www.altera.com/support/support-resources/knowledge-base/search.html and search for this specific error message number. File: /home/victor/pulp_shared_vm/pulp_box/pulpissimo/ips/common_cells/src/fifo_v3.sv Line: 54
Error (10170): Verilog HDL syntax error at fifo_v3.sv(57) near text: "end";  expecting "endmodule". Check for and fix any syntax errors that appear immediately before or at the specified keyword. The Intel FPGA Knowledge Database contains many articles with specific details on how to resolve this error. Visit the Knowledge Database at https://www.altera.com/support/support-resources/knowledge-base/search.html and search for this specific error message number. File: /home/victor/pulp_shared_vm/pulp_box/pulpissimo/ips/common_cells/src/fifo_v3.sv Line: 57
Error (10112): Ignored design unit "fifo_v3" at fifo_v3.sv(13) due to previous errors File: /home/victor/pulp_shared_vm/pulp_box/pulpissimo/ips/common_cells/src/fifo_v3.sv Line: 13
Info (12021): Found 0 design units, including 0 entities, in source file /home/victor/pulp_shared_vm/pulp_box/pulpissimo/ips/common_cells/src/fifo_v3.sv
Error (10170): Verilog HDL syntax error at gray_to_binary.sv(21) near text: "for";  expecting "endmodule". Check for and fix any syntax errors that appear immediately before or at the specified keyword. The Intel FPGA Knowledge Database contains many articles with specific details on how to resolve this error. Visit the Knowledge Database at https://www.altera.com/support/support-resources/knowledge-base/search.html and search for this specific error message number. File: /home/victor/pulp_shared_vm/pulp_box/pulpissimo/ips/common_cells/src/gray_to_binary.sv Line: 21
Error (10112): Ignored design unit "gray_to_binary" at gray_to_binary.sv(15) due to previous errors File: /home/victor/pulp_shared_vm/pulp_box/pulpissimo/ips/common_cells/src/gray_to_binary.sv Line: 15
Info (12021): Found 0 design units, including 0 entities, in source file /home/victor/pulp_shared_vm/pulp_box/pulpissimo/ips/common_cells/src/gray_to_binary.sv
Error (10054): Verilog HDL File I/O error at isochronous_spill_register.sv(14): can't open Verilog Design File "common_cells/registers.svh" File: /home/victor/pulp_shared_vm/pulp_box/pulpissimo/ips/common_cells/src/isochronous_spill_register.sv Line: 14
Error (10170): Verilog HDL syntax error at isochronous_spill_register.sv(32) near text: "type";  expecting an identifier ("type" is a reserved keyword ). Check for and fix any syntax errors that appear immediately before or at the specified keyword. The Intel FPGA Knowledge Database contains many articles with specific details on how to resolve this error. Visit the Knowledge Database at https://www.altera.com/support/support-resources/knowledge-base/search.html and search for this specific error message number. File: /home/victor/pulp_shared_vm/pulp_box/pulpissimo/ips/common_cells/src/isochronous_spill_register.sv Line: 32
Error (10170): Verilog HDL syntax error at isochronous_spill_register.sv(58) near text: "if";  expecting "endmodule". Check for and fix any syntax errors that appear immediately before or at the specified keyword. The Intel FPGA Knowledge Database contains many articles with specific details on how to resolve this error. Visit the Knowledge Database at https://www.altera.com/support/support-resources/knowledge-base/search.html and search for this specific error message number. File: /home/victor/pulp_shared_vm/pulp_box/pulpissimo/ips/common_cells/src/isochronous_spill_register.sv Line: 58
Error (10170): Verilog HDL syntax error at isochronous_spill_register.sv(63) near text: "end";  expecting "endmodule". Check for and fix any syntax errors that appear immediately before or at the specified keyword. The Intel FPGA Knowledge Database contains many articles with specific details on how to resolve this error. Visit the Knowledge Database at https://www.altera.com/support/support-resources/knowledge-base/search.html and search for this specific error message number. File: /home/victor/pulp_shared_vm/pulp_box/pulpissimo/ips/common_cells/src/isochronous_spill_register.sv Line: 63
Critical Warning (10191): Verilog HDL Compiler Directive warning at isochronous_spill_register.sv(71): text macro "FFLARN" is undefined File: /home/victor/pulp_shared_vm/pulp_box/pulpissimo/ips/common_cells/src/isochronous_spill_register.sv Line: 71
Error (10170): Verilog HDL syntax error at isochronous_spill_register.sv(71) near text: "(";  expecting "endmodule". Check for and fix any syntax errors that appear immediately before or at the specified keyword. The Intel FPGA Knowledge Database contains many articles with specific details on how to resolve this error. Visit the Knowledge Database at https://www.altera.com/support/support-resources/knowledge-base/search.html and search for this specific error message number. File: /home/victor/pulp_shared_vm/pulp_box/pulpissimo/ips/common_cells/src/isochronous_spill_register.sv Line: 71
Error (10149): Verilog HDL Declaration error at isochronous_spill_register.sv(71): identifier "wr_pointer_q" is already declared in the present scope File: /home/victor/pulp_shared_vm/pulp_box/pulpissimo/ips/common_cells/src/isochronous_spill_register.sv Line: 71
Error (10759): Verilog HDL error at isochronous_spill_register.sv(71): object src_clk_i declared in a list of port declarations cannot be redeclared within the module body File: /home/victor/pulp_shared_vm/pulp_box/pulpissimo/ips/common_cells/src/isochronous_spill_register.sv Line: 71
Error (10759): Verilog HDL error at isochronous_spill_register.sv(71): object src_rst_ni declared in a list of port declarations cannot be redeclared within the module body File: /home/victor/pulp_shared_vm/pulp_box/pulpissimo/ips/common_cells/src/isochronous_spill_register.sv Line: 71
Error (10170): Verilog HDL syntax error at isochronous_spill_register.sv(71) near text: ")";  expecting ";". Check for and fix any syntax errors that appear immediately before or at the specified keyword. The Intel FPGA Knowledge Database contains many articles with specific details on how to resolve this error. Visit the Knowledge Database at https://www.altera.com/support/support-resources/knowledge-base/search.html and search for this specific error message number. File: /home/victor/pulp_shared_vm/pulp_box/pulpissimo/ips/common_cells/src/isochronous_spill_register.sv Line: 71
Error (10759): Verilog HDL error at isochronous_spill_register.sv(73): object dst_clk_i declared in a list of port declarations cannot be redeclared within the module body File: /home/victor/pulp_shared_vm/pulp_box/pulpissimo/ips/common_cells/src/isochronous_spill_register.sv Line: 73
Error (10759): Verilog HDL error at isochronous_spill_register.sv(73): object dst_rst_ni declared in a list of port declarations cannot be redeclared within the module body File: /home/victor/pulp_shared_vm/pulp_box/pulpissimo/ips/common_cells/src/isochronous_spill_register.sv Line: 73
Error (10170): Verilog HDL syntax error at isochronous_spill_register.sv(73) near text: ")";  expecting ";". Check for and fix any syntax errors that appear immediately before or at the specified keyword. The Intel FPGA Knowledge Database contains many articles with specific details on how to resolve this error. Visit the Knowledge Database at https://www.altera.com/support/support-resources/knowledge-base/search.html and search for this specific error message number. File: /home/victor/pulp_shared_vm/pulp_box/pulpissimo/ips/common_cells/src/isochronous_spill_register.sv Line: 73
Critical Warning (10191): Verilog HDL Compiler Directive warning at isochronous_spill_register.sv(76): text macro "FFLNR" is undefined File: /home/victor/pulp_shared_vm/pulp_box/pulpissimo/ips/common_cells/src/isochronous_spill_register.sv Line: 76
Error (10170): Verilog HDL syntax error at isochronous_spill_register.sv(76) near text: "(";  expecting "endmodule". Check for and fix any syntax errors that appear immediately before or at the specified keyword. The Intel FPGA Knowledge Database contains many articles with specific details on how to resolve this error. Visit the Knowledge Database at https://www.altera.com/support/support-resources/knowledge-base/search.html and search for this specific error message number. File: /home/victor/pulp_shared_vm/pulp_box/pulpissimo/ips/common_cells/src/isochronous_spill_register.sv Line: 76
Error (10170): Verilog HDL syntax error at isochronous_spill_register.sv(76) near text: "(";  expecting an identifier. Check for and fix any syntax errors that appear immediately before or at the specified keyword. The Intel FPGA Knowledge Database contains many articles with specific details on how to resolve this error. Visit the Knowledge Database at https://www.altera.com/support/support-resources/knowledge-base/search.html and search for this specific error message number. File: /home/victor/pulp_shared_vm/pulp_box/pulpissimo/ips/common_cells/src/isochronous_spill_register.sv Line: 76
Error (10759): Verilog HDL error at isochronous_spill_register.sv(76): object src_clk_i declared in a list of port declarations cannot be redeclared within the module body File: /home/victor/pulp_shared_vm/pulp_box/pulpissimo/ips/common_cells/src/isochronous_spill_register.sv Line: 76
Error (10170): Verilog HDL syntax error at isochronous_spill_register.sv(79) near text: "=";  expecting ".", or an identifier. Check for and fix any syntax errors that appear immediately before or at the specified keyword. The Intel FPGA Knowledge Database contains many articles with specific details on how to resolve this error. Visit the Knowledge Database at https://www.altera.com/support/support-resources/knowledge-base/search.html and search for this specific error message number. File: /home/victor/pulp_shared_vm/pulp_box/pulpissimo/ips/common_cells/src/isochronous_spill_register.sv Line: 79
Error (10170): Verilog HDL syntax error at isochronous_spill_register.sv(86) near text: "end";  expecting "endmodule". Check for and fix any syntax errors that appear immediately before or at the specified keyword. The Intel FPGA Knowledge Database contains many articles with specific details on how to resolve this error. Visit the Knowledge Database at https://www.altera.com/support/support-resources/knowledge-base/search.html and search for this specific error message number. File: /home/victor/pulp_shared_vm/pulp_box/pulpissimo/ips/common_cells/src/isochronous_spill_register.sv Line: 86
Error (10112): Ignored design unit "isochronous_spill_register" at isochronous_spill_register.sv(30) due to previous errors File: /home/victor/pulp_shared_vm/pulp_box/pulpissimo/ips/common_cells/src/isochronous_spill_register.sv Line: 30
Info (12021): Found 0 design units, including 0 entities, in source file /home/victor/pulp_shared_vm/pulp_box/pulpissimo/ips/common_cells/src/isochronous_spill_register.sv
Error (10170): Verilog HDL syntax error at lfsr.sv(252) near text: "if";  expecting "endmodule". Check for and fix any syntax errors that appear immediately before or at the specified keyword. The Intel FPGA Knowledge Database contains many articles with specific details on how to resolve this error. Visit the Knowledge Database at https://www.altera.com/support/support-resources/knowledge-base/search.html and search for this specific error message number. File: /home/victor/pulp_shared_vm/pulp_box/pulpissimo/ips/common_cells/src/lfsr.sv Line: 252
Error (10170): Verilog HDL syntax error at lfsr.sv(266) near text: "if";  expecting "endmodule". Check for and fix any syntax errors that appear immediately before or at the specified keyword. The Intel FPGA Knowledge Database contains many articles with specific details on how to resolve this error. Visit the Knowledge Database at https://www.altera.com/support/support-resources/knowledge-base/search.html and search for this specific error message number. File: /home/victor/pulp_shared_vm/pulp_box/pulpissimo/ips/common_cells/src/lfsr.sv Line: 266
Error (10149): Verilog HDL Declaration error at lfsr.sv(272): identifier "p_regs" is already declared in the present scope File: /home/victor/pulp_shared_vm/pulp_box/pulpissimo/ips/common_cells/src/lfsr.sv Line: 272
Error (10170): Verilog HDL syntax error at lfsr.sv(280) near text: "end";  expecting "endmodule". Check for and fix any syntax errors that appear immediately before or at the specified keyword. The Intel FPGA Knowledge Database contains many articles with specific details on how to resolve this error. Visit the Knowledge Database at https://www.altera.com/support/support-resources/knowledge-base/search.html and search for this specific error message number. File: /home/victor/pulp_shared_vm/pulp_box/pulpissimo/ips/common_cells/src/lfsr.sv Line: 280
Error (10112): Ignored design unit "lfsr" at lfsr.sv(22) due to previous errors File: /home/victor/pulp_shared_vm/pulp_box/pulpissimo/ips/common_cells/src/lfsr.sv Line: 22
Info (12021): Found 0 design units, including 0 entities, in source file /home/victor/pulp_shared_vm/pulp_box/pulpissimo/ips/common_cells/src/lfsr.sv
Info (12021): Found 1 design units, including 1 entities, in source file /home/victor/pulp_shared_vm/pulp_box/pulpissimo/ips/common_cells/src/lfsr_16bit.sv
    Info (12023): Found entity 1: lfsr_16bit File: /home/victor/pulp_shared_vm/pulp_box/pulpissimo/ips/common_cells/src/lfsr_16bit.sv Line: 21
Info (12021): Found 1 design units, including 1 entities, in source file /home/victor/pulp_shared_vm/pulp_box/pulpissimo/ips/common_cells/src/lfsr_8bit.sv
    Info (12023): Found entity 1: lfsr_8bit File: /home/victor/pulp_shared_vm/pulp_box/pulpissimo/ips/common_cells/src/lfsr_8bit.sv Line: 17
Info (12021): Found 1 design units, including 1 entities, in source file /home/victor/pulp_shared_vm/pulp_box/pulpissimo/ips/common_cells/src/mv_filter.sv
    Info (12023): Found entity 1: mv_filter File: /home/victor/pulp_shared_vm/pulp_box/pulpissimo/ips/common_cells/src/mv_filter.sv Line: 13
Error (10170): Verilog HDL syntax error at onehot_to_bin.sv(22) near text: "for";  expecting "endmodule". Check for and fix any syntax errors that appear immediately before or at the specified keyword. The Intel FPGA Knowledge Database contains many articles with specific details on how to resolve this error. Visit the Knowledge Database at https://www.altera.com/support/support-resources/knowledge-base/search.html and search for this specific error message number. File: /home/victor/pulp_shared_vm/pulp_box/pulpissimo/ips/common_cells/src/onehot_to_bin.sv Line: 22
Error (10170): Verilog HDL syntax error at onehot_to_bin.sv(28) near text: "end";  expecting "endmodule". Check for and fix any syntax errors that appear immediately before or at the specified keyword. The Intel FPGA Knowledge Database contains many articles with specific details on how to resolve this error. Visit the Knowledge Database at https://www.altera.com/support/support-resources/knowledge-base/search.html and search for this specific error message number. File: /home/victor/pulp_shared_vm/pulp_box/pulpissimo/ips/common_cells/src/onehot_to_bin.sv Line: 28
Error (10170): Verilog HDL syntax error at onehot_to_bin.sv(30) near text: "end";  expecting "endmodule". Check for and fix any syntax errors that appear immediately before or at the specified keyword. The Intel FPGA Knowledge Database contains many articles with specific details on how to resolve this error. Visit the Knowledge Database at https://www.altera.com/support/support-resources/knowledge-base/search.html and search for this specific error message number. File: /home/victor/pulp_shared_vm/pulp_box/pulpissimo/ips/common_cells/src/onehot_to_bin.sv Line: 30
Error (10112): Ignored design unit "onehot_to_bin" at onehot_to_bin.sv(13) due to previous errors File: /home/victor/pulp_shared_vm/pulp_box/pulpissimo/ips/common_cells/src/onehot_to_bin.sv Line: 13
Info (12021): Found 0 design units, including 0 entities, in source file /home/victor/pulp_shared_vm/pulp_box/pulpissimo/ips/common_cells/src/onehot_to_bin.sv
Info (12021): Found 1 design units, including 1 entities, in source file /home/victor/pulp_shared_vm/pulp_box/pulpissimo/ips/common_cells/src/plru_tree.sv
    Info (12023): Found entity 1: plru_tree File: /home/victor/pulp_shared_vm/pulp_box/pulpissimo/ips/common_cells/src/plru_tree.sv Line: 17
Error (10170): Verilog HDL syntax error at popcount.sv(21) near text: "localparam";  expecting an identifier ("localparam" is a reserved keyword ). Check for and fix any syntax errors that appear immediately before or at the specified keyword. The Intel FPGA Knowledge Database contains many articles with specific details on how to resolve this error. Visit the Knowledge Database at https://www.altera.com/support/support-resources/knowledge-base/search.html and search for this specific error message number. File: /home/victor/pulp_shared_vm/pulp_box/pulpissimo/ips/common_cells/src/popcount.sv Line: 21
Info (12021): Found 0 design units, including 0 entities, in source file /home/victor/pulp_shared_vm/pulp_box/pulpissimo/ips/common_cells/src/popcount.sv
Info (12021): Found 1 design units, including 1 entities, in source file /home/victor/pulp_shared_vm/pulp_box/pulpissimo/ips/common_cells/src/rstgen_bypass.sv
    Info (12023): Found entity 1: rstgen_bypass File: /home/victor/pulp_shared_vm/pulp_box/pulpissimo/ips/common_cells/src/rstgen_bypass.sv Line: 15
Info (12021): Found 1 design units, including 1 entities, in source file /home/victor/pulp_shared_vm/pulp_box/pulpissimo/ips/common_cells/src/serial_deglitch.sv
    Info (12023): Found entity 1: serial_deglitch File: /home/victor/pulp_shared_vm/pulp_box/pulpissimo/ips/common_cells/src/serial_deglitch.sv Line: 15
Error (10170): Verilog HDL syntax error at shift_reg.sv(17) near text: "type";  expecting an identifier ("type" is a reserved keyword ). Check for and fix any syntax errors that appear immediately before or at the specified keyword. The Intel FPGA Knowledge Database contains many articles with specific details on how to resolve this error. Visit the Knowledge Database at https://www.altera.com/support/support-resources/knowledge-base/search.html and search for this specific error message number. File: /home/victor/pulp_shared_vm/pulp_box/pulpissimo/ips/common_cells/src/shift_reg.sv Line: 17
Error (10170): Verilog HDL syntax error at shift_reg.sv(27) near text: "if";  expecting "endmodule". Check for and fix any syntax errors that appear immediately before or at the specified keyword. The Intel FPGA Knowledge Database contains many articles with specific details on how to resolve this error. Visit the Knowledge Database at https://www.altera.com/support/support-resources/knowledge-base/search.html and search for this specific error message number. File: /home/victor/pulp_shared_vm/pulp_box/pulpissimo/ips/common_cells/src/shift_reg.sv Line: 27
Error (10170): Verilog HDL syntax error at shift_reg.sv(51) near text: "end";  expecting "endmodule". Check for and fix any syntax errors that appear immediately before or at the specified keyword. The Intel FPGA Knowledge Database contains many articles with specific details on how to resolve this error. Visit the Knowledge Database at https://www.altera.com/support/support-resources/knowledge-base/search.html and search for this specific error message number. File: /home/victor/pulp_shared_vm/pulp_box/pulpissimo/ips/common_cells/src/shift_reg.sv Line: 51
Error (10112): Ignored design unit "shift_reg" at shift_reg.sv(16) due to previous errors File: /home/victor/pulp_shared_vm/pulp_box/pulpissimo/ips/common_cells/src/shift_reg.sv Line: 16
Info (12021): Found 0 design units, including 0 entities, in source file /home/victor/pulp_shared_vm/pulp_box/pulpissimo/ips/common_cells/src/shift_reg.sv
Error (10170): Verilog HDL syntax error at spill_register.sv(18) near text: "type";  expecting an identifier ("type" is a reserved keyword ). Check for and fix any syntax errors that appear immediately before or at the specified keyword. The Intel FPGA Knowledge Database contains many articles with specific details on how to resolve this error. Visit the Knowledge Database at https://www.altera.com/support/support-resources/knowledge-base/search.html and search for this specific error message number. File: /home/victor/pulp_shared_vm/pulp_box/pulpissimo/ips/common_cells/src/spill_register.sv Line: 18
Error (10170): Verilog HDL syntax error at spill_register.sv(31) near text: "if";  expecting "endmodule". Check for and fix any syntax errors that appear immediately before or at the specified keyword. The Intel FPGA Knowledge Database contains many articles with specific details on how to resolve this error. Visit the Knowledge Database at https://www.altera.com/support/support-resources/knowledge-base/search.html and search for this specific error message number. File: /home/victor/pulp_shared_vm/pulp_box/pulpissimo/ips/common_cells/src/spill_register.sv Line: 31
Error (10170): Verilog HDL syntax error at spill_register.sv(35) near text: "end";  expecting "endmodule". Check for and fix any syntax errors that appear immediately before or at the specified keyword. The Intel FPGA Knowledge Database contains many articles with specific details on how to resolve this error. Visit the Knowledge Database at https://www.altera.com/support/support-resources/knowledge-base/search.html and search for this specific error message number. File: /home/victor/pulp_shared_vm/pulp_box/pulpissimo/ips/common_cells/src/spill_register.sv Line: 35
Error (10170): Verilog HDL syntax error at spill_register.sv(94) near text: "end";  expecting "endmodule". Check for and fix any syntax errors that appear immediately before or at the specified keyword. The Intel FPGA Knowledge Database contains many articles with specific details on how to resolve this error. Visit the Knowledge Database at https://www.altera.com/support/support-resources/knowledge-base/search.html and search for this specific error message number. File: /home/victor/pulp_shared_vm/pulp_box/pulpissimo/ips/common_cells/src/spill_register.sv Line: 94
Error (10112): Ignored design unit "spill_register" at spill_register.sv(17) due to previous errors File: /home/victor/pulp_shared_vm/pulp_box/pulpissimo/ips/common_cells/src/spill_register.sv Line: 17
Info (12021): Found 0 design units, including 0 entities, in source file /home/victor/pulp_shared_vm/pulp_box/pulpissimo/ips/common_cells/src/spill_register.sv
Info (12021): Found 1 design units, including 1 entities, in source file /home/victor/pulp_shared_vm/pulp_box/pulpissimo/ips/common_cells/src/stream_demux.sv
    Info (12023): Found entity 1: stream_demux File: /home/victor/pulp_shared_vm/pulp_box/pulpissimo/ips/common_cells/src/stream_demux.sv Line: 15
Info (12021): Found 1 design units, including 1 entities, in source file /home/victor/pulp_shared_vm/pulp_box/pulpissimo/ips/common_cells/src/stream_filter.sv
    Info (12023): Found entity 1: stream_filter File: /home/victor/pulp_shared_vm/pulp_box/pulpissimo/ips/common_cells/src/stream_filter.sv Line: 13
Error (10170): Verilog HDL syntax error at stream_fork.sv(81) near text: "for";  expecting "endmodule". Check for and fix any syntax errors that appear immediately before or at the specified keyword. The Intel FPGA Knowledge Database contains many articles with specific details on how to resolve this error. Visit the Knowledge Database at https://www.altera.com/support/support-resources/knowledge-base/search.html and search for this specific error message number. File: /home/victor/pulp_shared_vm/pulp_box/pulpissimo/ips/common_cells/src/stream_fork.sv Line: 81
Error (10170): Verilog HDL syntax error at stream_fork.sv(120) near text: "end";  expecting "endmodule". Check for and fix any syntax errors that appear immediately before or at the specified keyword. The Intel FPGA Knowledge Database contains many articles with specific details on how to resolve this error. Visit the Knowledge Database at https://www.altera.com/support/support-resources/knowledge-base/search.html and search for this specific error message number. File: /home/victor/pulp_shared_vm/pulp_box/pulpissimo/ips/common_cells/src/stream_fork.sv Line: 120
Error (10112): Ignored design unit "stream_fork" at stream_fork.sv(19) due to previous errors File: /home/victor/pulp_shared_vm/pulp_box/pulpissimo/ips/common_cells/src/stream_fork.sv Line: 19
Info (12021): Found 0 design units, including 0 entities, in source file /home/victor/pulp_shared_vm/pulp_box/pulpissimo/ips/common_cells/src/stream_fork.sv
Error (10170): Verilog HDL syntax error at stream_intf.sv(18) near text: "type";  expecting an identifier ("type" is a reserved keyword ). Check for and fix any syntax errors that appear immediately before or at the specified keyword. The Intel FPGA Knowledge Database contains many articles with specific details on how to resolve this error. Visit the Knowledge Database at https://www.altera.com/support/support-resources/knowledge-base/search.html and search for this specific error message number. File: /home/victor/pulp_shared_vm/pulp_box/pulpissimo/ips/common_cells/src/stream_intf.sv Line: 18
Error (10112): Ignored design unit "STREAM_DV" at stream_intf.sv(16) due to previous errors File: /home/victor/pulp_shared_vm/pulp_box/pulpissimo/ips/common_cells/src/stream_intf.sv Line: 16
Info (12021): Found 0 design units, including 0 entities, in source file /home/victor/pulp_shared_vm/pulp_box/pulpissimo/ips/common_cells/src/stream_intf.sv
Error (10170): Verilog HDL syntax error at stream_join.sv(32) near text: "for";  expecting "endmodule". Check for and fix any syntax errors that appear immediately before or at the specified keyword. The Intel FPGA Knowledge Database contains many articles with specific details on how to resolve this error. Visit the Knowledge Database at https://www.altera.com/support/support-resources/knowledge-base/search.html and search for this specific error message number. File: /home/victor/pulp_shared_vm/pulp_box/pulpissimo/ips/common_cells/src/stream_join.sv Line: 32
Error (10112): Ignored design unit "stream_join" at stream_join.sv(17) due to previous errors File: /home/victor/pulp_shared_vm/pulp_box/pulpissimo/ips/common_cells/src/stream_join.sv Line: 17
Info (12021): Found 0 design units, including 0 entities, in source file /home/victor/pulp_shared_vm/pulp_box/pulpissimo/ips/common_cells/src/stream_join.sv
Error (10170): Verilog HDL syntax error at stream_mux.sv(15) near text: "type";  expecting an identifier ("type" is a reserved keyword ). Check for and fix any syntax errors that appear immediately before or at the specified keyword. The Intel FPGA Knowledge Database contains many articles with specific details on how to resolve this error. Visit the Knowledge Database at https://www.altera.com/support/support-resources/knowledge-base/search.html and search for this specific error message number. File: /home/victor/pulp_shared_vm/pulp_box/pulpissimo/ips/common_cells/src/stream_mux.sv Line: 15
Error (10112): Ignored design unit "stream_mux" at stream_mux.sv(14) due to previous errors File: /home/victor/pulp_shared_vm/pulp_box/pulpissimo/ips/common_cells/src/stream_mux.sv Line: 14
Info (12021): Found 0 design units, including 0 entities, in source file /home/victor/pulp_shared_vm/pulp_box/pulpissimo/ips/common_cells/src/stream_mux.sv
Error (10170): Verilog HDL syntax error at sub_per_hash.sv(65) near text: "for";  expecting "endmodule". Check for and fix any syntax errors that appear immediately before or at the specified keyword. The Intel FPGA Knowledge Database contains many articles with specific details on how to resolve this error. Visit the Knowledge Database at https://www.altera.com/support/support-resources/knowledge-base/search.html and search for this specific error message number. File: /home/victor/pulp_shared_vm/pulp_box/pulpissimo/ips/common_cells/src/sub_per_hash.sv Line: 65
Error (10170): Verilog HDL syntax error at sub_per_hash.sv(80) near text: "end";  expecting "endmodule". Check for and fix any syntax errors that appear immediately before or at the specified keyword. The Intel FPGA Knowledge Database contains many articles with specific details on how to resolve this error. Visit the Knowledge Database at https://www.altera.com/support/support-resources/knowledge-base/search.html and search for this specific error message number. File: /home/victor/pulp_shared_vm/pulp_box/pulpissimo/ips/common_cells/src/sub_per_hash.sv Line: 80
Error (10112): Ignored design unit "sub_per_hash" at sub_per_hash.sv(39) due to previous errors File: /home/victor/pulp_shared_vm/pulp_box/pulpissimo/ips/common_cells/src/sub_per_hash.sv Line: 39
Info (12021): Found 0 design units, including 0 entities, in source file /home/victor/pulp_shared_vm/pulp_box/pulpissimo/ips/common_cells/src/sub_per_hash.sv
Info (12021): Found 1 design units, including 1 entities, in source file /home/victor/pulp_shared_vm/pulp_box/pulpissimo/ips/common_cells/src/sync.sv
    Info (12023): Found entity 1: sync File: /home/victor/pulp_shared_vm/pulp_box/pulpissimo/ips/common_cells/src/sync.sv Line: 13
Info (12021): Found 1 design units, including 1 entities, in source file /home/victor/pulp_shared_vm/pulp_box/pulpissimo/ips/common_cells/src/sync_wedge.sv
    Info (12023): Found entity 1: sync_wedge File: /home/victor/pulp_shared_vm/pulp_box/pulpissimo/ips/common_cells/src/sync_wedge.sv Line: 13
Info (12021): Found 1 design units, including 1 entities, in source file /home/victor/pulp_shared_vm/pulp_box/pulpissimo/ips/common_cells/src/unread.sv
    Info (12023): Found entity 1: unread File: /home/victor/pulp_shared_vm/pulp_box/pulpissimo/ips/common_cells/src/unread.sv Line: 16
Error (10170): Verilog HDL syntax error at addr_decode.sv(36) near text: "type";  expecting an identifier ("type" is a reserved keyword ). Check for and fix any syntax errors that appear immediately before or at the specified keyword. The Intel FPGA Knowledge Database contains many articles with specific details on how to resolve this error. Visit the Knowledge Database at https://www.altera.com/support/support-resources/knowledge-base/search.html and search for this specific error message number. File: /home/victor/pulp_shared_vm/pulp_box/pulpissimo/ips/common_cells/src/addr_decode.sv Line: 36
Error (10170): Verilog HDL syntax error at addr_decode.sv(57) near text: "type";  expecting an identifier ("type" is a reserved keyword ). Check for and fix any syntax errors that appear immediately before or at the specified keyword. The Intel FPGA Knowledge Database contains many articles with specific details on how to resolve this error. Visit the Knowledge Database at https://www.altera.com/support/support-resources/knowledge-base/search.html and search for this specific error message number. File: /home/victor/pulp_shared_vm/pulp_box/pulpissimo/ips/common_cells/src/addr_decode.sv Line: 57
Error (10112): Ignored design unit "addr_decode" at addr_decode.sv(30) due to previous errors File: /home/victor/pulp_shared_vm/pulp_box/pulpissimo/ips/common_cells/src/addr_decode.sv Line: 30
Info (12021): Found 0 design units, including 0 entities, in source file /home/victor/pulp_shared_vm/pulp_box/pulpissimo/ips/common_cells/src/addr_decode.sv
Error (10170): Verilog HDL syntax error at cb_filter.sv(153) near text: "for";  expecting "endmodule". Check for and fix any syntax errors that appear immediately before or at the specified keyword. The Intel FPGA Knowledge Database contains many articles with specific details on how to resolve this error. Visit the Knowledge Database at https://www.altera.com/support/support-resources/knowledge-base/search.html and search for this specific error message number. File: /home/victor/pulp_shared_vm/pulp_box/pulpissimo/ips/common_cells/src/cb_filter.sv Line: 153
Error (10170): Verilog HDL syntax error at cb_filter.sv(171) near text: "end";  expecting "endmodule". Check for and fix any syntax errors that appear immediately before or at the specified keyword. The Intel FPGA Knowledge Database contains many articles with specific details on how to resolve this error. Visit the Knowledge Database at https://www.altera.com/support/support-resources/knowledge-base/search.html and search for this specific error message number. File: /home/victor/pulp_shared_vm/pulp_box/pulpissimo/ips/common_cells/src/cb_filter.sv Line: 171
Error (10112): Ignored design unit "cb_filter" at cb_filter.sv(43) due to previous errors File: /home/victor/pulp_shared_vm/pulp_box/pulpissimo/ips/common_cells/src/cb_filter.sv Line: 43
Error (10170): Verilog HDL syntax error at cb_filter.sv(214) near text: "for";  expecting "endmodule". Check for and fix any syntax errors that appear immediately before or at the specified keyword. The Intel FPGA Knowledge Database contains many articles with specific details on how to resolve this error. Visit the Knowledge Database at https://www.altera.com/support/support-resources/knowledge-base/search.html and search for this specific error message number. File: /home/victor/pulp_shared_vm/pulp_box/pulpissimo/ips/common_cells/src/cb_filter.sv Line: 214
Error (10112): Ignored design unit "hash_block" at cb_filter.sv(201) due to previous errors File: /home/victor/pulp_shared_vm/pulp_box/pulpissimo/ips/common_cells/src/cb_filter.sv Line: 201
Info (12021): Found 0 design units, including 0 entities, in source file /home/victor/pulp_shared_vm/pulp_box/pulpissimo/ips/common_cells/src/cb_filter.sv
Error (10170): Verilog HDL syntax error at cdc_fifo_2phase.sv(24) near text: "type";  expecting an identifier ("type" is a reserved keyword ). Check for and fix any syntax errors that appear immediately before or at the specified keyword. The Intel FPGA Knowledge Database contains many articles with specific details on how to resolve this error. Visit the Knowledge Database at https://www.altera.com/support/support-resources/knowledge-base/search.html and search for this specific error message number. File: /home/victor/pulp_shared_vm/pulp_box/pulpissimo/ips/common_cells/src/cdc_fifo_2phase.sv Line: 24
Error (10170): Verilog HDL syntax error at cdc_fifo_2phase.sv(67) near text: "for";  expecting "endmodule". Check for and fix any syntax errors that appear immediately before or at the specified keyword. The Intel FPGA Knowledge Database contains many articles with specific details on how to resolve this error. Visit the Knowledge Database at https://www.altera.com/support/support-resources/knowledge-base/search.html and search for this specific error message number. File: /home/victor/pulp_shared_vm/pulp_box/pulpissimo/ips/common_cells/src/cdc_fifo_2phase.sv Line: 67
Error (10112): Ignored design unit "cdc_fifo_2phase" at cdc_fifo_2phase.sv(22) due to previous errors File: /home/victor/pulp_shared_vm/pulp_box/pulpissimo/ips/common_cells/src/cdc_fifo_2phase.sv Line: 22
Info (12021): Found 0 design units, including 0 entities, in source file /home/victor/pulp_shared_vm/pulp_box/pulpissimo/ips/common_cells/src/cdc_fifo_2phase.sv
Error (10054): Verilog HDL File I/O error at cdc_fifo_gray.sv(74): can't open Verilog Design File "common_cells/registers.svh" File: /home/victor/pulp_shared_vm/pulp_box/pulpissimo/ips/common_cells/src/cdc_fifo_gray.sv Line: 74
Warning (10335): Unrecognized synthesis attribute "no_ungroup" at ../ips/common_cells/src/cdc_fifo_gray.sv(76) File: /home/victor/pulp_shared_vm/pulp_box/pulpissimo/ips/common_cells/src/cdc_fifo_gray.sv Line: 76
Warning (10335): Unrecognized synthesis attribute "no_boundary_optimization" at ../ips/common_cells/src/cdc_fifo_gray.sv(77) File: /home/victor/pulp_shared_vm/pulp_box/pulpissimo/ips/common_cells/src/cdc_fifo_gray.sv Line: 77
Error (10170): Verilog HDL syntax error at cdc_fifo_gray.sv(82) near text: "type";  expecting an identifier ("type" is a reserved keyword ). Check for and fix any syntax errors that appear immediately before or at the specified keyword. The Intel FPGA Knowledge Database contains many articles with specific details on how to resolve this error. Visit the Knowledge Database at https://www.altera.com/support/support-resources/knowledge-base/search.html and search for this specific error message number. File: /home/victor/pulp_shared_vm/pulp_box/pulpissimo/ips/common_cells/src/cdc_fifo_gray.sv Line: 82
Warning (10335): Unrecognized synthesis attribute "async" at ../ips/common_cells/src/cdc_fifo_gray.sv(115) File: /home/victor/pulp_shared_vm/pulp_box/pulpissimo/ips/common_cells/src/cdc_fifo_gray.sv Line: 115
Warning (10335): Unrecognized synthesis attribute "async" at ../ips/common_cells/src/cdc_fifo_gray.sv(116) File: /home/victor/pulp_shared_vm/pulp_box/pulpissimo/ips/common_cells/src/cdc_fifo_gray.sv Line: 116
Warning (10335): Unrecognized synthesis attribute "async" at ../ips/common_cells/src/cdc_fifo_gray.sv(117) File: /home/victor/pulp_shared_vm/pulp_box/pulpissimo/ips/common_cells/src/cdc_fifo_gray.sv Line: 117
Warning (10335): Unrecognized synthesis attribute "async" at ../ips/common_cells/src/cdc_fifo_gray.sv(130) File: /home/victor/pulp_shared_vm/pulp_box/pulpissimo/ips/common_cells/src/cdc_fifo_gray.sv Line: 130
Warning (10335): Unrecognized synthesis attribute "async" at ../ips/common_cells/src/cdc_fifo_gray.sv(131) File: /home/victor/pulp_shared_vm/pulp_box/pulpissimo/ips/common_cells/src/cdc_fifo_gray.sv Line: 131
Warning (10335): Unrecognized synthesis attribute "async" at ../ips/common_cells/src/cdc_fifo_gray.sv(132) File: /home/victor/pulp_shared_vm/pulp_box/pulpissimo/ips/common_cells/src/cdc_fifo_gray.sv Line: 132
Error (10112): Ignored design unit "cdc_fifo_gray" at cdc_fifo_gray.sv(78) due to previous errors File: /home/victor/pulp_shared_vm/pulp_box/pulpissimo/ips/common_cells/src/cdc_fifo_gray.sv Line: 78
Warning (10335): Unrecognized synthesis attribute "no_ungroup" at ../ips/common_cells/src/cdc_fifo_gray.sv(146) File: /home/victor/pulp_shared_vm/pulp_box/pulpissimo/ips/common_cells/src/cdc_fifo_gray.sv Line: 146
Warning (10335): Unrecognized synthesis attribute "no_boundary_optimization" at ../ips/common_cells/src/cdc_fifo_gray.sv(147) File: /home/victor/pulp_shared_vm/pulp_box/pulpissimo/ips/common_cells/src/cdc_fifo_gray.sv Line: 147
Error (10170): Verilog HDL syntax error at cdc_fifo_gray.sv(149) near text: "type";  expecting an identifier ("type" is a reserved keyword ). Check for and fix any syntax errors that appear immediately before or at the specified keyword. The Intel FPGA Knowledge Database contains many articles with specific details on how to resolve this error. Visit the Knowledge Database at https://www.altera.com/support/support-resources/knowledge-base/search.html and search for this specific error message number. File: /home/victor/pulp_shared_vm/pulp_box/pulpissimo/ips/common_cells/src/cdc_fifo_gray.sv Line: 149
Error (10170): Verilog HDL syntax error at cdc_fifo_gray.sv(172) near text: "for";  expecting "endmodule". Check for and fix any syntax errors that appear immediately before or at the specified keyword. The Intel FPGA Knowledge Database contains many articles with specific details on how to resolve this error. Visit the Knowledge Database at https://www.altera.com/support/support-resources/knowledge-base/search.html and search for this specific error message number. File: /home/victor/pulp_shared_vm/pulp_box/pulpissimo/ips/common_cells/src/cdc_fifo_gray.sv Line: 172
Critical Warning (10191): Verilog HDL Compiler Directive warning at cdc_fifo_gray.sv(173): text macro "FFLNR" is undefined File: /home/victor/pulp_shared_vm/pulp_box/pulpissimo/ips/common_cells/src/cdc_fifo_gray.sv Line: 173
Error (10759): Verilog HDL error at cdc_fifo_gray.sv(173): object src_data_i declared in a list of port declarations cannot be redeclared within the module body File: /home/victor/pulp_shared_vm/pulp_box/pulpissimo/ips/common_cells/src/cdc_fifo_gray.sv Line: 173
Error (10759): Verilog HDL error at cdc_fifo_gray.sv(174): object src_valid_i declared in a list of port declarations cannot be redeclared within the module body File: /home/victor/pulp_shared_vm/pulp_box/pulpissimo/ips/common_cells/src/cdc_fifo_gray.sv Line: 174
Error (10170): Verilog HDL syntax error at cdc_fifo_gray.sv(174) near text: "&";  expecting ";". Check for and fix any syntax errors that appear immediately before or at the specified keyword. The Intel FPGA Knowledge Database contains many articles with specific details on how to resolve this error. Visit the Knowledge Database at https://www.altera.com/support/support-resources/knowledge-base/search.html and search for this specific error message number. File: /home/victor/pulp_shared_vm/pulp_box/pulpissimo/ips/common_cells/src/cdc_fifo_gray.sv Line: 174
Error (10759): Verilog HDL error at cdc_fifo_gray.sv(174): object src_clk_i declared in a list of port declarations cannot be redeclared within the module body File: /home/victor/pulp_shared_vm/pulp_box/pulpissimo/ips/common_cells/src/cdc_fifo_gray.sv Line: 174
Critical Warning (10191): Verilog HDL Compiler Directive warning at cdc_fifo_gray.sv(192): text macro "FFLARN" is undefined File: /home/victor/pulp_shared_vm/pulp_box/pulpissimo/ips/common_cells/src/cdc_fifo_gray.sv Line: 192
Error (10170): Verilog HDL syntax error at cdc_fifo_gray.sv(192) near text: "(";  expecting "endmodule". Check for and fix any syntax errors that appear immediately before or at the specified keyword. The Intel FPGA Knowledge Database contains many articles with specific details on how to resolve this error. Visit the Knowledge Database at https://www.altera.com/support/support-resources/knowledge-base/search.html and search for this specific error message number. File: /home/victor/pulp_shared_vm/pulp_box/pulpissimo/ips/common_cells/src/cdc_fifo_gray.sv Line: 192
Error (10149): Verilog HDL Declaration error at cdc_fifo_gray.sv(192): identifier "wptr_d" is already declared in the present scope File: /home/victor/pulp_shared_vm/pulp_box/pulpissimo/ips/common_cells/src/cdc_fifo_gray.sv Line: 192
Error (10759): Verilog HDL error at cdc_fifo_gray.sv(192): object src_valid_i declared in a list of port declarations cannot be redeclared within the module body File: /home/victor/pulp_shared_vm/pulp_box/pulpissimo/ips/common_cells/src/cdc_fifo_gray.sv Line: 192
Error (10170): Verilog HDL syntax error at cdc_fifo_gray.sv(192) near text: "&";  expecting ";". Check for and fix any syntax errors that appear immediately before or at the specified keyword. The Intel FPGA Knowledge Database contains many articles with specific details on how to resolve this error. Visit the Knowledge Database at https://www.altera.com/support/support-resources/knowledge-base/search.html and search for this specific error message number. File: /home/victor/pulp_shared_vm/pulp_box/pulpissimo/ips/common_cells/src/cdc_fifo_gray.sv Line: 192
Error (10759): Verilog HDL error at cdc_fifo_gray.sv(192): object src_clk_i declared in a list of port declarations cannot be redeclared within the module body File: /home/victor/pulp_shared_vm/pulp_box/pulpissimo/ips/common_cells/src/cdc_fifo_gray.sv Line: 192
Error (10759): Verilog HDL error at cdc_fifo_gray.sv(192): object src_rst_ni declared in a list of port declarations cannot be redeclared within the module body File: /home/victor/pulp_shared_vm/pulp_box/pulpissimo/ips/common_cells/src/cdc_fifo_gray.sv Line: 192
Error (10170): Verilog HDL syntax error at cdc_fifo_gray.sv(192) near text: ")";  expecting ";". Check for and fix any syntax errors that appear immediately before or at the specified keyword. The Intel FPGA Knowledge Database contains many articles with specific details on how to resolve this error. Visit the Knowledge Database at https://www.altera.com/support/support-resources/knowledge-base/search.html and search for this specific error message number. File: /home/victor/pulp_shared_vm/pulp_box/pulpissimo/ips/common_cells/src/cdc_fifo_gray.sv Line: 192
Error (10112): Ignored design unit "cdc_fifo_gray_src" at cdc_fifo_gray.sv(148) due to previous errors File: /home/victor/pulp_shared_vm/pulp_box/pulpissimo/ips/common_cells/src/cdc_fifo_gray.sv Line: 148
Warning (10335): Unrecognized synthesis attribute "no_ungroup" at ../ips/common_cells/src/cdc_fifo_gray.sv(204) File: /home/victor/pulp_shared_vm/pulp_box/pulpissimo/ips/common_cells/src/cdc_fifo_gray.sv Line: 204
Warning (10335): Unrecognized synthesis attribute "no_boundary_optimization" at ../ips/common_cells/src/cdc_fifo_gray.sv(205) File: /home/victor/pulp_shared_vm/pulp_box/pulpissimo/ips/common_cells/src/cdc_fifo_gray.sv Line: 205
Error (10170): Verilog HDL syntax error at cdc_fifo_gray.sv(207) near text: "type";  expecting an identifier ("type" is a reserved keyword ). Check for and fix any syntax errors that appear immediately before or at the specified keyword. The Intel FPGA Knowledge Database contains many articles with specific details on how to resolve this error. Visit the Knowledge Database at https://www.altera.com/support/support-resources/knowledge-base/search.html and search for this specific error message number. File: /home/victor/pulp_shared_vm/pulp_box/pulpissimo/ips/common_cells/src/cdc_fifo_gray.sv Line: 207
Error (10170): Verilog HDL syntax error at cdc_fifo_gray.sv(235) near text: "(";  expecting "endmodule". Check for and fix any syntax errors that appear immediately before or at the specified keyword. The Intel FPGA Knowledge Database contains many articles with specific details on how to resolve this error. Visit the Knowledge Database at https://www.altera.com/support/support-resources/knowledge-base/search.html and search for this specific error message number. File: /home/victor/pulp_shared_vm/pulp_box/pulpissimo/ips/common_cells/src/cdc_fifo_gray.sv Line: 235
Info (12021): Found 0 design units, including 0 entities, in source file /home/victor/pulp_shared_vm/pulp_box/pulpissimo/ips/common_cells/src/cdc_fifo_gray.sv
Info (12021): Found 1 design units, including 1 entities, in source file /home/victor/pulp_shared_vm/pulp_box/pulpissimo/ips/common_cells/src/counter.sv
    Info (12023): Found entity 1: counter File: /home/victor/pulp_shared_vm/pulp_box/pulpissimo/ips/common_cells/src/counter.sv Line: 14
Error (10170): Verilog HDL syntax error at ecc_decode.sv(33) near text: "type";  expecting an identifier ("type" is a reserved keyword ). Check for and fix any syntax errors that appear immediately before or at the specified keyword. The Intel FPGA Knowledge Database contains many articles with specific details on how to resolve this error. Visit the Knowledge Database at https://www.altera.com/support/support-resources/knowledge-base/search.html and search for this specific error message number. File: /home/victor/pulp_shared_vm/pulp_box/pulpissimo/ips/common_cells/src/ecc_decode.sv Line: 33
Info (12021): Found 0 design units, including 0 entities, in source file /home/victor/pulp_shared_vm/pulp_box/pulpissimo/ips/common_cells/src/ecc_decode.sv
Error (10170): Verilog HDL syntax error at ecc_encode.sv(26) near text: "type";  expecting an identifier ("type" is a reserved keyword ). Check for and fix any syntax errors that appear immediately before or at the specified keyword. The Intel FPGA Knowledge Database contains many articles with specific details on how to resolve this error. Visit the Knowledge Database at https://www.altera.com/support/support-resources/knowledge-base/search.html and search for this specific error message number. File: /home/victor/pulp_shared_vm/pulp_box/pulpissimo/ips/common_cells/src/ecc_encode.sv Line: 26
Info (12021): Found 0 design units, including 0 entities, in source file /home/victor/pulp_shared_vm/pulp_box/pulpissimo/ips/common_cells/src/ecc_encode.sv
Info (12021): Found 1 design units, including 1 entities, in source file /home/victor/pulp_shared_vm/pulp_box/pulpissimo/ips/common_cells/src/edge_detect.sv
    Info (12023): Found entity 1: edge_detect File: /home/victor/pulp_shared_vm/pulp_box/pulpissimo/ips/common_cells/src/edge_detect.sv Line: 14
Error (10170): Verilog HDL syntax error at lzc.sv(43) near text: "if";  expecting "endmodule". Check for and fix any syntax errors that appear immediately before or at the specified keyword. The Intel FPGA Knowledge Database contains many articles with specific details on how to resolve this error. Visit the Knowledge Database at https://www.altera.com/support/support-resources/knowledge-base/search.html and search for this specific error message number. File: /home/victor/pulp_shared_vm/pulp_box/pulpissimo/ips/common_cells/src/lzc.sv Line: 43
Error (10170): Verilog HDL syntax error at lzc.sv(48) near text: "end";  expecting "endmodule". Check for and fix any syntax errors that appear immediately before or at the specified keyword. The Intel FPGA Knowledge Database contains many articles with specific details on how to resolve this error. Visit the Knowledge Database at https://www.altera.com/support/support-resources/knowledge-base/search.html and search for this specific error message number. File: /home/victor/pulp_shared_vm/pulp_box/pulpissimo/ips/common_cells/src/lzc.sv Line: 48
Error (10170): Verilog HDL syntax error at lzc.sv(71) near text: "for";  expecting "endmodule". Check for and fix any syntax errors that appear immediately before or at the specified keyword. The Intel FPGA Knowledge Database contains many articles with specific details on how to resolve this error. Visit the Knowledge Database at https://www.altera.com/support/support-resources/knowledge-base/search.html and search for this specific error message number. File: /home/victor/pulp_shared_vm/pulp_box/pulpissimo/ips/common_cells/src/lzc.sv Line: 71
Error (10170): Verilog HDL syntax error at lzc.sv(84) near text: "end";  expecting "endmodule". Check for and fix any syntax errors that appear immediately before or at the specified keyword. The Intel FPGA Knowledge Database contains many articles with specific details on how to resolve this error. Visit the Knowledge Database at https://www.altera.com/support/support-resources/knowledge-base/search.html and search for this specific error message number. File: /home/victor/pulp_shared_vm/pulp_box/pulpissimo/ips/common_cells/src/lzc.sv Line: 84
Error (10170): Verilog HDL syntax error at lzc.sv(89) near text: "end";  expecting "endmodule". Check for and fix any syntax errors that appear immediately before or at the specified keyword. The Intel FPGA Knowledge Database contains many articles with specific details on how to resolve this error. Visit the Knowledge Database at https://www.altera.com/support/support-resources/knowledge-base/search.html and search for this specific error message number. File: /home/victor/pulp_shared_vm/pulp_box/pulpissimo/ips/common_cells/src/lzc.sv Line: 89
Error (10170): Verilog HDL syntax error at lzc.sv(94) near text: "end";  expecting "endmodule". Check for and fix any syntax errors that appear immediately before or at the specified keyword. The Intel FPGA Knowledge Database contains many articles with specific details on how to resolve this error. Visit the Knowledge Database at https://www.altera.com/support/support-resources/knowledge-base/search.html and search for this specific error message number. File: /home/victor/pulp_shared_vm/pulp_box/pulpissimo/ips/common_cells/src/lzc.sv Line: 94
Error (10170): Verilog HDL syntax error at lzc.sv(103) near text: "end";  expecting "endmodule". Check for and fix any syntax errors that appear immediately before or at the specified keyword. The Intel FPGA Knowledge Database contains many articles with specific details on how to resolve this error. Visit the Knowledge Database at https://www.altera.com/support/support-resources/knowledge-base/search.html and search for this specific error message number. File: /home/victor/pulp_shared_vm/pulp_box/pulpissimo/ips/common_cells/src/lzc.sv Line: 103
Error (10170): Verilog HDL syntax error at lzc.sv(110) near text: "end";  expecting "endmodule". Check for and fix any syntax errors that appear immediately before or at the specified keyword. The Intel FPGA Knowledge Database contains many articles with specific details on how to resolve this error. Visit the Knowledge Database at https://www.altera.com/support/support-resources/knowledge-base/search.html and search for this specific error message number. File: /home/victor/pulp_shared_vm/pulp_box/pulpissimo/ips/common_cells/src/lzc.sv Line: 110
Info (12021): Found 0 design units, including 0 entities, in source file /home/victor/pulp_shared_vm/pulp_box/pulpissimo/ips/common_cells/src/lzc.sv
Info (12021): Found 1 design units, including 1 entities, in source file /home/victor/pulp_shared_vm/pulp_box/pulpissimo/ips/common_cells/src/max_counter.sv
    Info (12023): Found entity 1: max_counter File: /home/victor/pulp_shared_vm/pulp_box/pulpissimo/ips/common_cells/src/max_counter.sv Line: 13
Info (12021): Found 1 design units, including 1 entities, in source file /home/victor/pulp_shared_vm/pulp_box/pulpissimo/ips/common_cells/src/rstgen.sv
    Info (12023): Found entity 1: rstgen File: /home/victor/pulp_shared_vm/pulp_box/pulpissimo/ips/common_cells/src/rstgen.sv Line: 13
Error (10170): Verilog HDL syntax error at stream_delay.sv(17) near text: "type";  expecting an identifier ("type" is a reserved keyword ). Check for and fix any syntax errors that appear immediately before or at the specified keyword. The Intel FPGA Knowledge Database contains many articles with specific details on how to resolve this error. Visit the Knowledge Database at https://www.altera.com/support/support-resources/knowledge-base/search.html and search for this specific error message number. File: /home/victor/pulp_shared_vm/pulp_box/pulpissimo/ips/common_cells/src/stream_delay.sv Line: 17
Error (10170): Verilog HDL syntax error at stream_delay.sv(31) near text: "if";  expecting "endmodule". Check for and fix any syntax errors that appear immediately before or at the specified keyword. The Intel FPGA Knowledge Database contains many articles with specific details on how to resolve this error. Visit the Knowledge Database at https://www.altera.com/support/support-resources/knowledge-base/search.html and search for this specific error message number. File: /home/victor/pulp_shared_vm/pulp_box/pulpissimo/ips/common_cells/src/stream_delay.sv Line: 31
Error (10170): Verilog HDL syntax error at stream_delay.sv(35) near text: "end";  expecting "endmodule". Check for and fix any syntax errors that appear immediately before or at the specified keyword. The Intel FPGA Knowledge Database contains many articles with specific details on how to resolve this error. Visit the Knowledge Database at https://www.altera.com/support/support-resources/knowledge-base/search.html and search for this specific error message number. File: /home/victor/pulp_shared_vm/pulp_box/pulpissimo/ips/common_cells/src/stream_delay.sv Line: 35
Error (10170): Verilog HDL syntax error at stream_delay.sv(95) near text: "if";  expecting "endmodule". Check for and fix any syntax errors that appear immediately before or at the specified keyword. The Intel FPGA Knowledge Database contains many articles with specific details on how to resolve this error. Visit the Knowledge Database at https://www.altera.com/support/support-resources/knowledge-base/search.html and search for this specific error message number. File: /home/victor/pulp_shared_vm/pulp_box/pulpissimo/ips/common_cells/src/stream_delay.sv Line: 95
Error (10170): Verilog HDL syntax error at stream_delay.sv(130) near text: "end";  expecting "endmodule". Check for and fix any syntax errors that appear immediately before or at the specified keyword. The Intel FPGA Knowledge Database contains many articles with specific details on how to resolve this error. Visit the Knowledge Database at https://www.altera.com/support/support-resources/knowledge-base/search.html and search for this specific error message number. File: /home/victor/pulp_shared_vm/pulp_box/pulpissimo/ips/common_cells/src/stream_delay.sv Line: 130
Error (10112): Ignored design unit "stream_delay" at stream_delay.sv(14) due to previous errors File: /home/victor/pulp_shared_vm/pulp_box/pulpissimo/ips/common_cells/src/stream_delay.sv Line: 14
Info (12021): Found 0 design units, including 0 entities, in source file /home/victor/pulp_shared_vm/pulp_box/pulpissimo/ips/common_cells/src/stream_delay.sv
Error (10170): Verilog HDL syntax error at stream_fifo.sv(20) near text: "type";  expecting an identifier ("type" is a reserved keyword ). Check for and fix any syntax errors that appear immediately before or at the specified keyword. The Intel FPGA Knowledge Database contains many articles with specific details on how to resolve this error. Visit the Knowledge Database at https://www.altera.com/support/support-resources/knowledge-base/search.html and search for this specific error message number. File: /home/victor/pulp_shared_vm/pulp_box/pulpissimo/ips/common_cells/src/stream_fifo.sv Line: 20
Error (10112): Ignored design unit "stream_fifo" at stream_fifo.sv(13) due to previous errors File: /home/victor/pulp_shared_vm/pulp_box/pulpissimo/ips/common_cells/src/stream_fifo.sv Line: 13
Info (12021): Found 0 design units, including 0 entities, in source file /home/victor/pulp_shared_vm/pulp_box/pulpissimo/ips/common_cells/src/stream_fifo.sv
Error (10170): Verilog HDL syntax error at stream_fork_dynamic.sv(50) near text: "for";  expecting "endmodule". Check for and fix any syntax errors that appear immediately before or at the specified keyword. The Intel FPGA Knowledge Database contains many articles with specific details on how to resolve this error. Visit the Knowledge Database at https://www.altera.com/support/support-resources/knowledge-base/search.html and search for this specific error message number. File: /home/victor/pulp_shared_vm/pulp_box/pulpissimo/ips/common_cells/src/stream_fork_dynamic.sv Line: 50
Error (10170): Verilog HDL syntax error at stream_fork_dynamic.sv(53) near text: "=";  expecting ".", or an identifier. Check for and fix any syntax errors that appear immediately before or at the specified keyword. The Intel FPGA Knowledge Database contains many articles with specific details on how to resolve this error. Visit the Knowledge Database at https://www.altera.com/support/support-resources/knowledge-base/search.html and search for this specific error message number. File: /home/victor/pulp_shared_vm/pulp_box/pulpissimo/ips/common_cells/src/stream_fork_dynamic.sv Line: 53
Error (10170): Verilog HDL syntax error at stream_fork_dynamic.sv(57) near text: "=";  expecting ".", or an identifier. Check for and fix any syntax errors that appear immediately before or at the specified keyword. The Intel FPGA Knowledge Database contains many articles with specific details on how to resolve this error. Visit the Knowledge Database at https://www.altera.com/support/support-resources/knowledge-base/search.html and search for this specific error message number. File: /home/victor/pulp_shared_vm/pulp_box/pulpissimo/ips/common_cells/src/stream_fork_dynamic.sv Line: 57
Error (10170): Verilog HDL syntax error at stream_fork_dynamic.sv(59) near text: "=";  expecting ".", or an identifier. Check for and fix any syntax errors that appear immediately before or at the specified keyword. The Intel FPGA Knowledge Database contains many articles with specific details on how to resolve this error. Visit the Knowledge Database at https://www.altera.com/support/support-resources/knowledge-base/search.html and search for this specific error message number. File: /home/victor/pulp_shared_vm/pulp_box/pulpissimo/ips/common_cells/src/stream_fork_dynamic.sv Line: 59
Error (10112): Ignored design unit "stream_fork_dynamic" at stream_fork_dynamic.sv(22) due to previous errors File: /home/victor/pulp_shared_vm/pulp_box/pulpissimo/ips/common_cells/src/stream_fork_dynamic.sv Line: 22
Info (12021): Found 0 design units, including 0 entities, in source file /home/victor/pulp_shared_vm/pulp_box/pulpissimo/ips/common_cells/src/stream_fork_dynamic.sv
Error (10170): Verilog HDL syntax error at stream_xbar.sv(24) near text: "type";  expecting an identifier ("type" is a reserved keyword ). Check for and fix any syntax errors that appear immediately before or at the specified keyword. The Intel FPGA Knowledge Database contains many articles with specific details on how to resolve this error. Visit the Knowledge Database at https://www.altera.com/support/support-resources/knowledge-base/search.html and search for this specific error message number. File: /home/victor/pulp_shared_vm/pulp_box/pulpissimo/ips/common_cells/src/stream_xbar.sv Line: 24
Error (10170): Verilog HDL syntax error at stream_xbar.sv(43) near text: "type";  expecting an identifier ("type" is a reserved keyword ). Check for and fix any syntax errors that appear immediately before or at the specified keyword. The Intel FPGA Knowledge Database contains many articles with specific details on how to resolve this error. Visit the Knowledge Database at https://www.altera.com/support/support-resources/knowledge-base/search.html and search for this specific error message number. File: /home/victor/pulp_shared_vm/pulp_box/pulpissimo/ips/common_cells/src/stream_xbar.sv Line: 43
Error (10170): Verilog HDL syntax error at stream_xbar.sv(51) near text: "type";  expecting an identifier ("type" is a reserved keyword ). Check for and fix any syntax errors that appear immediately before or at the specified keyword. The Intel FPGA Knowledge Database contains many articles with specific details on how to resolve this error. Visit the Knowledge Database at https://www.altera.com/support/support-resources/knowledge-base/search.html and search for this specific error message number. File: /home/victor/pulp_shared_vm/pulp_box/pulpissimo/ips/common_cells/src/stream_xbar.sv Line: 51
Error (10170): Verilog HDL syntax error at stream_xbar.sv(97) near text: "for";  expecting "endmodule". Check for and fix any syntax errors that appear immediately before or at the specified keyword. The Intel FPGA Knowledge Database contains many articles with specific details on how to resolve this error. Visit the Knowledge Database at https://www.altera.com/support/support-resources/knowledge-base/search.html and search for this specific error message number. File: /home/victor/pulp_shared_vm/pulp_box/pulpissimo/ips/common_cells/src/stream_xbar.sv Line: 97
Error (10170): Verilog HDL syntax error at stream_xbar.sv(115) near text: "end";  expecting "endmodule". Check for and fix any syntax errors that appear immediately before or at the specified keyword. The Intel FPGA Knowledge Database contains many articles with specific details on how to resolve this error. Visit the Knowledge Database at https://www.altera.com/support/support-resources/knowledge-base/search.html and search for this specific error message number. File: /home/victor/pulp_shared_vm/pulp_box/pulpissimo/ips/common_cells/src/stream_xbar.sv Line: 115
Error (10149): Verilog HDL Declaration error at stream_xbar.sv(119): identifier "j" is already declared in the present scope File: /home/victor/pulp_shared_vm/pulp_box/pulpissimo/ips/common_cells/src/stream_xbar.sv Line: 119
Error (10170): Verilog HDL syntax error at stream_xbar.sv(161) near text: "end";  expecting "endmodule". Check for and fix any syntax errors that appear immediately before or at the specified keyword. The Intel FPGA Knowledge Database contains many articles with specific details on how to resolve this error. Visit the Knowledge Database at https://www.altera.com/support/support-resources/knowledge-base/search.html and search for this specific error message number. File: /home/victor/pulp_shared_vm/pulp_box/pulpissimo/ips/common_cells/src/stream_xbar.sv Line: 161
Error (10112): Ignored design unit "stream_xbar" at stream_xbar.sv(16) due to previous errors File: /home/victor/pulp_shared_vm/pulp_box/pulpissimo/ips/common_cells/src/stream_xbar.sv Line: 16
Info (12021): Found 0 design units, including 0 entities, in source file /home/victor/pulp_shared_vm/pulp_box/pulpissimo/ips/common_cells/src/stream_xbar.sv
Error (10170): Verilog HDL syntax error at fall_through_register.sv(16) near text: "type";  expecting an identifier ("type" is a reserved keyword ). Check for and fix any syntax errors that appear immediately before or at the specified keyword. The Intel FPGA Knowledge Database contains many articles with specific details on how to resolve this error. Visit the Knowledge Database at https://www.altera.com/support/support-resources/knowledge-base/search.html and search for this specific error message number. File: /home/victor/pulp_shared_vm/pulp_box/pulpissimo/ips/common_cells/src/fall_through_register.sv Line: 16
Error (10112): Ignored design unit "fall_through_register" at fall_through_register.sv(15) due to previous errors File: /home/victor/pulp_shared_vm/pulp_box/pulpissimo/ips/common_cells/src/fall_through_register.sv Line: 15
Info (12021): Found 0 design units, including 0 entities, in source file /home/victor/pulp_shared_vm/pulp_box/pulpissimo/ips/common_cells/src/fall_through_register.sv
Error (10170): Verilog HDL syntax error at id_queue.sv(45) near text: "type";  expecting an identifier ("type" is a reserved keyword ). Check for and fix any syntax errors that appear immediately before or at the specified keyword. The Intel FPGA Knowledge Database contains many articles with specific details on how to resolve this error. Visit the Knowledge Database at https://www.altera.com/support/support-resources/knowledge-base/search.html and search for this specific error message number. File: /home/victor/pulp_shared_vm/pulp_box/pulpissimo/ips/common_cells/src/id_queue.sv Line: 45
Info (12021): Found 0 design units, including 0 entities, in source file /home/victor/pulp_shared_vm/pulp_box/pulpissimo/ips/common_cells/src/id_queue.sv
Error (10054): Verilog HDL File I/O error at stream_to_mem.sv(16): can't open Verilog Design File "common_cells/registers.svh" File: /home/victor/pulp_shared_vm/pulp_box/pulpissimo/ips/common_cells/src/stream_to_mem.sv Line: 16
Error (10170): Verilog HDL syntax error at stream_to_mem.sv(19) near text: "type";  expecting an identifier ("type" is a reserved keyword ). Check for and fix any syntax errors that appear immediately before or at the specified keyword. The Intel FPGA Knowledge Database contains many articles with specific details on how to resolve this error. Visit the Knowledge Database at https://www.altera.com/support/support-resources/knowledge-base/search.html and search for this specific error message number. File: /home/victor/pulp_shared_vm/pulp_box/pulpissimo/ips/common_cells/src/stream_to_mem.sv Line: 19
Error (10170): Verilog HDL syntax error at stream_to_mem.sv(63) near text: "if";  expecting "endmodule". Check for and fix any syntax errors that appear immediately before or at the specified keyword. The Intel FPGA Knowledge Database contains many articles with specific details on how to resolve this error. Visit the Knowledge Database at https://www.altera.com/support/support-resources/knowledge-base/search.html and search for this specific error message number. File: /home/victor/pulp_shared_vm/pulp_box/pulpissimo/ips/common_cells/src/stream_to_mem.sv Line: 63
Critical Warning (10191): Verilog HDL Compiler Directive warning at stream_to_mem.sv(103): text macro "FFARN" is undefined File: /home/victor/pulp_shared_vm/pulp_box/pulpissimo/ips/common_cells/src/stream_to_mem.sv Line: 103
Error (10170): Verilog HDL syntax error at stream_to_mem.sv(103) near text: "(";  expecting "endmodule". Check for and fix any syntax errors that appear immediately before or at the specified keyword. The Intel FPGA Knowledge Database contains many articles with specific details on how to resolve this error. Visit the Knowledge Database at https://www.altera.com/support/support-resources/knowledge-base/search.html and search for this specific error message number. File: /home/victor/pulp_shared_vm/pulp_box/pulpissimo/ips/common_cells/src/stream_to_mem.sv Line: 103
Error (10149): Verilog HDL Declaration error at stream_to_mem.sv(103): identifier "cnt_d" is already declared in the present scope File: /home/victor/pulp_shared_vm/pulp_box/pulpissimo/ips/common_cells/src/stream_to_mem.sv Line: 103
Error (10170): Verilog HDL syntax error at stream_to_mem.sv(103) near text: "'0";  expecting an identifier. Check for and fix any syntax errors that appear immediately before or at the specified keyword. The Intel FPGA Knowledge Database contains many articles with specific details on how to resolve this error. Visit the Knowledge Database at https://www.altera.com/support/support-resources/knowledge-base/search.html and search for this specific error message number. File: /home/victor/pulp_shared_vm/pulp_box/pulpissimo/ips/common_cells/src/stream_to_mem.sv Line: 103
Error (10759): Verilog HDL error at stream_to_mem.sv(103): object clk_i declared in a list of port declarations cannot be redeclared within the module body File: /home/victor/pulp_shared_vm/pulp_box/pulpissimo/ips/common_cells/src/stream_to_mem.sv Line: 103
Error (10759): Verilog HDL error at stream_to_mem.sv(103): object rst_ni declared in a list of port declarations cannot be redeclared within the module body File: /home/victor/pulp_shared_vm/pulp_box/pulpissimo/ips/common_cells/src/stream_to_mem.sv Line: 103
Error (10170): Verilog HDL syntax error at stream_to_mem.sv(103) near text: ")";  expecting ";". Check for and fix any syntax errors that appear immediately before or at the specified keyword. The Intel FPGA Knowledge Database contains many articles with specific details on how to resolve this error. Visit the Knowledge Database at https://www.altera.com/support/support-resources/knowledge-base/search.html and search for this specific error message number. File: /home/victor/pulp_shared_vm/pulp_box/pulpissimo/ips/common_cells/src/stream_to_mem.sv Line: 103
Error (10170): Verilog HDL syntax error at stream_to_mem.sv(113) near text: "end";  expecting "endmodule". Check for and fix any syntax errors that appear immediately before or at the specified keyword. The Intel FPGA Knowledge Database contains many articles with specific details on how to resolve this error. Visit the Knowledge Database at https://www.altera.com/support/support-resources/knowledge-base/search.html and search for this specific error message number. File: /home/victor/pulp_shared_vm/pulp_box/pulpissimo/ips/common_cells/src/stream_to_mem.sv Line: 113
Error (10112): Ignored design unit "stream_to_mem" at stream_to_mem.sv(17) due to previous errors File: /home/victor/pulp_shared_vm/pulp_box/pulpissimo/ips/common_cells/src/stream_to_mem.sv Line: 17
Info (12021): Found 0 design units, including 0 entities, in source file /home/victor/pulp_shared_vm/pulp_box/pulpissimo/ips/common_cells/src/stream_to_mem.sv
Error (10170): Verilog HDL syntax error at stream_arbiter_flushable.sv(17) near text: "type";  expecting an identifier ("type" is a reserved keyword ). Check for and fix any syntax errors that appear immediately before or at the specified keyword. The Intel FPGA Knowledge Database contains many articles with specific details on how to resolve this error. Visit the Knowledge Database at https://www.altera.com/support/support-resources/knowledge-base/search.html and search for this specific error message number. File: /home/victor/pulp_shared_vm/pulp_box/pulpissimo/ips/common_cells/src/stream_arbiter_flushable.sv Line: 17
Error (10170): Verilog HDL syntax error at stream_arbiter_flushable.sv(34) near text: "if";  expecting "endmodule". Check for and fix any syntax errors that appear immediately before or at the specified keyword. The Intel FPGA Knowledge Database contains many articles with specific details on how to resolve this error. Visit the Knowledge Database at https://www.altera.com/support/support-resources/knowledge-base/search.html and search for this specific error message number. File: /home/victor/pulp_shared_vm/pulp_box/pulpissimo/ips/common_cells/src/stream_arbiter_flushable.sv Line: 34
Info (12021): Found 0 design units, including 0 entities, in source file /home/victor/pulp_shared_vm/pulp_box/pulpissimo/ips/common_cells/src/stream_arbiter_flushable.sv
Error (10170): Verilog HDL syntax error at stream_register.sv(15) near text: "type";  expecting an identifier ("type" is a reserved keyword ). Check for and fix any syntax errors that appear immediately before or at the specified keyword. The Intel FPGA Knowledge Database contains many articles with specific details on how to resolve this error. Visit the Knowledge Database at https://www.altera.com/support/support-resources/knowledge-base/search.html and search for this specific error message number. File: /home/victor/pulp_shared_vm/pulp_box/pulpissimo/ips/common_cells/src/stream_register.sv Line: 15
Error (10112): Ignored design unit "stream_register" at stream_register.sv(14) due to previous errors File: /home/victor/pulp_shared_vm/pulp_box/pulpissimo/ips/common_cells/src/stream_register.sv Line: 14
Info (12021): Found 0 design units, including 0 entities, in source file /home/victor/pulp_shared_vm/pulp_box/pulpissimo/ips/common_cells/src/stream_register.sv
Error (10170): Verilog HDL syntax error at stream_arbiter.sv(17) near text: "type";  expecting an identifier ("type" is a reserved keyword ). Check for and fix any syntax errors that appear immediately before or at the specified keyword. The Intel FPGA Knowledge Database contains many articles with specific details on how to resolve this error. Visit the Knowledge Database at https://www.altera.com/support/support-resources/knowledge-base/search.html and search for this specific error message number. File: /home/victor/pulp_shared_vm/pulp_box/pulpissimo/ips/common_cells/src/stream_arbiter.sv Line: 17
Error (10112): Ignored design unit "stream_arbiter" at stream_arbiter.sv(16) due to previous errors File: /home/victor/pulp_shared_vm/pulp_box/pulpissimo/ips/common_cells/src/stream_arbiter.sv Line: 16
Info (12021): Found 0 design units, including 0 entities, in source file /home/victor/pulp_shared_vm/pulp_box/pulpissimo/ips/common_cells/src/stream_arbiter.sv
Info (12021): Found 1 design units, including 1 entities, in source file /home/victor/pulp_shared_vm/pulp_box/pulpissimo/ips/common_cells/src/deprecated/clock_divider_counter.sv
    Info (12023): Found entity 1: clock_divider_counter File: /home/victor/pulp_shared_vm/pulp_box/pulpissimo/ips/common_cells/src/deprecated/clock_divider_counter.sv Line: 43
Error (10170): Verilog HDL syntax error at find_first_one.sv(41) near text: "for";  expecting "endmodule". Check for and fix any syntax errors that appear immediately before or at the specified keyword. The Intel FPGA Knowledge Database contains many articles with specific details on how to resolve this error. Visit the Knowledge Database at https://www.altera.com/support/support-resources/knowledge-base/search.html and search for this specific error message number. File: /home/victor/pulp_shared_vm/pulp_box/pulpissimo/ips/common_cells/src/deprecated/find_first_one.sv Line: 41
Error (10170): Verilog HDL syntax error at find_first_one.sv(56) near text: "end";  expecting "endmodule". Check for and fix any syntax errors that appear immediately before or at the specified keyword. The Intel FPGA Knowledge Database contains many articles with specific details on how to resolve this error. Visit the Knowledge Database at https://www.altera.com/support/support-resources/knowledge-base/search.html and search for this specific error message number. File: /home/victor/pulp_shared_vm/pulp_box/pulpissimo/ips/common_cells/src/deprecated/find_first_one.sv Line: 56
Error (10170): Verilog HDL syntax error at find_first_one.sv(65) near text: "end";  expecting "endmodule". Check for and fix any syntax errors that appear immediately before or at the specified keyword. The Intel FPGA Knowledge Database contains many articles with specific details on how to resolve this error. Visit the Knowledge Database at https://www.altera.com/support/support-resources/knowledge-base/search.html and search for this specific error message number. File: /home/victor/pulp_shared_vm/pulp_box/pulpissimo/ips/common_cells/src/deprecated/find_first_one.sv Line: 65
Error (10170): Verilog HDL syntax error at find_first_one.sv(70) near text: "end";  expecting "endmodule". Check for and fix any syntax errors that appear immediately before or at the specified keyword. The Intel FPGA Knowledge Database contains many articles with specific details on how to resolve this error. Visit the Knowledge Database at https://www.altera.com/support/support-resources/knowledge-base/search.html and search for this specific error message number. File: /home/victor/pulp_shared_vm/pulp_box/pulpissimo/ips/common_cells/src/deprecated/find_first_one.sv Line: 70
Error (10170): Verilog HDL syntax error at find_first_one.sv(75) near text: "end";  expecting "endmodule". Check for and fix any syntax errors that appear immediately before or at the specified keyword. The Intel FPGA Knowledge Database contains many articles with specific details on how to resolve this error. Visit the Knowledge Database at https://www.altera.com/support/support-resources/knowledge-base/search.html and search for this specific error message number. File: /home/victor/pulp_shared_vm/pulp_box/pulpissimo/ips/common_cells/src/deprecated/find_first_one.sv Line: 75
Error (10112): Ignored design unit "find_first_one" at find_first_one.sv(17) due to previous errors File: /home/victor/pulp_shared_vm/pulp_box/pulpissimo/ips/common_cells/src/deprecated/find_first_one.sv Line: 17
Info (12021): Found 0 design units, including 0 entities, in source file /home/victor/pulp_shared_vm/pulp_box/pulpissimo/ips/common_cells/src/deprecated/find_first_one.sv
Info (12021): Found 1 design units, including 1 entities, in source file /home/victor/pulp_shared_vm/pulp_box/pulpissimo/ips/common_cells/src/deprecated/generic_LFSR_8bit.sv
    Info (12023): Found entity 1: generic_LFSR_8bit File: /home/victor/pulp_shared_vm/pulp_box/pulpissimo/ips/common_cells/src/deprecated/generic_LFSR_8bit.sv Line: 13
Info (12021): Found 1 design units, including 1 entities, in source file /home/victor/pulp_shared_vm/pulp_box/pulpissimo/ips/common_cells/src/deprecated/generic_fifo.sv
    Info (12023): Found entity 1: generic_fifo File: /home/victor/pulp_shared_vm/pulp_box/pulpissimo/ips/common_cells/src/deprecated/generic_fifo.sv Line: 38
Info (12021): Found 1 design units, including 1 entities, in source file /home/victor/pulp_shared_vm/pulp_box/pulpissimo/ips/common_cells/src/deprecated/generic_fifo_adv.sv
    Info (12023): Found entity 1: generic_fifo_adv File: /home/victor/pulp_shared_vm/pulp_box/pulpissimo/ips/common_cells/src/deprecated/generic_fifo_adv.sv Line: 13
Info (12021): Found 1 design units, including 1 entities, in source file /home/victor/pulp_shared_vm/pulp_box/pulpissimo/ips/common_cells/src/deprecated/pulp_sync.sv
    Info (12023): Found entity 1: pulp_sync File: /home/victor/pulp_shared_vm/pulp_box/pulpissimo/ips/common_cells/src/deprecated/pulp_sync.sv Line: 13
Info (12021): Found 1 design units, including 1 entities, in source file /home/victor/pulp_shared_vm/pulp_box/pulpissimo/ips/common_cells/src/deprecated/pulp_sync_wedge.sv
    Info (12023): Found entity 1: pulp_sync_wedge File: /home/victor/pulp_shared_vm/pulp_box/pulpissimo/ips/common_cells/src/deprecated/pulp_sync_wedge.sv Line: 13
Info (12021): Found 1 design units, including 1 entities, in source file /home/victor/pulp_shared_vm/pulp_box/pulpissimo/ips/common_cells/src/deprecated/clock_divider.sv
    Info (12023): Found entity 1: clock_divider File: /home/victor/pulp_shared_vm/pulp_box/pulpissimo/ips/common_cells/src/deprecated/clock_divider.sv Line: 43
Error (10170): Verilog HDL syntax error at fifo_v2.sv(19) near text: "type";  expecting an identifier ("type" is a reserved keyword ). Check for and fix any syntax errors that appear immediately before or at the specified keyword. The Intel FPGA Knowledge Database contains many articles with specific details on how to resolve this error. Visit the Knowledge Database at https://www.altera.com/support/support-resources/knowledge-base/search.html and search for this specific error message number. File: /home/victor/pulp_shared_vm/pulp_box/pulpissimo/ips/common_cells/src/deprecated/fifo_v2.sv Line: 19
Error (10170): Verilog HDL syntax error at fifo_v2.sv(43) near text: "if";  expecting "endmodule". Check for and fix any syntax errors that appear immediately before or at the specified keyword. The Intel FPGA Knowledge Database contains many articles with specific details on how to resolve this error. Visit the Knowledge Database at https://www.altera.com/support/support-resources/knowledge-base/search.html and search for this specific error message number. File: /home/victor/pulp_shared_vm/pulp_box/pulpissimo/ips/common_cells/src/deprecated/fifo_v2.sv Line: 43
Error (10170): Verilog HDL syntax error at fifo_v2.sv(46) near text: "end";  expecting "endmodule". Check for and fix any syntax errors that appear immediately before or at the specified keyword. The Intel FPGA Knowledge Database contains many articles with specific details on how to resolve this error. Visit the Knowledge Database at https://www.altera.com/support/support-resources/knowledge-base/search.html and search for this specific error message number. File: /home/victor/pulp_shared_vm/pulp_box/pulpissimo/ips/common_cells/src/deprecated/fifo_v2.sv Line: 46
Error (10170): Verilog HDL syntax error at fifo_v2.sv(49) near text: "end";  expecting "endmodule". Check for and fix any syntax errors that appear immediately before or at the specified keyword. The Intel FPGA Knowledge Database contains many articles with specific details on how to resolve this error. Visit the Knowledge Database at https://www.altera.com/support/support-resources/knowledge-base/search.html and search for this specific error message number. File: /home/victor/pulp_shared_vm/pulp_box/pulpissimo/ips/common_cells/src/deprecated/fifo_v2.sv Line: 49
Error (10112): Ignored design unit "fifo_v2" at fifo_v2.sv(13) due to previous errors File: /home/victor/pulp_shared_vm/pulp_box/pulpissimo/ips/common_cells/src/deprecated/fifo_v2.sv Line: 13
Info (12021): Found 0 design units, including 0 entities, in source file /home/victor/pulp_shared_vm/pulp_box/pulpissimo/ips/common_cells/src/deprecated/fifo_v2.sv
Error (10170): Verilog HDL syntax error at prioarbiter.sv(49) near text: "for";  expecting "endmodule". Check for and fix any syntax errors that appear immediately before or at the specified keyword. The Intel FPGA Knowledge Database contains many articles with specific details on how to resolve this error. Visit the Knowledge Database at https://www.altera.com/support/support-resources/knowledge-base/search.html and search for this specific error message number. File: /home/victor/pulp_shared_vm/pulp_box/pulpissimo/ips/common_cells/src/deprecated/prioarbiter.sv Line: 49
Error (10170): Verilog HDL syntax error at prioarbiter.sv(61) near text: "if";  expecting "endmodule". Check for and fix any syntax errors that appear immediately before or at the specified keyword. The Intel FPGA Knowledge Database contains many articles with specific details on how to resolve this error. Visit the Knowledge Database at https://www.altera.com/support/support-resources/knowledge-base/search.html and search for this specific error message number. File: /home/victor/pulp_shared_vm/pulp_box/pulpissimo/ips/common_cells/src/deprecated/prioarbiter.sv Line: 61
Error (10170): Verilog HDL syntax error at prioarbiter.sv(65) near text: "end";  expecting "endmodule". Check for and fix any syntax errors that appear immediately before or at the specified keyword. The Intel FPGA Knowledge Database contains many articles with specific details on how to resolve this error. Visit the Knowledge Database at https://www.altera.com/support/support-resources/knowledge-base/search.html and search for this specific error message number. File: /home/victor/pulp_shared_vm/pulp_box/pulpissimo/ips/common_cells/src/deprecated/prioarbiter.sv Line: 65
Error (10170): Verilog HDL syntax error at prioarbiter.sv(69) near text: "end";  expecting "endmodule". Check for and fix any syntax errors that appear immediately before or at the specified keyword. The Intel FPGA Knowledge Database contains many articles with specific details on how to resolve this error. Visit the Knowledge Database at https://www.altera.com/support/support-resources/knowledge-base/search.html and search for this specific error message number. File: /home/victor/pulp_shared_vm/pulp_box/pulpissimo/ips/common_cells/src/deprecated/prioarbiter.sv Line: 69
Error (10112): Ignored design unit "prioarbiter" at prioarbiter.sv(18) due to previous errors File: /home/victor/pulp_shared_vm/pulp_box/pulpissimo/ips/common_cells/src/deprecated/prioarbiter.sv Line: 18
Info (12021): Found 0 design units, including 0 entities, in source file /home/victor/pulp_shared_vm/pulp_box/pulpissimo/ips/common_cells/src/deprecated/prioarbiter.sv
Info (12021): Found 1 design units, including 1 entities, in source file /home/victor/pulp_shared_vm/pulp_box/pulpissimo/ips/common_cells/src/deprecated/rrarbiter.sv
    Info (12023): Found entity 1: rrarbiter File: /home/victor/pulp_shared_vm/pulp_box/pulpissimo/ips/common_cells/src/deprecated/rrarbiter.sv Line: 24
Error (10170): Verilog HDL syntax error at fifo_v1.sv(19) near text: "type";  expecting an identifier ("type" is a reserved keyword ). Check for and fix any syntax errors that appear immediately before or at the specified keyword. The Intel FPGA Knowledge Database contains many articles with specific details on how to resolve this error. Visit the Knowledge Database at https://www.altera.com/support/support-resources/knowledge-base/search.html and search for this specific error message number. File: /home/victor/pulp_shared_vm/pulp_box/pulpissimo/ips/common_cells/src/deprecated/fifo_v1.sv Line: 19
Error (10112): Ignored design unit "fifo" at fifo_v1.sv(14) due to previous errors File: /home/victor/pulp_shared_vm/pulp_box/pulpissimo/ips/common_cells/src/deprecated/fifo_v1.sv Line: 14
Info (12021): Found 0 design units, including 0 entities, in source file /home/victor/pulp_shared_vm/pulp_box/pulpissimo/ips/common_cells/src/deprecated/fifo_v1.sv
Info (12021): Found 1 design units, including 1 entities, in source file /home/victor/pulp_shared_vm/pulp_box/pulpissimo/ips/common_cells/src/edge_propagator.sv
    Info (12023): Found entity 1: edge_propagator File: /home/victor/pulp_shared_vm/pulp_box/pulpissimo/ips/common_cells/src/edge_propagator.sv Line: 13
Info (12021): Found 1 design units, including 1 entities, in source file /home/victor/pulp_shared_vm/pulp_box/pulpissimo/ips/common_cells/src/edge_propagator_rx.sv
    Info (12023): Found entity 1: edge_propagator_rx File: /home/victor/pulp_shared_vm/pulp_box/pulpissimo/ips/common_cells/src/edge_propagator_rx.sv Line: 13
Info (12021): Found 1 design units, including 1 entities, in source file /home/victor/pulp_shared_vm/pulp_box/pulpissimo/ips/L2_tcdm_hybrid_interco/RTL/l2_tcdm_demux.sv
    Info (12023): Found entity 1: l2_tcdm_demux File: /home/victor/pulp_shared_vm/pulp_box/pulpissimo/ips/L2_tcdm_hybrid_interco/RTL/l2_tcdm_demux.sv Line: 11
Info (12021): Found 1 design units, including 1 entities, in source file /home/victor/pulp_shared_vm/pulp_box/pulpissimo/ips/L2_tcdm_hybrid_interco/RTL/lint_2_apb.sv
    Info (12023): Found entity 1: lint_2_apb File: /home/victor/pulp_shared_vm/pulp_box/pulpissimo/ips/L2_tcdm_hybrid_interco/RTL/lint_2_apb.sv Line: 12
Error (10644): Verilog HDL error at lint_2_axi.sv(280): this block requires a name File: /home/victor/pulp_shared_vm/pulp_box/pulpissimo/ips/L2_tcdm_hybrid_interco/RTL/lint_2_axi.sv Line: 280
Error (10112): Ignored design unit "lint_2_axi" at lint_2_axi.sv(16) due to previous errors File: /home/victor/pulp_shared_vm/pulp_box/pulpissimo/ips/L2_tcdm_hybrid_interco/RTL/lint_2_axi.sv Line: 16
Info (12021): Found 0 design units, including 0 entities, in source file /home/victor/pulp_shared_vm/pulp_box/pulpissimo/ips/L2_tcdm_hybrid_interco/RTL/lint_2_axi.sv
Info (12021): Found 1 design units, including 1 entities, in source file /home/victor/pulp_shared_vm/pulp_box/pulpissimo/ips/L2_tcdm_hybrid_interco/RTL/axi_2_lint/axi64_2_lint32.sv
    Info (12023): Found entity 1: axi64_2_lint32 File: /home/victor/pulp_shared_vm/pulp_box/pulpissimo/ips/L2_tcdm_hybrid_interco/RTL/axi_2_lint/axi64_2_lint32.sv Line: 11
Info (12021): Found 1 design units, including 1 entities, in source file /home/victor/pulp_shared_vm/pulp_box/pulpissimo/ips/L2_tcdm_hybrid_interco/RTL/axi_2_lint/axi_read_ctrl.sv
    Info (12023): Found entity 1: axi_read_ctrl File: /home/victor/pulp_shared_vm/pulp_box/pulpissimo/ips/L2_tcdm_hybrid_interco/RTL/axi_2_lint/axi_read_ctrl.sv Line: 18
Info (12021): Found 1 design units, including 1 entities, in source file /home/victor/pulp_shared_vm/pulp_box/pulpissimo/ips/L2_tcdm_hybrid_interco/RTL/axi_2_lint/axi_write_ctrl.sv
    Info (12023): Found entity 1: axi_write_ctrl File: /home/victor/pulp_shared_vm/pulp_box/pulpissimo/ips/L2_tcdm_hybrid_interco/RTL/axi_2_lint/axi_write_ctrl.sv Line: 18
Info (12021): Found 1 design units, including 1 entities, in source file /home/victor/pulp_shared_vm/pulp_box/pulpissimo/ips/L2_tcdm_hybrid_interco/RTL/axi_2_lint/lint64_to_32.sv
    Info (12023): Found entity 1: lint64_to_32 File: /home/victor/pulp_shared_vm/pulp_box/pulpissimo/ips/L2_tcdm_hybrid_interco/RTL/axi_2_lint/lint64_to_32.sv Line: 11
Info (12021): Found 1 design units, including 1 entities, in source file /home/victor/pulp_shared_vm/pulp_box/pulpissimo/ips/L2_tcdm_hybrid_interco/RTL/XBAR_L2/AddressDecoder_Req_L2.sv
    Info (12023): Found entity 1: AddressDecoder_Req_L2 File: /home/victor/pulp_shared_vm/pulp_box/pulpissimo/ips/L2_tcdm_hybrid_interco/RTL/XBAR_L2/AddressDecoder_Req_L2.sv Line: 11
Info (12021): Found 1 design units, including 1 entities, in source file /home/victor/pulp_shared_vm/pulp_box/pulpissimo/ips/L2_tcdm_hybrid_interco/RTL/XBAR_L2/AddressDecoder_Resp_L2.sv
    Info (12023): Found entity 1: AddressDecoder_Resp_L2 File: /home/victor/pulp_shared_vm/pulp_box/pulpissimo/ips/L2_tcdm_hybrid_interco/RTL/XBAR_L2/AddressDecoder_Resp_L2.sv Line: 11
Info (12021): Found 1 design units, including 1 entities, in source file /home/victor/pulp_shared_vm/pulp_box/pulpissimo/ips/L2_tcdm_hybrid_interco/RTL/XBAR_L2/ArbitrationTree_L2.sv
    Info (12023): Found entity 1: ArbitrationTree_L2 File: /home/victor/pulp_shared_vm/pulp_box/pulpissimo/ips/L2_tcdm_hybrid_interco/RTL/XBAR_L2/ArbitrationTree_L2.sv Line: 11
Info (12021): Found 1 design units, including 1 entities, in source file /home/victor/pulp_shared_vm/pulp_box/pulpissimo/ips/L2_tcdm_hybrid_interco/RTL/XBAR_L2/FanInPrimitive_Req_L2.sv
    Info (12023): Found entity 1: FanInPrimitive_Req_L2 File: /home/victor/pulp_shared_vm/pulp_box/pulpissimo/ips/L2_tcdm_hybrid_interco/RTL/XBAR_L2/FanInPrimitive_Req_L2.sv Line: 11
Info (12021): Found 1 design units, including 1 entities, in source file /home/victor/pulp_shared_vm/pulp_box/pulpissimo/ips/L2_tcdm_hybrid_interco/RTL/XBAR_L2/FanInPrimitive_Resp_L2.sv
    Info (12023): Found entity 1: FanInPrimitive_Resp_L2 File: /home/victor/pulp_shared_vm/pulp_box/pulpissimo/ips/L2_tcdm_hybrid_interco/RTL/XBAR_L2/FanInPrimitive_Resp_L2.sv Line: 11
Info (12021): Found 1 design units, including 1 entities, in source file /home/victor/pulp_shared_vm/pulp_box/pulpissimo/ips/L2_tcdm_hybrid_interco/RTL/XBAR_L2/MUX2_REQ_L2.sv
    Info (12023): Found entity 1: MUX2_REQ_L2 File: /home/victor/pulp_shared_vm/pulp_box/pulpissimo/ips/L2_tcdm_hybrid_interco/RTL/XBAR_L2/MUX2_REQ_L2.sv Line: 11
Error (10170): Verilog HDL syntax error at RequestBlock_L2_1CH.sv(90) near text: "genvar";  expecting an identifier ("genvar" is a reserved keyword ). Check for and fix any syntax errors that appear immediately before or at the specified keyword. The Intel FPGA Knowledge Database contains many articles with specific details on how to resolve this error. Visit the Knowledge Database at https://www.altera.com/support/support-resources/knowledge-base/search.html and search for this specific error message number. File: /home/victor/pulp_shared_vm/pulp_box/pulpissimo/ips/L2_tcdm_hybrid_interco/RTL/XBAR_L2/RequestBlock_L2_1CH.sv Line: 90
Error (10112): Ignored design unit "RequestBlock_L2_1CH" at RequestBlock_L2_1CH.sv(11) due to previous errors File: /home/victor/pulp_shared_vm/pulp_box/pulpissimo/ips/L2_tcdm_hybrid_interco/RTL/XBAR_L2/RequestBlock_L2_1CH.sv Line: 11
Info (12021): Found 0 design units, including 0 entities, in source file /home/victor/pulp_shared_vm/pulp_box/pulpissimo/ips/L2_tcdm_hybrid_interco/RTL/XBAR_L2/RequestBlock_L2_1CH.sv
Error (10170): Verilog HDL syntax error at RequestBlock_L2_2CH.sv(132) near text: "genvar";  expecting an identifier ("genvar" is a reserved keyword ). Check for and fix any syntax errors that appear immediately before or at the specified keyword. The Intel FPGA Knowledge Database contains many articles with specific details on how to resolve this error. Visit the Knowledge Database at https://www.altera.com/support/support-resources/knowledge-base/search.html and search for this specific error message number. File: /home/victor/pulp_shared_vm/pulp_box/pulpissimo/ips/L2_tcdm_hybrid_interco/RTL/XBAR_L2/RequestBlock_L2_2CH.sv Line: 132
Error (10170): Verilog HDL syntax error at RequestBlock_L2_2CH.sv(178) near text: "genvar";  expecting an identifier ("genvar" is a reserved keyword ). Check for and fix any syntax errors that appear immediately before or at the specified keyword. The Intel FPGA Knowledge Database contains many articles with specific details on how to resolve this error. Visit the Knowledge Database at https://www.altera.com/support/support-resources/knowledge-base/search.html and search for this specific error message number. File: /home/victor/pulp_shared_vm/pulp_box/pulpissimo/ips/L2_tcdm_hybrid_interco/RTL/XBAR_L2/RequestBlock_L2_2CH.sv Line: 178
Error (10112): Ignored design unit "RequestBlock_L2_2CH" at RequestBlock_L2_2CH.sv(11) due to previous errors File: /home/victor/pulp_shared_vm/pulp_box/pulpissimo/ips/L2_tcdm_hybrid_interco/RTL/XBAR_L2/RequestBlock_L2_2CH.sv Line: 11
Info (12021): Found 0 design units, including 0 entities, in source file /home/victor/pulp_shared_vm/pulp_box/pulpissimo/ips/L2_tcdm_hybrid_interco/RTL/XBAR_L2/RequestBlock_L2_2CH.sv
Info (12021): Found 1 design units, including 1 entities, in source file /home/victor/pulp_shared_vm/pulp_box/pulpissimo/ips/L2_tcdm_hybrid_interco/RTL/XBAR_L2/ResponseBlock_L2.sv
    Info (12023): Found entity 1: ResponseBlock_L2 File: /home/victor/pulp_shared_vm/pulp_box/pulpissimo/ips/L2_tcdm_hybrid_interco/RTL/XBAR_L2/ResponseBlock_L2.sv Line: 11
Info (12021): Found 1 design units, including 1 entities, in source file /home/victor/pulp_shared_vm/pulp_box/pulpissimo/ips/L2_tcdm_hybrid_interco/RTL/XBAR_L2/ResponseTree_L2.sv
    Info (12023): Found entity 1: ResponseTree_L2 File: /home/victor/pulp_shared_vm/pulp_box/pulpissimo/ips/L2_tcdm_hybrid_interco/RTL/XBAR_L2/ResponseTree_L2.sv Line: 11
Info (12021): Found 1 design units, including 1 entities, in source file /home/victor/pulp_shared_vm/pulp_box/pulpissimo/ips/L2_tcdm_hybrid_interco/RTL/XBAR_L2/RR_Flag_Req_L2.sv
    Info (12023): Found entity 1: RR_Flag_Req_L2 File: /home/victor/pulp_shared_vm/pulp_box/pulpissimo/ips/L2_tcdm_hybrid_interco/RTL/XBAR_L2/RR_Flag_Req_L2.sv Line: 11
Error (10644): Verilog HDL error at XBAR_L2.sv(105): this block requires a name File: /home/victor/pulp_shared_vm/pulp_box/pulpissimo/ips/L2_tcdm_hybrid_interco/RTL/XBAR_L2/XBAR_L2.sv Line: 105
Error (10112): Ignored design unit "XBAR_L2" at XBAR_L2.sv(11) due to previous errors File: /home/victor/pulp_shared_vm/pulp_box/pulpissimo/ips/L2_tcdm_hybrid_interco/RTL/XBAR_L2/XBAR_L2.sv Line: 11
Info (12021): Found 0 design units, including 0 entities, in source file /home/victor/pulp_shared_vm/pulp_box/pulpissimo/ips/L2_tcdm_hybrid_interco/RTL/XBAR_L2/XBAR_L2.sv
Info (12021): Found 1 design units, including 1 entities, in source file /home/victor/pulp_shared_vm/pulp_box/pulpissimo/ips/L2_tcdm_hybrid_interco/RTL/XBAR_BRIDGE/AddressDecoder_Req_BRIDGE.sv
    Info (12023): Found entity 1: AddressDecoder_Req_BRIDGE File: /home/victor/pulp_shared_vm/pulp_box/pulpissimo/ips/L2_tcdm_hybrid_interco/RTL/XBAR_BRIDGE/AddressDecoder_Req_BRIDGE.sv Line: 11
Info (12021): Found 1 design units, including 1 entities, in source file /home/victor/pulp_shared_vm/pulp_box/pulpissimo/ips/L2_tcdm_hybrid_interco/RTL/XBAR_BRIDGE/AddressDecoder_Resp_BRIDGE.sv
    Info (12023): Found entity 1: AddressDecoder_Resp_BRIDGE File: /home/victor/pulp_shared_vm/pulp_box/pulpissimo/ips/L2_tcdm_hybrid_interco/RTL/XBAR_BRIDGE/AddressDecoder_Resp_BRIDGE.sv Line: 11
Info (12021): Found 1 design units, including 1 entities, in source file /home/victor/pulp_shared_vm/pulp_box/pulpissimo/ips/L2_tcdm_hybrid_interco/RTL/XBAR_BRIDGE/ArbitrationTree_BRIDGE.sv
    Info (12023): Found entity 1: ArbitrationTree_BRIDGE File: /home/victor/pulp_shared_vm/pulp_box/pulpissimo/ips/L2_tcdm_hybrid_interco/RTL/XBAR_BRIDGE/ArbitrationTree_BRIDGE.sv Line: 11
Info (12021): Found 1 design units, including 1 entities, in source file /home/victor/pulp_shared_vm/pulp_box/pulpissimo/ips/L2_tcdm_hybrid_interco/RTL/XBAR_BRIDGE/FanInPrimitive_Req_BRIDGE.sv
    Info (12023): Found entity 1: FanInPrimitive_Req_BRIDGE File: /home/victor/pulp_shared_vm/pulp_box/pulpissimo/ips/L2_tcdm_hybrid_interco/RTL/XBAR_BRIDGE/FanInPrimitive_Req_BRIDGE.sv Line: 11
Info (12021): Found 1 design units, including 1 entities, in source file /home/victor/pulp_shared_vm/pulp_box/pulpissimo/ips/L2_tcdm_hybrid_interco/RTL/XBAR_BRIDGE/FanInPrimitive_Resp_BRIDGE.sv
    Info (12023): Found entity 1: FanInPrimitive_Resp_BRIDGE File: /home/victor/pulp_shared_vm/pulp_box/pulpissimo/ips/L2_tcdm_hybrid_interco/RTL/XBAR_BRIDGE/FanInPrimitive_Resp_BRIDGE.sv Line: 11
Info (12021): Found 1 design units, including 1 entities, in source file /home/victor/pulp_shared_vm/pulp_box/pulpissimo/ips/L2_tcdm_hybrid_interco/RTL/XBAR_BRIDGE/MUX2_REQ_BRIDGE.sv
    Info (12023): Found entity 1: MUX2_REQ_BRIDGE File: /home/victor/pulp_shared_vm/pulp_box/pulpissimo/ips/L2_tcdm_hybrid_interco/RTL/XBAR_BRIDGE/MUX2_REQ_BRIDGE.sv Line: 11
Error (10170): Verilog HDL syntax error at RequestBlock1CH_BRIDGE.sv(103) near text: "genvar";  expecting an identifier ("genvar" is a reserved keyword ). Check for and fix any syntax errors that appear immediately before or at the specified keyword. The Intel FPGA Knowledge Database contains many articles with specific details on how to resolve this error. Visit the Knowledge Database at https://www.altera.com/support/support-resources/knowledge-base/search.html and search for this specific error message number. File: /home/victor/pulp_shared_vm/pulp_box/pulpissimo/ips/L2_tcdm_hybrid_interco/RTL/XBAR_BRIDGE/RequestBlock1CH_BRIDGE.sv Line: 103
Error (10112): Ignored design unit "RequestBlock1CH_BRIDGE" at RequestBlock1CH_BRIDGE.sv(12) due to previous errors File: /home/victor/pulp_shared_vm/pulp_box/pulpissimo/ips/L2_tcdm_hybrid_interco/RTL/XBAR_BRIDGE/RequestBlock1CH_BRIDGE.sv Line: 12
Info (12021): Found 0 design units, including 0 entities, in source file /home/victor/pulp_shared_vm/pulp_box/pulpissimo/ips/L2_tcdm_hybrid_interco/RTL/XBAR_BRIDGE/RequestBlock1CH_BRIDGE.sv
Error (10170): Verilog HDL syntax error at RequestBlock2CH_BRIDGE.sv(155) near text: "genvar";  expecting an identifier ("genvar" is a reserved keyword ). Check for and fix any syntax errors that appear immediately before or at the specified keyword. The Intel FPGA Knowledge Database contains many articles with specific details on how to resolve this error. Visit the Knowledge Database at https://www.altera.com/support/support-resources/knowledge-base/search.html and search for this specific error message number. File: /home/victor/pulp_shared_vm/pulp_box/pulpissimo/ips/L2_tcdm_hybrid_interco/RTL/XBAR_BRIDGE/RequestBlock2CH_BRIDGE.sv Line: 155
Error (10170): Verilog HDL syntax error at RequestBlock2CH_BRIDGE.sv(205) near text: "genvar";  expecting an identifier ("genvar" is a reserved keyword ). Check for and fix any syntax errors that appear immediately before or at the specified keyword. The Intel FPGA Knowledge Database contains many articles with specific details on how to resolve this error. Visit the Knowledge Database at https://www.altera.com/support/support-resources/knowledge-base/search.html and search for this specific error message number. File: /home/victor/pulp_shared_vm/pulp_box/pulpissimo/ips/L2_tcdm_hybrid_interco/RTL/XBAR_BRIDGE/RequestBlock2CH_BRIDGE.sv Line: 205
Error (10112): Ignored design unit "RequestBlock2CH_BRIDGE" at RequestBlock2CH_BRIDGE.sv(12) due to previous errors File: /home/victor/pulp_shared_vm/pulp_box/pulpissimo/ips/L2_tcdm_hybrid_interco/RTL/XBAR_BRIDGE/RequestBlock2CH_BRIDGE.sv Line: 12
Info (12021): Found 0 design units, including 0 entities, in source file /home/victor/pulp_shared_vm/pulp_box/pulpissimo/ips/L2_tcdm_hybrid_interco/RTL/XBAR_BRIDGE/RequestBlock2CH_BRIDGE.sv
Info (12021): Found 1 design units, including 1 entities, in source file /home/victor/pulp_shared_vm/pulp_box/pulpissimo/ips/L2_tcdm_hybrid_interco/RTL/XBAR_BRIDGE/ResponseBlock_BRIDGE.sv
    Info (12023): Found entity 1: ResponseBlock_BRIDGE File: /home/victor/pulp_shared_vm/pulp_box/pulpissimo/ips/L2_tcdm_hybrid_interco/RTL/XBAR_BRIDGE/ResponseBlock_BRIDGE.sv Line: 11
Info (12021): Found 1 design units, including 1 entities, in source file /home/victor/pulp_shared_vm/pulp_box/pulpissimo/ips/L2_tcdm_hybrid_interco/RTL/XBAR_BRIDGE/ResponseTree_BRIDGE.sv
    Info (12023): Found entity 1: ResponseTree_BRIDGE File: /home/victor/pulp_shared_vm/pulp_box/pulpissimo/ips/L2_tcdm_hybrid_interco/RTL/XBAR_BRIDGE/ResponseTree_BRIDGE.sv Line: 11
Info (12021): Found 1 design units, including 1 entities, in source file /home/victor/pulp_shared_vm/pulp_box/pulpissimo/ips/L2_tcdm_hybrid_interco/RTL/XBAR_BRIDGE/RR_Flag_Req_BRIDGE.sv
    Info (12023): Found entity 1: RR_Flag_Req_BRIDGE File: /home/victor/pulp_shared_vm/pulp_box/pulpissimo/ips/L2_tcdm_hybrid_interco/RTL/XBAR_BRIDGE/RR_Flag_Req_BRIDGE.sv Line: 11
Error (10644): Verilog HDL error at XBAR_BRIDGE.sv(116): this block requires a name File: /home/victor/pulp_shared_vm/pulp_box/pulpissimo/ips/L2_tcdm_hybrid_interco/RTL/XBAR_BRIDGE/XBAR_BRIDGE.sv Line: 116
Error (10644): Verilog HDL error at XBAR_BRIDGE.sv(98): this block requires a name File: /home/victor/pulp_shared_vm/pulp_box/pulpissimo/ips/L2_tcdm_hybrid_interco/RTL/XBAR_BRIDGE/XBAR_BRIDGE.sv Line: 98
Error (10112): Ignored design unit "XBAR_BRIDGE" at XBAR_BRIDGE.sv(11) due to previous errors File: /home/victor/pulp_shared_vm/pulp_box/pulpissimo/ips/L2_tcdm_hybrid_interco/RTL/XBAR_BRIDGE/XBAR_BRIDGE.sv Line: 11
Info (12021): Found 0 design units, including 0 entities, in source file /home/victor/pulp_shared_vm/pulp_box/pulpissimo/ips/L2_tcdm_hybrid_interco/RTL/XBAR_BRIDGE/XBAR_BRIDGE.sv
Info (12021): Found 1 design units, including 1 entities, in source file /home/victor/pulp_shared_vm/pulp_box/pulpissimo/ips/cluster_interconnect/rtl/low_latency_interco/FanInPrimitive_Req.sv
    Info (12023): Found entity 1: FanInPrimitive_Req File: /home/victor/pulp_shared_vm/pulp_box/pulpissimo/ips/cluster_interconnect/rtl/low_latency_interco/FanInPrimitive_Req.sv Line: 48
Info (12021): Found 1 design units, including 1 entities, in source file /home/victor/pulp_shared_vm/pulp_box/pulpissimo/ips/cluster_interconnect/rtl/low_latency_interco/ArbitrationTree.sv
    Info (12023): Found entity 1: ArbitrationTree File: /home/victor/pulp_shared_vm/pulp_box/pulpissimo/ips/cluster_interconnect/rtl/low_latency_interco/ArbitrationTree.sv Line: 50
Info (12021): Found 1 design units, including 1 entities, in source file /home/victor/pulp_shared_vm/pulp_box/pulpissimo/ips/cluster_interconnect/rtl/low_latency_interco/MUX2_REQ.sv
    Info (12023): Found entity 1: MUX2_REQ File: /home/victor/pulp_shared_vm/pulp_box/pulpissimo/ips/cluster_interconnect/rtl/low_latency_interco/MUX2_REQ.sv Line: 46
Info (12021): Found 1 design units, including 1 entities, in source file /home/victor/pulp_shared_vm/pulp_box/pulpissimo/ips/cluster_interconnect/rtl/low_latency_interco/AddressDecoder_Resp.sv
    Info (12023): Found entity 1: AddressDecoder_Resp File: /home/victor/pulp_shared_vm/pulp_box/pulpissimo/ips/cluster_interconnect/rtl/low_latency_interco/AddressDecoder_Resp.sv Line: 46
Info (12021): Found 1 design units, including 1 entities, in source file /home/victor/pulp_shared_vm/pulp_box/pulpissimo/ips/cluster_interconnect/rtl/low_latency_interco/TestAndSet.sv
    Info (12023): Found entity 1: TestAndSet File: /home/victor/pulp_shared_vm/pulp_box/pulpissimo/ips/cluster_interconnect/rtl/low_latency_interco/TestAndSet.sv Line: 48
Error (10170): Verilog HDL syntax error at RequestBlock2CH.sv(218) near text: "genvar";  expecting an identifier ("genvar" is a reserved keyword ). Check for and fix any syntax errors that appear immediately before or at the specified keyword. The Intel FPGA Knowledge Database contains many articles with specific details on how to resolve this error. Visit the Knowledge Database at https://www.altera.com/support/support-resources/knowledge-base/search.html and search for this specific error message number. File: /home/victor/pulp_shared_vm/pulp_box/pulpissimo/ips/cluster_interconnect/rtl/low_latency_interco/RequestBlock2CH.sv Line: 218
Error (10170): Verilog HDL syntax error at RequestBlock2CH.sv(281) near text: "genvar";  expecting an identifier ("genvar" is a reserved keyword ). Check for and fix any syntax errors that appear immediately before or at the specified keyword. The Intel FPGA Knowledge Database contains many articles with specific details on how to resolve this error. Visit the Knowledge Database at https://www.altera.com/support/support-resources/knowledge-base/search.html and search for this specific error message number. File: /home/victor/pulp_shared_vm/pulp_box/pulpissimo/ips/cluster_interconnect/rtl/low_latency_interco/RequestBlock2CH.sv Line: 281
Error (10112): Ignored design unit "RequestBlock2CH" at RequestBlock2CH.sv(52) due to previous errors File: /home/victor/pulp_shared_vm/pulp_box/pulpissimo/ips/cluster_interconnect/rtl/low_latency_interco/RequestBlock2CH.sv Line: 52
Info (12021): Found 0 design units, including 0 entities, in source file /home/victor/pulp_shared_vm/pulp_box/pulpissimo/ips/cluster_interconnect/rtl/low_latency_interco/RequestBlock2CH.sv
Error (10170): Verilog HDL syntax error at RequestBlock1CH.sv(145) near text: "genvar";  expecting an identifier ("genvar" is a reserved keyword ). Check for and fix any syntax errors that appear immediately before or at the specified keyword. The Intel FPGA Knowledge Database contains many articles with specific details on how to resolve this error. Visit the Knowledge Database at https://www.altera.com/support/support-resources/knowledge-base/search.html and search for this specific error message number. File: /home/victor/pulp_shared_vm/pulp_box/pulpissimo/ips/cluster_interconnect/rtl/low_latency_interco/RequestBlock1CH.sv Line: 145
Error (10112): Ignored design unit "RequestBlock1CH" at RequestBlock1CH.sv(50) due to previous errors File: /home/victor/pulp_shared_vm/pulp_box/pulpissimo/ips/cluster_interconnect/rtl/low_latency_interco/RequestBlock1CH.sv Line: 50
Info (12021): Found 0 design units, including 0 entities, in source file /home/victor/pulp_shared_vm/pulp_box/pulpissimo/ips/cluster_interconnect/rtl/low_latency_interco/RequestBlock1CH.sv
Info (12021): Found 1 design units, including 1 entities, in source file /home/victor/pulp_shared_vm/pulp_box/pulpissimo/ips/cluster_interconnect/rtl/low_latency_interco/FanInPrimitive_Resp.sv
    Info (12023): Found entity 1: FanInPrimitive_Resp File: /home/victor/pulp_shared_vm/pulp_box/pulpissimo/ips/cluster_interconnect/rtl/low_latency_interco/FanInPrimitive_Resp.sv Line: 47
Info (12021): Found 1 design units, including 1 entities, in source file /home/victor/pulp_shared_vm/pulp_box/pulpissimo/ips/cluster_interconnect/rtl/low_latency_interco/ResponseTree.sv
    Info (12023): Found entity 1: ResponseTree File: /home/victor/pulp_shared_vm/pulp_box/pulpissimo/ips/cluster_interconnect/rtl/low_latency_interco/ResponseTree.sv Line: 48
Info (12021): Found 1 design units, including 1 entities, in source file /home/victor/pulp_shared_vm/pulp_box/pulpissimo/ips/cluster_interconnect/rtl/low_latency_interco/ResponseBlock.sv
    Info (12023): Found entity 1: ResponseBlock File: /home/victor/pulp_shared_vm/pulp_box/pulpissimo/ips/cluster_interconnect/rtl/low_latency_interco/ResponseBlock.sv Line: 49
Info (12021): Found 1 design units, including 1 entities, in source file /home/victor/pulp_shared_vm/pulp_box/pulpissimo/ips/cluster_interconnect/rtl/low_latency_interco/AddressDecoder_Req.sv
    Info (12023): Found entity 1: AddressDecoder_Req File: /home/victor/pulp_shared_vm/pulp_box/pulpissimo/ips/cluster_interconnect/rtl/low_latency_interco/AddressDecoder_Req.sv Line: 47
Info (12021): Found 1 design units, including 1 entities, in source file /home/victor/pulp_shared_vm/pulp_box/pulpissimo/ips/cluster_interconnect/rtl/low_latency_interco/XBAR_TCDM.sv
    Info (12023): Found entity 1: XBAR_TCDM File: /home/victor/pulp_shared_vm/pulp_box/pulpissimo/ips/cluster_interconnect/rtl/low_latency_interco/XBAR_TCDM.sv Line: 47
Info (12021): Found 1 design units, including 1 entities, in source file /home/victor/pulp_shared_vm/pulp_box/pulpissimo/ips/cluster_interconnect/rtl/low_latency_interco/XBAR_TCDM_WRAPPER.sv
    Info (12023): Found entity 1: XBAR_TCDM_WRAPPER File: /home/victor/pulp_shared_vm/pulp_box/pulpissimo/ips/cluster_interconnect/rtl/low_latency_interco/XBAR_TCDM_WRAPPER.sv Line: 48
Info (12021): Found 1 design units, including 1 entities, in source file /home/victor/pulp_shared_vm/pulp_box/pulpissimo/ips/cluster_interconnect/rtl/low_latency_interco/TCDM_PIPE_REQ.sv
    Info (12023): Found entity 1: TCDM_PIPE_REQ File: /home/victor/pulp_shared_vm/pulp_box/pulpissimo/ips/cluster_interconnect/rtl/low_latency_interco/TCDM_PIPE_REQ.sv Line: 50
Info (12021): Found 1 design units, including 1 entities, in source file /home/victor/pulp_shared_vm/pulp_box/pulpissimo/ips/cluster_interconnect/rtl/low_latency_interco/TCDM_PIPE_RESP.sv
    Info (12023): Found entity 1: TCDM_PIPE_RESP File: /home/victor/pulp_shared_vm/pulp_box/pulpissimo/ips/cluster_interconnect/rtl/low_latency_interco/TCDM_PIPE_RESP.sv Line: 49
Info (12021): Found 1 design units, including 1 entities, in source file /home/victor/pulp_shared_vm/pulp_box/pulpissimo/ips/cluster_interconnect/rtl/low_latency_interco/grant_mask.sv
    Info (12023): Found entity 1: grant_mask File: /home/victor/pulp_shared_vm/pulp_box/pulpissimo/ips/cluster_interconnect/rtl/low_latency_interco/grant_mask.sv Line: 46
Info (12021): Found 1 design units, including 1 entities, in source file /home/victor/pulp_shared_vm/pulp_box/pulpissimo/ips/cluster_interconnect/rtl/low_latency_interco/priority_Flag_Req.sv
    Info (12023): Found entity 1: priority_Flag_Req File: /home/victor/pulp_shared_vm/pulp_box/pulpissimo/ips/cluster_interconnect/rtl/low_latency_interco/priority_Flag_Req.sv Line: 49
Error (10054): Verilog HDL File I/O error at AddressDecoder_PE_Req.sv(45): can't open Verilog Design File "parameters.v" File: /home/victor/pulp_shared_vm/pulp_box/pulpissimo/ips/cluster_interconnect/rtl/peripheral_interco/AddressDecoder_PE_Req.sv Line: 45
Error (10054): Verilog HDL File I/O error at AddressDecoder_PE_Req.sv(46): can't open Verilog Design File "pulp_soc_defines.sv" File: /home/victor/pulp_shared_vm/pulp_box/pulpissimo/ips/cluster_interconnect/rtl/peripheral_interco/AddressDecoder_PE_Req.sv Line: 46
Error (10112): Ignored design unit "AddressDecoder_PE_Req" at AddressDecoder_PE_Req.sv(48) due to previous errors File: /home/victor/pulp_shared_vm/pulp_box/pulpissimo/ips/cluster_interconnect/rtl/peripheral_interco/AddressDecoder_PE_Req.sv Line: 48
Info (12021): Found 0 design units, including 0 entities, in source file /home/victor/pulp_shared_vm/pulp_box/pulpissimo/ips/cluster_interconnect/rtl/peripheral_interco/AddressDecoder_PE_Req.sv
Error (10054): Verilog HDL File I/O error at AddressDecoder_Resp_PE.sv(45): can't open Verilog Design File "parameters.v" File: /home/victor/pulp_shared_vm/pulp_box/pulpissimo/ips/cluster_interconnect/rtl/peripheral_interco/AddressDecoder_Resp_PE.sv Line: 45
Error (10112): Ignored design unit "AddressDecoder_Resp_PE" at AddressDecoder_Resp_PE.sv(47) due to previous errors File: /home/victor/pulp_shared_vm/pulp_box/pulpissimo/ips/cluster_interconnect/rtl/peripheral_interco/AddressDecoder_Resp_PE.sv Line: 47
Info (12021): Found 0 design units, including 0 entities, in source file /home/victor/pulp_shared_vm/pulp_box/pulpissimo/ips/cluster_interconnect/rtl/peripheral_interco/AddressDecoder_Resp_PE.sv
Error (10054): Verilog HDL File I/O error at ArbitrationTree_PE.sv(48): can't open Verilog Design File "parameters.v" File: /home/victor/pulp_shared_vm/pulp_box/pulpissimo/ips/cluster_interconnect/rtl/peripheral_interco/ArbitrationTree_PE.sv Line: 48
Error (10112): Ignored design unit "ArbitrationTree_PE" at ArbitrationTree_PE.sv(51) due to previous errors File: /home/victor/pulp_shared_vm/pulp_box/pulpissimo/ips/cluster_interconnect/rtl/peripheral_interco/ArbitrationTree_PE.sv Line: 51
Info (12021): Found 0 design units, including 0 entities, in source file /home/victor/pulp_shared_vm/pulp_box/pulpissimo/ips/cluster_interconnect/rtl/peripheral_interco/ArbitrationTree_PE.sv
Error (10054): Verilog HDL File I/O error at FanInPrimitive_Req_PE.sv(45): can't open Verilog Design File "parameters.v" File: /home/victor/pulp_shared_vm/pulp_box/pulpissimo/ips/cluster_interconnect/rtl/peripheral_interco/FanInPrimitive_Req_PE.sv Line: 45
Error (10112): Ignored design unit "FanInPrimitive_Req_PE" at FanInPrimitive_Req_PE.sv(48) due to previous errors File: /home/victor/pulp_shared_vm/pulp_box/pulpissimo/ips/cluster_interconnect/rtl/peripheral_interco/FanInPrimitive_Req_PE.sv Line: 48
Info (12021): Found 0 design units, including 0 entities, in source file /home/victor/pulp_shared_vm/pulp_box/pulpissimo/ips/cluster_interconnect/rtl/peripheral_interco/FanInPrimitive_Req_PE.sv
Error (10054): Verilog HDL File I/O error at RR_Flag_Req_PE.sv(45): can't open Verilog Design File "parameters.v" File: /home/victor/pulp_shared_vm/pulp_box/pulpissimo/ips/cluster_interconnect/rtl/peripheral_interco/RR_Flag_Req_PE.sv Line: 45
Error (10112): Ignored design unit "RR_Flag_Req_PE" at RR_Flag_Req_PE.sv(48) due to previous errors File: /home/victor/pulp_shared_vm/pulp_box/pulpissimo/ips/cluster_interconnect/rtl/peripheral_interco/RR_Flag_Req_PE.sv Line: 48
Info (12021): Found 0 design units, including 0 entities, in source file /home/victor/pulp_shared_vm/pulp_box/pulpissimo/ips/cluster_interconnect/rtl/peripheral_interco/RR_Flag_Req_PE.sv
Error (10054): Verilog HDL File I/O error at MUX2_REQ_PE.sv(45): can't open Verilog Design File "parameters.v" File: /home/victor/pulp_shared_vm/pulp_box/pulpissimo/ips/cluster_interconnect/rtl/peripheral_interco/MUX2_REQ_PE.sv Line: 45
Error (10112): Ignored design unit "MUX2_REQ_PE" at MUX2_REQ_PE.sv(47) due to previous errors File: /home/victor/pulp_shared_vm/pulp_box/pulpissimo/ips/cluster_interconnect/rtl/peripheral_interco/MUX2_REQ_PE.sv Line: 47
Info (12021): Found 0 design units, including 0 entities, in source file /home/victor/pulp_shared_vm/pulp_box/pulpissimo/ips/cluster_interconnect/rtl/peripheral_interco/MUX2_REQ_PE.sv
Error (10054): Verilog HDL File I/O error at FanInPrimitive_PE_Resp.sv(48): can't open Verilog Design File "parameters.v" File: /home/victor/pulp_shared_vm/pulp_box/pulpissimo/ips/cluster_interconnect/rtl/peripheral_interco/FanInPrimitive_PE_Resp.sv Line: 48
Error (10112): Ignored design unit "FanInPrimitive_PE_Resp" at FanInPrimitive_PE_Resp.sv(50) due to previous errors File: /home/victor/pulp_shared_vm/pulp_box/pulpissimo/ips/cluster_interconnect/rtl/peripheral_interco/FanInPrimitive_PE_Resp.sv Line: 50
Info (12021): Found 0 design units, including 0 entities, in source file /home/victor/pulp_shared_vm/pulp_box/pulpissimo/ips/cluster_interconnect/rtl/peripheral_interco/FanInPrimitive_PE_Resp.sv
Error (10054): Verilog HDL File I/O error at RequestBlock1CH_PE.sv(49): can't open Verilog Design File "parameters.v" File: /home/victor/pulp_shared_vm/pulp_box/pulpissimo/ips/cluster_interconnect/rtl/peripheral_interco/RequestBlock1CH_PE.sv Line: 49
Error (10170): Verilog HDL syntax error at RequestBlock1CH_PE.sv(152) near text: "genvar";  expecting an identifier ("genvar" is a reserved keyword ). Check for and fix any syntax errors that appear immediately before or at the specified keyword. The Intel FPGA Knowledge Database contains many articles with specific details on how to resolve this error. Visit the Knowledge Database at https://www.altera.com/support/support-resources/knowledge-base/search.html and search for this specific error message number. File: /home/victor/pulp_shared_vm/pulp_box/pulpissimo/ips/cluster_interconnect/rtl/peripheral_interco/RequestBlock1CH_PE.sv Line: 152
Error (10112): Ignored design unit "RequestBlock1CH_PE" at RequestBlock1CH_PE.sv(52) due to previous errors File: /home/victor/pulp_shared_vm/pulp_box/pulpissimo/ips/cluster_interconnect/rtl/peripheral_interco/RequestBlock1CH_PE.sv Line: 52
Info (12021): Found 0 design units, including 0 entities, in source file /home/victor/pulp_shared_vm/pulp_box/pulpissimo/ips/cluster_interconnect/rtl/peripheral_interco/RequestBlock1CH_PE.sv
Error (10054): Verilog HDL File I/O error at RequestBlock2CH_PE.sv(46): can't open Verilog Design File "parameters.v" File: /home/victor/pulp_shared_vm/pulp_box/pulpissimo/ips/cluster_interconnect/rtl/peripheral_interco/RequestBlock2CH_PE.sv Line: 46
Error (10170): Verilog HDL syntax error at RequestBlock2CH_PE.sv(203) near text: "genvar";  expecting an identifier ("genvar" is a reserved keyword ). Check for and fix any syntax errors that appear immediately before or at the specified keyword. The Intel FPGA Knowledge Database contains many articles with specific details on how to resolve this error. Visit the Knowledge Database at https://www.altera.com/support/support-resources/knowledge-base/search.html and search for this specific error message number. File: /home/victor/pulp_shared_vm/pulp_box/pulpissimo/ips/cluster_interconnect/rtl/peripheral_interco/RequestBlock2CH_PE.sv Line: 203
Error (10170): Verilog HDL syntax error at RequestBlock2CH_PE.sv(260) near text: "genvar";  expecting an identifier ("genvar" is a reserved keyword ). Check for and fix any syntax errors that appear immediately before or at the specified keyword. The Intel FPGA Knowledge Database contains many articles with specific details on how to resolve this error. Visit the Knowledge Database at https://www.altera.com/support/support-resources/knowledge-base/search.html and search for this specific error message number. File: /home/victor/pulp_shared_vm/pulp_box/pulpissimo/ips/cluster_interconnect/rtl/peripheral_interco/RequestBlock2CH_PE.sv Line: 260
Error (10112): Ignored design unit "RequestBlock2CH_PE" at RequestBlock2CH_PE.sv(49) due to previous errors File: /home/victor/pulp_shared_vm/pulp_box/pulpissimo/ips/cluster_interconnect/rtl/peripheral_interco/RequestBlock2CH_PE.sv Line: 49
Info (12021): Found 0 design units, including 0 entities, in source file /home/victor/pulp_shared_vm/pulp_box/pulpissimo/ips/cluster_interconnect/rtl/peripheral_interco/RequestBlock2CH_PE.sv
Error (10054): Verilog HDL File I/O error at ResponseBlock_PE.sv(46): can't open Verilog Design File "parameters.v" File: /home/victor/pulp_shared_vm/pulp_box/pulpissimo/ips/cluster_interconnect/rtl/peripheral_interco/ResponseBlock_PE.sv Line: 46
Error (10112): Ignored design unit "ResponseBlock_PE" at ResponseBlock_PE.sv(48) due to previous errors File: /home/victor/pulp_shared_vm/pulp_box/pulpissimo/ips/cluster_interconnect/rtl/peripheral_interco/ResponseBlock_PE.sv Line: 48
Info (12021): Found 0 design units, including 0 entities, in source file /home/victor/pulp_shared_vm/pulp_box/pulpissimo/ips/cluster_interconnect/rtl/peripheral_interco/ResponseBlock_PE.sv
Error (10054): Verilog HDL File I/O error at ResponseTree_PE.sv(47): can't open Verilog Design File "parameters.v" File: /home/victor/pulp_shared_vm/pulp_box/pulpissimo/ips/cluster_interconnect/rtl/peripheral_interco/ResponseTree_PE.sv Line: 47
Error (10112): Ignored design unit "ResponseTree_PE" at ResponseTree_PE.sv(50) due to previous errors File: /home/victor/pulp_shared_vm/pulp_box/pulpissimo/ips/cluster_interconnect/rtl/peripheral_interco/ResponseTree_PE.sv Line: 50
Info (12021): Found 0 design units, including 0 entities, in source file /home/victor/pulp_shared_vm/pulp_box/pulpissimo/ips/cluster_interconnect/rtl/peripheral_interco/ResponseTree_PE.sv
Error (10054): Verilog HDL File I/O error at XBAR_PE.sv(45): can't open Verilog Design File "parameters.v" File: /home/victor/pulp_shared_vm/pulp_box/pulpissimo/ips/cluster_interconnect/rtl/peripheral_interco/XBAR_PE.sv Line: 45
Error (10644): Verilog HDL error at XBAR_PE.sv(142): this block requires a name File: /home/victor/pulp_shared_vm/pulp_box/pulpissimo/ips/cluster_interconnect/rtl/peripheral_interco/XBAR_PE.sv Line: 142
Error (10644): Verilog HDL error at XBAR_PE.sv(138): this block requires a name File: /home/victor/pulp_shared_vm/pulp_box/pulpissimo/ips/cluster_interconnect/rtl/peripheral_interco/XBAR_PE.sv Line: 138
Error (10112): Ignored design unit "XBAR_PE" at XBAR_PE.sv(47) due to previous errors File: /home/victor/pulp_shared_vm/pulp_box/pulpissimo/ips/cluster_interconnect/rtl/peripheral_interco/XBAR_PE.sv Line: 47
Info (12021): Found 0 design units, including 0 entities, in source file /home/victor/pulp_shared_vm/pulp_box/pulpissimo/ips/cluster_interconnect/rtl/peripheral_interco/XBAR_PE.sv
Info (12021): Found 1 design units, including 0 entities, in source file /home/victor/pulp_shared_vm/pulp_box/pulpissimo/ips/cluster_interconnect/rtl/tcdm_interconnect/tcdm_interconnect_pkg.sv
    Info (12022): Found design unit 1: tcdm_interconnect_pkg (SystemVerilog) File: /home/victor/pulp_shared_vm/pulp_box/pulpissimo/ips/cluster_interconnect/rtl/tcdm_interconnect/tcdm_interconnect_pkg.sv Line: 16
Error (10170): Verilog HDL syntax error at addr_dec_resp_mux.sv(47) near text: "if";  expecting "endmodule". Check for and fix any syntax errors that appear immediately before or at the specified keyword. The Intel FPGA Knowledge Database contains many articles with specific details on how to resolve this error. Visit the Knowledge Database at https://www.altera.com/support/support-resources/knowledge-base/search.html and search for this specific error message number. File: /home/victor/pulp_shared_vm/pulp_box/pulpissimo/ips/cluster_interconnect/rtl/tcdm_interconnect/addr_dec_resp_mux.sv Line: 47
Error (10170): Verilog HDL syntax error at addr_dec_resp_mux.sv(55) near text: "if";  expecting "endmodule". Check for and fix any syntax errors that appear immediately before or at the specified keyword. The Intel FPGA Knowledge Database contains many articles with specific details on how to resolve this error. Visit the Knowledge Database at https://www.altera.com/support/support-resources/knowledge-base/search.html and search for this specific error message number. File: /home/victor/pulp_shared_vm/pulp_box/pulpissimo/ips/cluster_interconnect/rtl/tcdm_interconnect/addr_dec_resp_mux.sv Line: 55
Error (10759): Verilog HDL error at addr_dec_resp_mux.sv(56): object gnt_o declared in a list of port declarations cannot be redeclared within the module body File: /home/victor/pulp_shared_vm/pulp_box/pulpissimo/ips/cluster_interconnect/rtl/tcdm_interconnect/addr_dec_resp_mux.sv Line: 56
Error (10170): Verilog HDL syntax error at addr_dec_resp_mux.sv(72) near text: "end";  expecting "endmodule". Check for and fix any syntax errors that appear immediately before or at the specified keyword. The Intel FPGA Knowledge Database contains many articles with specific details on how to resolve this error. Visit the Knowledge Database at https://www.altera.com/support/support-resources/knowledge-base/search.html and search for this specific error message number. File: /home/victor/pulp_shared_vm/pulp_box/pulpissimo/ips/cluster_interconnect/rtl/tcdm_interconnect/addr_dec_resp_mux.sv Line: 72
Error (10170): Verilog HDL syntax error at addr_dec_resp_mux.sv(82) near text: "=";  expecting ".", or an identifier. Check for and fix any syntax errors that appear immediately before or at the specified keyword. The Intel FPGA Knowledge Database contains many articles with specific details on how to resolve this error. Visit the Knowledge Database at https://www.altera.com/support/support-resources/knowledge-base/search.html and search for this specific error message number. File: /home/victor/pulp_shared_vm/pulp_box/pulpissimo/ips/cluster_interconnect/rtl/tcdm_interconnect/addr_dec_resp_mux.sv Line: 82
Error (10170): Verilog HDL syntax error at addr_dec_resp_mux.sv(94) near text: "if";  expecting "endmodule". Check for and fix any syntax errors that appear immediately before or at the specified keyword. The Intel FPGA Knowledge Database contains many articles with specific details on how to resolve this error. Visit the Knowledge Database at https://www.altera.com/support/support-resources/knowledge-base/search.html and search for this specific error message number. File: /home/victor/pulp_shared_vm/pulp_box/pulpissimo/ips/cluster_interconnect/rtl/tcdm_interconnect/addr_dec_resp_mux.sv Line: 94
Error (10170): Verilog HDL syntax error at addr_dec_resp_mux.sv(110) near text: "if";  expecting "endmodule". Check for and fix any syntax errors that appear immediately before or at the specified keyword. The Intel FPGA Knowledge Database contains many articles with specific details on how to resolve this error. Visit the Knowledge Database at https://www.altera.com/support/support-resources/knowledge-base/search.html and search for this specific error message number. File: /home/victor/pulp_shared_vm/pulp_box/pulpissimo/ips/cluster_interconnect/rtl/tcdm_interconnect/addr_dec_resp_mux.sv Line: 110
Error (10170): Verilog HDL syntax error at addr_dec_resp_mux.sv(116) near text: "if";  expecting "endmodule". Check for and fix any syntax errors that appear immediately before or at the specified keyword. The Intel FPGA Knowledge Database contains many articles with specific details on how to resolve this error. Visit the Knowledge Database at https://www.altera.com/support/support-resources/knowledge-base/search.html and search for this specific error message number. File: /home/victor/pulp_shared_vm/pulp_box/pulpissimo/ips/cluster_interconnect/rtl/tcdm_interconnect/addr_dec_resp_mux.sv Line: 116
Error (10149): Verilog HDL Declaration error at addr_dec_resp_mux.sv(117): identifier "bank_sel" is already declared in the present scope File: /home/victor/pulp_shared_vm/pulp_box/pulpissimo/ips/cluster_interconnect/rtl/tcdm_interconnect/addr_dec_resp_mux.sv Line: 117
Error (10170): Verilog HDL syntax error at addr_dec_resp_mux.sv(117) near text: "}";  expecting ";". Check for and fix any syntax errors that appear immediately before or at the specified keyword. The Intel FPGA Knowledge Database contains many articles with specific details on how to resolve this error. Visit the Knowledge Database at https://www.altera.com/support/support-resources/knowledge-base/search.html and search for this specific error message number. File: /home/victor/pulp_shared_vm/pulp_box/pulpissimo/ips/cluster_interconnect/rtl/tcdm_interconnect/addr_dec_resp_mux.sv Line: 117
Error (10149): Verilog HDL Declaration error at addr_dec_resp_mux.sv(122): identifier "p_reg" is already declared in the present scope File: /home/victor/pulp_shared_vm/pulp_box/pulpissimo/ips/cluster_interconnect/rtl/tcdm_interconnect/addr_dec_resp_mux.sv Line: 122
Error (10170): Verilog HDL syntax error at addr_dec_resp_mux.sv(130) near text: "end";  expecting "endmodule". Check for and fix any syntax errors that appear immediately before or at the specified keyword. The Intel FPGA Knowledge Database contains many articles with specific details on how to resolve this error. Visit the Knowledge Database at https://www.altera.com/support/support-resources/knowledge-base/search.html and search for this specific error message number. File: /home/victor/pulp_shared_vm/pulp_box/pulpissimo/ips/cluster_interconnect/rtl/tcdm_interconnect/addr_dec_resp_mux.sv Line: 130
Error (10170): Verilog HDL syntax error at addr_dec_resp_mux.sv(133) near text: "end";  expecting "endmodule". Check for and fix any syntax errors that appear immediately before or at the specified keyword. The Intel FPGA Knowledge Database contains many articles with specific details on how to resolve this error. Visit the Knowledge Database at https://www.altera.com/support/support-resources/knowledge-base/search.html and search for this specific error message number. File: /home/victor/pulp_shared_vm/pulp_box/pulpissimo/ips/cluster_interconnect/rtl/tcdm_interconnect/addr_dec_resp_mux.sv Line: 133
Error (10149): Verilog HDL Declaration error at addr_dec_resp_mux.sv(135): identifier "p_reg" is already declared in the present scope File: /home/victor/pulp_shared_vm/pulp_box/pulpissimo/ips/cluster_interconnect/rtl/tcdm_interconnect/addr_dec_resp_mux.sv Line: 135
Error (10170): Verilog HDL syntax error at addr_dec_resp_mux.sv(146) near text: "end";  expecting "endmodule". Check for and fix any syntax errors that appear immediately before or at the specified keyword. The Intel FPGA Knowledge Database contains many articles with specific details on how to resolve this error. Visit the Knowledge Database at https://www.altera.com/support/support-resources/knowledge-base/search.html and search for this specific error message number. File: /home/victor/pulp_shared_vm/pulp_box/pulpissimo/ips/cluster_interconnect/rtl/tcdm_interconnect/addr_dec_resp_mux.sv Line: 146
Error (10149): Verilog HDL Declaration error at addr_dec_resp_mux.sv(147): identifier "bank_sel_q" is already declared in the present scope File: /home/victor/pulp_shared_vm/pulp_box/pulpissimo/ips/cluster_interconnect/rtl/tcdm_interconnect/addr_dec_resp_mux.sv Line: 147
Error (10170): Verilog HDL syntax error at addr_dec_resp_mux.sv(151) near text: "if";  expecting "endmodule". Check for and fix any syntax errors that appear immediately before or at the specified keyword. The Intel FPGA Knowledge Database contains many articles with specific details on how to resolve this error. Visit the Knowledge Database at https://www.altera.com/support/support-resources/knowledge-base/search.html and search for this specific error message number. File: /home/victor/pulp_shared_vm/pulp_box/pulpissimo/ips/cluster_interconnect/rtl/tcdm_interconnect/addr_dec_resp_mux.sv Line: 151
Error (10759): Verilog HDL error at addr_dec_resp_mux.sv(152): object add_i declared in a list of port declarations cannot be redeclared within the module body File: /home/victor/pulp_shared_vm/pulp_box/pulpissimo/ips/cluster_interconnect/rtl/tcdm_interconnect/addr_dec_resp_mux.sv Line: 152
Error (10170): Verilog HDL syntax error at addr_dec_resp_mux.sv(154) near text: "end";  expecting "endmodule". Check for and fix any syntax errors that appear immediately before or at the specified keyword. The Intel FPGA Knowledge Database contains many articles with specific details on how to resolve this error. Visit the Knowledge Database at https://www.altera.com/support/support-resources/knowledge-base/search.html and search for this specific error message number. File: /home/victor/pulp_shared_vm/pulp_box/pulpissimo/ips/cluster_interconnect/rtl/tcdm_interconnect/addr_dec_resp_mux.sv Line: 154
Info (12021): Found 0 design units, including 0 entities, in source file /home/victor/pulp_shared_vm/pulp_box/pulpissimo/ips/cluster_interconnect/rtl/tcdm_interconnect/addr_dec_resp_mux.sv
Info (12021): Found 1 design units, including 1 entities, in source file /home/victor/pulp_shared_vm/pulp_box/pulpissimo/ips/cluster_interconnect/rtl/tcdm_interconnect/amo_shim.sv
    Info (12023): Found entity 1: amo_shim File: /home/victor/pulp_shared_vm/pulp_box/pulpissimo/ips/cluster_interconnect/rtl/tcdm_interconnect/amo_shim.sv Line: 5
Error (10170): Verilog HDL syntax error at xbar.sv(58) near text: "for";  expecting "endmodule". Check for and fix any syntax errors that appear immediately before or at the specified keyword. The Intel FPGA Knowledge Database contains many articles with specific details on how to resolve this error. Visit the Knowledge Database at https://www.altera.com/support/support-resources/knowledge-base/search.html and search for this specific error message number. File: /home/victor/pulp_shared_vm/pulp_box/pulpissimo/ips/cluster_interconnect/rtl/tcdm_interconnect/xbar.sv Line: 58
Error (10170): Verilog HDL syntax error at xbar.sv(87) near text: "end";  expecting "endmodule". Check for and fix any syntax errors that appear immediately before or at the specified keyword. The Intel FPGA Knowledge Database contains many articles with specific details on how to resolve this error. Visit the Knowledge Database at https://www.altera.com/support/support-resources/knowledge-base/search.html and search for this specific error message number. File: /home/victor/pulp_shared_vm/pulp_box/pulpissimo/ips/cluster_interconnect/rtl/tcdm_interconnect/xbar.sv Line: 87
Error (10149): Verilog HDL Declaration error at xbar.sv(93): identifier "k" is already declared in the present scope File: /home/victor/pulp_shared_vm/pulp_box/pulpissimo/ips/cluster_interconnect/rtl/tcdm_interconnect/xbar.sv Line: 93
Error (10170): Verilog HDL syntax error at xbar.sv(98) near text: "end";  expecting "endmodule". Check for and fix any syntax errors that appear immediately before or at the specified keyword. The Intel FPGA Knowledge Database contains many articles with specific details on how to resolve this error. Visit the Knowledge Database at https://www.altera.com/support/support-resources/knowledge-base/search.html and search for this specific error message number. File: /home/victor/pulp_shared_vm/pulp_box/pulpissimo/ips/cluster_interconnect/rtl/tcdm_interconnect/xbar.sv Line: 98
Error (10112): Ignored design unit "xbar" at xbar.sv(15) due to previous errors File: /home/victor/pulp_shared_vm/pulp_box/pulpissimo/ips/cluster_interconnect/rtl/tcdm_interconnect/xbar.sv Line: 15
Info (12021): Found 0 design units, including 0 entities, in source file /home/victor/pulp_shared_vm/pulp_box/pulpissimo/ips/cluster_interconnect/rtl/tcdm_interconnect/xbar.sv
Error (10170): Verilog HDL syntax error at clos_net.sv(84) near text: "for";  expecting "endmodule". Check for and fix any syntax errors that appear immediately before or at the specified keyword. The Intel FPGA Knowledge Database contains many articles with specific details on how to resolve this error. Visit the Knowledge Database at https://www.altera.com/support/support-resources/knowledge-base/search.html and search for this specific error message number. File: /home/victor/pulp_shared_vm/pulp_box/pulpissimo/ips/cluster_interconnect/rtl/tcdm_interconnect/clos_net.sv Line: 84
Error (10759): Verilog HDL error at clos_net.sv(85): object wdata_i declared in a list of port declarations cannot be redeclared within the module body File: /home/victor/pulp_shared_vm/pulp_box/pulpissimo/ips/cluster_interconnect/rtl/tcdm_interconnect/clos_net.sv Line: 85
Error (10170): Verilog HDL syntax error at clos_net.sv(85) near text: "}";  expecting ";". Check for and fix any syntax errors that appear immediately before or at the specified keyword. The Intel FPGA Knowledge Database contains many articles with specific details on how to resolve this error. Visit the Knowledge Database at https://www.altera.com/support/support-resources/knowledge-base/search.html and search for this specific error message number. File: /home/victor/pulp_shared_vm/pulp_box/pulpissimo/ips/cluster_interconnect/rtl/tcdm_interconnect/clos_net.sv Line: 85
Error (10170): Verilog HDL syntax error at clos_net.sv(112) near text: "end";  expecting "endmodule". Check for and fix any syntax errors that appear immediately before or at the specified keyword. The Intel FPGA Knowledge Database contains many articles with specific details on how to resolve this error. Visit the Knowledge Database at https://www.altera.com/support/support-resources/knowledge-base/search.html and search for this specific error message number. File: /home/victor/pulp_shared_vm/pulp_box/pulpissimo/ips/cluster_interconnect/rtl/tcdm_interconnect/clos_net.sv Line: 112
Error (10170): Verilog HDL syntax error at clos_net.sv(127) near text: "if";  expecting "endmodule". Check for and fix any syntax errors that appear immediately before or at the specified keyword. The Intel FPGA Knowledge Database contains many articles with specific details on how to resolve this error. Visit the Knowledge Database at https://www.altera.com/support/support-resources/knowledge-base/search.html and search for this specific error message number. File: /home/victor/pulp_shared_vm/pulp_box/pulpissimo/ips/cluster_interconnect/rtl/tcdm_interconnect/clos_net.sv Line: 127
Error (10170): Verilog HDL syntax error at clos_net.sv(156) near text: "for";  expecting "endmodule". Check for and fix any syntax errors that appear immediately before or at the specified keyword. The Intel FPGA Knowledge Database contains many articles with specific details on how to resolve this error. Visit the Knowledge Database at https://www.altera.com/support/support-resources/knowledge-base/search.html and search for this specific error message number. File: /home/victor/pulp_shared_vm/pulp_box/pulpissimo/ips/cluster_interconnect/rtl/tcdm_interconnect/clos_net.sv Line: 156
Error (10149): Verilog HDL Declaration error at clos_net.sv(184): identifier "m" is already declared in the present scope File: /home/victor/pulp_shared_vm/pulp_box/pulpissimo/ips/cluster_interconnect/rtl/tcdm_interconnect/clos_net.sv Line: 184
Error (10149): Verilog HDL Declaration error at clos_net.sv(210): identifier "r" is already declared in the present scope File: /home/victor/pulp_shared_vm/pulp_box/pulpissimo/ips/cluster_interconnect/rtl/tcdm_interconnect/clos_net.sv Line: 210
Error (10112): Ignored design unit "clos_net" at clos_net.sv(15) due to previous errors File: /home/victor/pulp_shared_vm/pulp_box/pulpissimo/ips/cluster_interconnect/rtl/tcdm_interconnect/clos_net.sv Line: 15
Info (12021): Found 0 design units, including 0 entities, in source file /home/victor/pulp_shared_vm/pulp_box/pulpissimo/ips/cluster_interconnect/rtl/tcdm_interconnect/clos_net.sv
Error (10170): Verilog HDL syntax error at bfly_net.sv(76) near text: "for";  expecting "endmodule". Check for and fix any syntax errors that appear immediately before or at the specified keyword. The Intel FPGA Knowledge Database contains many articles with specific details on how to resolve this error. Visit the Knowledge Database at https://www.altera.com/support/support-resources/knowledge-base/search.html and search for this specific error message number. File: /home/victor/pulp_shared_vm/pulp_box/pulpissimo/ips/cluster_interconnect/rtl/tcdm_interconnect/bfly_net.sv Line: 76
Error (10170): Verilog HDL syntax error at bfly_net.sv(87) near text: "end";  expecting "endmodule". Check for and fix any syntax errors that appear immediately before or at the specified keyword. The Intel FPGA Knowledge Database contains many articles with specific details on how to resolve this error. Visit the Knowledge Database at https://www.altera.com/support/support-resources/knowledge-base/search.html and search for this specific error message number. File: /home/victor/pulp_shared_vm/pulp_box/pulpissimo/ips/cluster_interconnect/rtl/tcdm_interconnect/bfly_net.sv Line: 87
Error (10170): Verilog HDL syntax error at bfly_net.sv(92) near text: "end";  expecting "endmodule". Check for and fix any syntax errors that appear immediately before or at the specified keyword. The Intel FPGA Knowledge Database contains many articles with specific details on how to resolve this error. Visit the Knowledge Database at https://www.altera.com/support/support-resources/knowledge-base/search.html and search for this specific error message number. File: /home/victor/pulp_shared_vm/pulp_box/pulpissimo/ips/cluster_interconnect/rtl/tcdm_interconnect/bfly_net.sv Line: 92
Error (10170): Verilog HDL syntax error at bfly_net.sv(105) near text: "end";  expecting "endmodule". Check for and fix any syntax errors that appear immediately before or at the specified keyword. The Intel FPGA Knowledge Database contains many articles with specific details on how to resolve this error. Visit the Knowledge Database at https://www.altera.com/support/support-resources/knowledge-base/search.html and search for this specific error message number. File: /home/victor/pulp_shared_vm/pulp_box/pulpissimo/ips/cluster_interconnect/rtl/tcdm_interconnect/bfly_net.sv Line: 105
Error (10170): Verilog HDL syntax error at bfly_net.sv(110) near text: "end";  expecting "endmodule". Check for and fix any syntax errors that appear immediately before or at the specified keyword. The Intel FPGA Knowledge Database contains many articles with specific details on how to resolve this error. Visit the Knowledge Database at https://www.altera.com/support/support-resources/knowledge-base/search.html and search for this specific error message number. File: /home/victor/pulp_shared_vm/pulp_box/pulpissimo/ips/cluster_interconnect/rtl/tcdm_interconnect/bfly_net.sv Line: 110
Error (10149): Verilog HDL Declaration error at bfly_net.sv(115): identifier "j" is already declared in the present scope File: /home/victor/pulp_shared_vm/pulp_box/pulpissimo/ips/cluster_interconnect/rtl/tcdm_interconnect/bfly_net.sv Line: 115
Error (10170): Verilog HDL syntax error at bfly_net.sv(123) near text: "end";  expecting "endmodule". Check for and fix any syntax errors that appear immediately before or at the specified keyword. The Intel FPGA Knowledge Database contains many articles with specific details on how to resolve this error. Visit the Knowledge Database at https://www.altera.com/support/support-resources/knowledge-base/search.html and search for this specific error message number. File: /home/victor/pulp_shared_vm/pulp_box/pulpissimo/ips/cluster_interconnect/rtl/tcdm_interconnect/bfly_net.sv Line: 123
Error (10170): Verilog HDL syntax error at bfly_net.sv(128) near text: "end";  expecting "endmodule". Check for and fix any syntax errors that appear immediately before or at the specified keyword. The Intel FPGA Knowledge Database contains many articles with specific details on how to resolve this error. Visit the Knowledge Database at https://www.altera.com/support/support-resources/knowledge-base/search.html and search for this specific error message number. File: /home/victor/pulp_shared_vm/pulp_box/pulpissimo/ips/cluster_interconnect/rtl/tcdm_interconnect/bfly_net.sv Line: 128
Error (10149): Verilog HDL Declaration error at bfly_net.sv(139): identifier "j" is already declared in the present scope File: /home/victor/pulp_shared_vm/pulp_box/pulpissimo/ips/cluster_interconnect/rtl/tcdm_interconnect/bfly_net.sv Line: 139
Error (10170): Verilog HDL syntax error at bfly_net.sv(145) near text: "end";  expecting "endmodule". Check for and fix any syntax errors that appear immediately before or at the specified keyword. The Intel FPGA Knowledge Database contains many articles with specific details on how to resolve this error. Visit the Knowledge Database at https://www.altera.com/support/support-resources/knowledge-base/search.html and search for this specific error message number. File: /home/victor/pulp_shared_vm/pulp_box/pulpissimo/ips/cluster_interconnect/rtl/tcdm_interconnect/bfly_net.sv Line: 145
Error (10149): Verilog HDL Declaration error at bfly_net.sv(149): identifier "r" is already declared in the present scope File: /home/victor/pulp_shared_vm/pulp_box/pulpissimo/ips/cluster_interconnect/rtl/tcdm_interconnect/bfly_net.sv Line: 149
Error (10149): Verilog HDL Declaration error at bfly_net.sv(152): identifier "j" is already declared in the present scope File: /home/victor/pulp_shared_vm/pulp_box/pulpissimo/ips/cluster_interconnect/rtl/tcdm_interconnect/bfly_net.sv Line: 152
Error (10170): Verilog HDL syntax error at bfly_net.sv(158) near text: "end";  expecting "endmodule". Check for and fix any syntax errors that appear immediately before or at the specified keyword. The Intel FPGA Knowledge Database contains many articles with specific details on how to resolve this error. Visit the Knowledge Database at https://www.altera.com/support/support-resources/knowledge-base/search.html and search for this specific error message number. File: /home/victor/pulp_shared_vm/pulp_box/pulpissimo/ips/cluster_interconnect/rtl/tcdm_interconnect/bfly_net.sv Line: 158
Error (10170): Verilog HDL syntax error at bfly_net.sv(171) near text: "if";  expecting "endmodule". Check for and fix any syntax errors that appear immediately before or at the specified keyword. The Intel FPGA Knowledge Database contains many articles with specific details on how to resolve this error. Visit the Knowledge Database at https://www.altera.com/support/support-resources/knowledge-base/search.html and search for this specific error message number. File: /home/victor/pulp_shared_vm/pulp_box/pulpissimo/ips/cluster_interconnect/rtl/tcdm_interconnect/bfly_net.sv Line: 171
Error (10170): Verilog HDL syntax error at bfly_net.sv(208) near text: "for";  expecting "endmodule". Check for and fix any syntax errors that appear immediately before or at the specified keyword. The Intel FPGA Knowledge Database contains many articles with specific details on how to resolve this error. Visit the Knowledge Database at https://www.altera.com/support/support-resources/knowledge-base/search.html and search for this specific error message number. File: /home/victor/pulp_shared_vm/pulp_box/pulpissimo/ips/cluster_interconnect/rtl/tcdm_interconnect/bfly_net.sv Line: 208
Error (10149): Verilog HDL Declaration error at bfly_net.sv(208): identifier "l" is already declared in the present scope File: /home/victor/pulp_shared_vm/pulp_box/pulpissimo/ips/cluster_interconnect/rtl/tcdm_interconnect/bfly_net.sv Line: 208
Error (10170): Verilog HDL syntax error at bfly_net.sv(215) near text: "for";  expecting "endmodule". Check for and fix any syntax errors that appear immediately before or at the specified keyword. The Intel FPGA Knowledge Database contains many articles with specific details on how to resolve this error. Visit the Knowledge Database at https://www.altera.com/support/support-resources/knowledge-base/search.html and search for this specific error message number. File: /home/victor/pulp_shared_vm/pulp_box/pulpissimo/ips/cluster_interconnect/rtl/tcdm_interconnect/bfly_net.sv Line: 215
Error (10170): Verilog HDL syntax error at bfly_net.sv(220) near text: "end";  expecting "endmodule". Check for and fix any syntax errors that appear immediately before or at the specified keyword. The Intel FPGA Knowledge Database contains many articles with specific details on how to resolve this error. Visit the Knowledge Database at https://www.altera.com/support/support-resources/knowledge-base/search.html and search for this specific error message number. File: /home/victor/pulp_shared_vm/pulp_box/pulpissimo/ips/cluster_interconnect/rtl/tcdm_interconnect/bfly_net.sv Line: 220
Error (10149): Verilog HDL Declaration error at bfly_net.sv(222): identifier "k" is already declared in the present scope File: /home/victor/pulp_shared_vm/pulp_box/pulpissimo/ips/cluster_interconnect/rtl/tcdm_interconnect/bfly_net.sv Line: 222
Info (12021): Found 0 design units, including 0 entities, in source file /home/victor/pulp_shared_vm/pulp_box/pulpissimo/ips/cluster_interconnect/rtl/tcdm_interconnect/bfly_net.sv
Error (10170): Verilog HDL syntax error at tcdm_interconnect.sv(73) near text: "for";  expecting "endmodule". Check for and fix any syntax errors that appear immediately before or at the specified keyword. The Intel FPGA Knowledge Database contains many articles with specific details on how to resolve this error. Visit the Knowledge Database at https://www.altera.com/support/support-resources/knowledge-base/search.html and search for this specific error message number. File: /home/victor/pulp_shared_vm/pulp_box/pulpissimo/ips/cluster_interconnect/rtl/tcdm_interconnect/tcdm_interconnect.sv Line: 73
Error (10170): Verilog HDL syntax error at tcdm_interconnect.sv(78) near text: "end";  expecting "endmodule". Check for and fix any syntax errors that appear immediately before or at the specified keyword. The Intel FPGA Knowledge Database contains many articles with specific details on how to resolve this error. Visit the Knowledge Database at https://www.altera.com/support/support-resources/knowledge-base/search.html and search for this specific error message number. File: /home/victor/pulp_shared_vm/pulp_box/pulpissimo/ips/cluster_interconnect/rtl/tcdm_interconnect/tcdm_interconnect.sv Line: 78
Error (10759): Verilog HDL error at tcdm_interconnect.sv(82): object be_o declared in a list of port declarations cannot be redeclared within the module body File: /home/victor/pulp_shared_vm/pulp_box/pulpissimo/ips/cluster_interconnect/rtl/tcdm_interconnect/tcdm_interconnect.sv Line: 82
Error (10759): Verilog HDL error at tcdm_interconnect.sv(82): object add_o declared in a list of port declarations cannot be redeclared within the module body File: /home/victor/pulp_shared_vm/pulp_box/pulpissimo/ips/cluster_interconnect/rtl/tcdm_interconnect/tcdm_interconnect.sv Line: 82
Error (10759): Verilog HDL error at tcdm_interconnect.sv(82): object wdata_o declared in a list of port declarations cannot be redeclared within the module body File: /home/victor/pulp_shared_vm/pulp_box/pulpissimo/ips/cluster_interconnect/rtl/tcdm_interconnect/tcdm_interconnect.sv Line: 82
Error (10170): Verilog HDL syntax error at tcdm_interconnect.sv(82) near text: "}";  expecting ";". Check for and fix any syntax errors that appear immediately before or at the specified keyword. The Intel FPGA Knowledge Database contains many articles with specific details on how to resolve this error. Visit the Knowledge Database at https://www.altera.com/support/support-resources/knowledge-base/search.html and search for this specific error message number. File: /home/victor/pulp_shared_vm/pulp_box/pulpissimo/ips/cluster_interconnect/rtl/tcdm_interconnect/tcdm_interconnect.sv Line: 82
Error (10170): Verilog HDL syntax error at tcdm_interconnect.sv(195) near text: "for";  expecting "endmodule". Check for and fix any syntax errors that appear immediately before or at the specified keyword. The Intel FPGA Knowledge Database contains many articles with specific details on how to resolve this error. Visit the Knowledge Database at https://www.altera.com/support/support-resources/knowledge-base/search.html and search for this specific error message number. File: /home/victor/pulp_shared_vm/pulp_box/pulpissimo/ips/cluster_interconnect/rtl/tcdm_interconnect/tcdm_interconnect.sv Line: 195
Error (10149): Verilog HDL Declaration error at tcdm_interconnect.sv(195): identifier "j" is already declared in the present scope File: /home/victor/pulp_shared_vm/pulp_box/pulpissimo/ips/cluster_interconnect/rtl/tcdm_interconnect/tcdm_interconnect.sv Line: 195
Error (10149): Verilog HDL Declaration error at tcdm_interconnect.sv(224): identifier "k" is already declared in the present scope File: /home/victor/pulp_shared_vm/pulp_box/pulpissimo/ips/cluster_interconnect/rtl/tcdm_interconnect/tcdm_interconnect.sv Line: 224
Error (10149): Verilog HDL Declaration error at tcdm_interconnect.sv(226): identifier "j" is already declared in the present scope File: /home/victor/pulp_shared_vm/pulp_box/pulpissimo/ips/cluster_interconnect/rtl/tcdm_interconnect/tcdm_interconnect.sv Line: 226
Error (10170): Verilog HDL syntax error at tcdm_interconnect.sv(233) near text: "end";  expecting "endmodule". Check for and fix any syntax errors that appear immediately before or at the specified keyword. The Intel FPGA Knowledge Database contains many articles with specific details on how to resolve this error. Visit the Knowledge Database at https://www.altera.com/support/support-resources/knowledge-base/search.html and search for this specific error message number. File: /home/victor/pulp_shared_vm/pulp_box/pulpissimo/ips/cluster_interconnect/rtl/tcdm_interconnect/tcdm_interconnect.sv Line: 233
Error (10170): Verilog HDL syntax error at tcdm_interconnect.sv(241) near text: "for";  expecting "endmodule". Check for and fix any syntax errors that appear immediately before or at the specified keyword. The Intel FPGA Knowledge Database contains many articles with specific details on how to resolve this error. Visit the Knowledge Database at https://www.altera.com/support/support-resources/knowledge-base/search.html and search for this specific error message number. File: /home/victor/pulp_shared_vm/pulp_box/pulpissimo/ips/cluster_interconnect/rtl/tcdm_interconnect/tcdm_interconnect.sv Line: 241
Error (10149): Verilog HDL Declaration error at tcdm_interconnect.sv(241): identifier "k" is already declared in the present scope File: /home/victor/pulp_shared_vm/pulp_box/pulpissimo/ips/cluster_interconnect/rtl/tcdm_interconnect/tcdm_interconnect.sv Line: 241
Error (10170): Verilog HDL syntax error at tcdm_interconnect.sv(265) near text: "end";  expecting "endmodule". Check for and fix any syntax errors that appear immediately before or at the specified keyword. The Intel FPGA Knowledge Database contains many articles with specific details on how to resolve this error. Visit the Knowledge Database at https://www.altera.com/support/support-resources/knowledge-base/search.html and search for this specific error message number. File: /home/victor/pulp_shared_vm/pulp_box/pulpissimo/ips/cluster_interconnect/rtl/tcdm_interconnect/tcdm_interconnect.sv Line: 265
Info (12021): Found 0 design units, including 0 entities, in source file /home/victor/pulp_shared_vm/pulp_box/pulpissimo/ips/cluster_interconnect/rtl/tcdm_interconnect/tcdm_interconnect.sv
Info (12021): Found 1 design units, including 1 entities, in source file /home/victor/pulp_shared_vm/pulp_box/pulpissimo/ips/adv_dbg_if/rtl/adbg_axi_biu.sv
    Info (12023): Found entity 1: adbg_axi_biu File: /home/victor/pulp_shared_vm/pulp_box/pulpissimo/ips/adv_dbg_if/rtl/adbg_axi_biu.sv Line: 66
Info (12021): Found 1 design units, including 1 entities, in source file /home/victor/pulp_shared_vm/pulp_box/pulpissimo/ips/adv_dbg_if/rtl/adbg_axi_module.sv
    Info (12023): Found entity 1: adbg_axi_module File: /home/victor/pulp_shared_vm/pulp_box/pulpissimo/ips/adv_dbg_if/rtl/adbg_axi_module.sv Line: 69
Info (12021): Found 1 design units, including 1 entities, in source file /home/victor/pulp_shared_vm/pulp_box/pulpissimo/ips/adv_dbg_if/rtl/adbg_lint_biu.sv
    Info (12023): Found entity 1: adbg_lint_biu File: /home/victor/pulp_shared_vm/pulp_box/pulpissimo/ips/adv_dbg_if/rtl/adbg_lint_biu.sv Line: 12
Info (12021): Found 1 design units, including 1 entities, in source file /home/victor/pulp_shared_vm/pulp_box/pulpissimo/ips/adv_dbg_if/rtl/adbg_lint_module.sv
    Info (12023): Found entity 1: adbg_lint_module File: /home/victor/pulp_shared_vm/pulp_box/pulpissimo/ips/adv_dbg_if/rtl/adbg_lint_module.sv Line: 15
Info (12021): Found 1 design units, including 1 entities, in source file /home/victor/pulp_shared_vm/pulp_box/pulpissimo/ips/adv_dbg_if/rtl/adbg_crc32.v
    Info (12023): Found entity 1: adbg_crc32 File: /home/victor/pulp_shared_vm/pulp_box/pulpissimo/ips/adv_dbg_if/rtl/adbg_crc32.v Line: 52
Info (12021): Found 1 design units, including 1 entities, in source file /home/victor/pulp_shared_vm/pulp_box/pulpissimo/ips/adv_dbg_if/rtl/adbg_or1k_biu.sv
    Info (12023): Found entity 1: adbg_or1k_biu File: /home/victor/pulp_shared_vm/pulp_box/pulpissimo/ips/adv_dbg_if/rtl/adbg_or1k_biu.sv Line: 59
Info (12021): Found 1 design units, including 1 entities, in source file /home/victor/pulp_shared_vm/pulp_box/pulpissimo/ips/adv_dbg_if/rtl/adbg_or1k_module.sv
    Info (12023): Found entity 1: adbg_or1k_module File: /home/victor/pulp_shared_vm/pulp_box/pulpissimo/ips/adv_dbg_if/rtl/adbg_or1k_module.sv Line: 69
Info (12021): Found 1 design units, including 1 entities, in source file /home/victor/pulp_shared_vm/pulp_box/pulpissimo/ips/adv_dbg_if/rtl/adbg_or1k_status_reg.sv
    Info (12023): Found entity 1: adbg_or1k_status_reg File: /home/victor/pulp_shared_vm/pulp_box/pulpissimo/ips/adv_dbg_if/rtl/adbg_or1k_status_reg.sv Line: 68
Info (12021): Found 1 design units, including 1 entities, in source file /home/victor/pulp_shared_vm/pulp_box/pulpissimo/ips/adv_dbg_if/rtl/adbg_top.sv
    Info (12023): Found entity 1: adbg_top File: /home/victor/pulp_shared_vm/pulp_box/pulpissimo/ips/adv_dbg_if/rtl/adbg_top.sv Line: 44
Info (12021): Found 1 design units, including 1 entities, in source file /home/victor/pulp_shared_vm/pulp_box/pulpissimo/ips/adv_dbg_if/rtl/bytefifo.v
    Info (12023): Found entity 1: bytefifo File: /home/victor/pulp_shared_vm/pulp_box/pulpissimo/ips/adv_dbg_if/rtl/bytefifo.v Line: 73
Info (12021): Found 1 design units, including 1 entities, in source file /home/victor/pulp_shared_vm/pulp_box/pulpissimo/ips/adv_dbg_if/rtl/syncflop.v
    Info (12023): Found entity 1: syncflop File: /home/victor/pulp_shared_vm/pulp_box/pulpissimo/ips/adv_dbg_if/rtl/syncflop.v Line: 62
Info (12021): Found 1 design units, including 1 entities, in source file /home/victor/pulp_shared_vm/pulp_box/pulpissimo/ips/adv_dbg_if/rtl/syncreg.v
    Info (12023): Found entity 1: syncreg File: /home/victor/pulp_shared_vm/pulp_box/pulpissimo/ips/adv_dbg_if/rtl/syncreg.v Line: 68
Info (12021): Found 1 design units, including 1 entities, in source file /home/victor/pulp_shared_vm/pulp_box/pulpissimo/ips/adv_dbg_if/rtl/adbg_tap_top.v
    Info (12023): Found entity 1: adbg_tap_top File: /home/victor/pulp_shared_vm/pulp_box/pulpissimo/ips/adv_dbg_if/rtl/adbg_tap_top.v Line: 73
Info (12021): Found 1 design units, including 1 entities, in source file /home/victor/pulp_shared_vm/pulp_box/pulpissimo/ips/adv_dbg_if/rtl/adv_dbg_if.sv
    Info (12023): Found entity 1: adv_dbg_if File: /home/victor/pulp_shared_vm/pulp_box/pulpissimo/ips/adv_dbg_if/rtl/adv_dbg_if.sv Line: 11
Info (12021): Found 1 design units, including 1 entities, in source file /home/victor/pulp_shared_vm/pulp_box/pulpissimo/ips/adv_dbg_if/rtl/adbg_axionly_top.sv
    Info (12023): Found entity 1: adbg_axionly_top File: /home/victor/pulp_shared_vm/pulp_box/pulpissimo/ips/adv_dbg_if/rtl/adbg_axionly_top.sv Line: 44
Info (12021): Found 1 design units, including 1 entities, in source file /home/victor/pulp_shared_vm/pulp_box/pulpissimo/ips/adv_dbg_if/rtl/adbg_lintonly_top.sv
    Info (12023): Found entity 1: adbg_lintonly_top File: /home/victor/pulp_shared_vm/pulp_box/pulpissimo/ips/adv_dbg_if/rtl/adbg_lintonly_top.sv Line: 15
Info (12021): Found 1 design units, including 1 entities, in source file /home/victor/pulp_shared_vm/pulp_box/pulpissimo/ips/apb/apb2per/apb2per.sv
    Info (12023): Found entity 1: apb2per File: /home/victor/pulp_shared_vm/pulp_box/pulpissimo/ips/apb/apb2per/apb2per.sv Line: 28
Info (12021): Found 1 design units, including 1 entities, in source file /home/victor/pulp_shared_vm/pulp_box/pulpissimo/ips/apb/apb_adv_timer/rtl/adv_timer_apb_if.sv
    Info (12023): Found entity 1: adv_timer_apb_if File: /home/victor/pulp_shared_vm/pulp_box/pulpissimo/ips/apb/apb_adv_timer/rtl/adv_timer_apb_if.sv Line: 102
Info (12021): Found 1 design units, including 1 entities, in source file /home/victor/pulp_shared_vm/pulp_box/pulpissimo/ips/apb/apb_adv_timer/rtl/comparator.sv
    Info (12023): Found entity 1: comparator File: /home/victor/pulp_shared_vm/pulp_box/pulpissimo/ips/apb/apb_adv_timer/rtl/comparator.sv Line: 22
Info (12021): Found 1 design units, including 1 entities, in source file /home/victor/pulp_shared_vm/pulp_box/pulpissimo/ips/apb/apb_adv_timer/rtl/lut_4x4.sv
    Info (12023): Found entity 1: lut_4x4 File: /home/victor/pulp_shared_vm/pulp_box/pulpissimo/ips/apb/apb_adv_timer/rtl/lut_4x4.sv Line: 11
Info (12021): Found 1 design units, including 1 entities, in source file /home/victor/pulp_shared_vm/pulp_box/pulpissimo/ips/apb/apb_adv_timer/rtl/out_filter.sv
    Info (12023): Found entity 1: out_filter File: /home/victor/pulp_shared_vm/pulp_box/pulpissimo/ips/apb/apb_adv_timer/rtl/out_filter.sv Line: 11
Info (12021): Found 1 design units, including 1 entities, in source file /home/victor/pulp_shared_vm/pulp_box/pulpissimo/ips/apb/apb_adv_timer/rtl/up_down_counter.sv
    Info (12023): Found entity 1: up_down_counter File: /home/victor/pulp_shared_vm/pulp_box/pulpissimo/ips/apb/apb_adv_timer/rtl/up_down_counter.sv Line: 11
Info (12021): Found 1 design units, including 1 entities, in source file /home/victor/pulp_shared_vm/pulp_box/pulpissimo/ips/apb/apb_adv_timer/rtl/input_stage.sv
    Info (12023): Found entity 1: input_stage File: /home/victor/pulp_shared_vm/pulp_box/pulpissimo/ips/apb/apb_adv_timer/rtl/input_stage.sv Line: 11
Info (12021): Found 1 design units, including 1 entities, in source file /home/victor/pulp_shared_vm/pulp_box/pulpissimo/ips/apb/apb_adv_timer/rtl/prescaler.sv
    Info (12023): Found entity 1: prescaler File: /home/victor/pulp_shared_vm/pulp_box/pulpissimo/ips/apb/apb_adv_timer/rtl/prescaler.sv Line: 11
Info (12021): Found 1 design units, including 1 entities, in source file /home/victor/pulp_shared_vm/pulp_box/pulpissimo/ips/apb/apb_adv_timer/rtl/apb_adv_timer.sv
    Info (12023): Found entity 1: apb_adv_timer File: /home/victor/pulp_shared_vm/pulp_box/pulpissimo/ips/apb/apb_adv_timer/rtl/apb_adv_timer.sv Line: 11
Info (12021): Found 1 design units, including 1 entities, in source file /home/victor/pulp_shared_vm/pulp_box/pulpissimo/ips/apb/apb_adv_timer/rtl/timer_cntrl.sv
    Info (12023): Found entity 1: timer_cntrl File: /home/victor/pulp_shared_vm/pulp_box/pulpissimo/ips/apb/apb_adv_timer/rtl/timer_cntrl.sv Line: 11
Info (12021): Found 1 design units, including 1 entities, in source file /home/victor/pulp_shared_vm/pulp_box/pulpissimo/ips/apb/apb_adv_timer/rtl/timer_module.sv
    Info (12023): Found entity 1: timer_module File: /home/victor/pulp_shared_vm/pulp_box/pulpissimo/ips/apb/apb_adv_timer/rtl/timer_module.sv Line: 11
Info (12021): Found 1 design units, including 1 entities, in source file /home/victor/pulp_shared_vm/pulp_box/pulpissimo/ips/apb/apb_fll_if/apb_fll_if.sv
    Info (12023): Found entity 1: apb_fll_if File: /home/victor/pulp_shared_vm/pulp_box/pulpissimo/ips/apb/apb_fll_if/apb_fll_if.sv Line: 11
Error (10170): Verilog HDL syntax error at apb_gpio.sv(118) near text: "assign";  expecting "begin". Check for and fix any syntax errors that appear immediately before or at the specified keyword. The Intel FPGA Knowledge Database contains many articles with specific details on how to resolve this error. Visit the Knowledge Database at https://www.altera.com/support/support-resources/knowledge-base/search.html and search for this specific error message number. File: /home/victor/pulp_shared_vm/pulp_box/pulpissimo/ips/apb/apb_gpio/rtl/apb_gpio.sv Line: 118
Error (10170): Verilog HDL syntax error at apb_gpio.sv(131) near text: "=";  expecting ".", or an identifier. Check for and fix any syntax errors that appear immediately before or at the specified keyword. The Intel FPGA Knowledge Database contains many articles with specific details on how to resolve this error. Visit the Knowledge Database at https://www.altera.com/support/support-resources/knowledge-base/search.html and search for this specific error message number. File: /home/victor/pulp_shared_vm/pulp_box/pulpissimo/ips/apb/apb_gpio/rtl/apb_gpio.sv Line: 131
Error (10170): Verilog HDL syntax error at apb_gpio.sv(132) near text: "=";  expecting ".", or an identifier. Check for and fix any syntax errors that appear immediately before or at the specified keyword. The Intel FPGA Knowledge Database contains many articles with specific details on how to resolve this error. Visit the Knowledge Database at https://www.altera.com/support/support-resources/knowledge-base/search.html and search for this specific error message number. File: /home/victor/pulp_shared_vm/pulp_box/pulpissimo/ips/apb/apb_gpio/rtl/apb_gpio.sv Line: 132
Error (10170): Verilog HDL syntax error at apb_gpio.sv(133) near text: "=";  expecting ".", or an identifier. Check for and fix any syntax errors that appear immediately before or at the specified keyword. The Intel FPGA Knowledge Database contains many articles with specific details on how to resolve this error. Visit the Knowledge Database at https://www.altera.com/support/support-resources/knowledge-base/search.html and search for this specific error message number. File: /home/victor/pulp_shared_vm/pulp_box/pulpissimo/ips/apb/apb_gpio/rtl/apb_gpio.sv Line: 133
Error (10644): Verilog HDL error at apb_gpio.sv(117): this block requires a name File: /home/victor/pulp_shared_vm/pulp_box/pulpissimo/ips/apb/apb_gpio/rtl/apb_gpio.sv Line: 117
Error (10170): Verilog HDL syntax error at apb_gpio.sv(786) near text: "endmodule";  expecting "endgenerate". Check for and fix any syntax errors that appear immediately before or at the specified keyword. The Intel FPGA Knowledge Database contains many articles with specific details on how to resolve this error. Visit the Knowledge Database at https://www.altera.com/support/support-resources/knowledge-base/search.html and search for this specific error message number. File: /home/victor/pulp_shared_vm/pulp_box/pulpissimo/ips/apb/apb_gpio/rtl/apb_gpio.sv Line: 786
Info (12021): Found 0 design units, including 0 entities, in source file /home/victor/pulp_shared_vm/pulp_box/pulpissimo/ips/apb/apb_gpio/rtl/apb_gpio.sv
Info (12021): Found 1 design units, including 1 entities, in source file /home/victor/pulp_shared_vm/pulp_box/pulpissimo/ips/apb/apb_node/src/apb_node.sv
    Info (12023): Found entity 1: apb_node File: /home/victor/pulp_shared_vm/pulp_box/pulpissimo/ips/apb/apb_node/src/apb_node.sv Line: 20
Error (10170): Verilog HDL syntax error at apb_node_wrap.sv(45) near text: "for";  expecting "endmodule". Check for and fix any syntax errors that appear immediately before or at the specified keyword. The Intel FPGA Knowledge Database contains many articles with specific details on how to resolve this error. Visit the Knowledge Database at https://www.altera.com/support/support-resources/knowledge-base/search.html and search for this specific error message number. File: /home/victor/pulp_shared_vm/pulp_box/pulpissimo/ips/apb/apb_node/src/apb_node_wrap.sv Line: 45
Error (10170): Verilog HDL syntax error at apb_node_wrap.sv(54) near text: "end";  expecting "endmodule". Check for and fix any syntax errors that appear immediately before or at the specified keyword. The Intel FPGA Knowledge Database contains many articles with specific details on how to resolve this error. Visit the Knowledge Database at https://www.altera.com/support/support-resources/knowledge-base/search.html and search for this specific error message number. File: /home/victor/pulp_shared_vm/pulp_box/pulpissimo/ips/apb/apb_node/src/apb_node_wrap.sv Line: 54
Error (10112): Ignored design unit "apb_node_wrap" at apb_node_wrap.sv(20) due to previous errors File: /home/victor/pulp_shared_vm/pulp_box/pulpissimo/ips/apb/apb_node/src/apb_node_wrap.sv Line: 20
Info (12021): Found 0 design units, including 0 entities, in source file /home/victor/pulp_shared_vm/pulp_box/pulpissimo/ips/apb/apb_node/src/apb_node_wrap.sv
Info (12021): Found 1 design units, including 1 entities, in source file /home/victor/pulp_shared_vm/pulp_box/pulpissimo/ips/apb_interrupt_cntrl/apb_interrupt_cntrl.sv
    Info (12023): Found entity 1: apb_interrupt_cntrl File: /home/victor/pulp_shared_vm/pulp_box/pulpissimo/ips/apb_interrupt_cntrl/apb_interrupt_cntrl.sv Line: 22
Info (12021): Found 1 design units, including 0 entities, in source file /home/victor/pulp_shared_vm/pulp_box/pulpissimo/ips/axi/axi/src/axi_pkg.sv
    Info (12022): Found design unit 1: axi_pkg (SystemVerilog) File: /home/victor/pulp_shared_vm/pulp_box/pulpissimo/ips/axi/axi/src/axi_pkg.sv Line: 17
Info (12021): Found 5 design units, including 5 entities, in source file /home/victor/pulp_shared_vm/pulp_box/pulpissimo/ips/axi/axi/src/axi_intf.sv
    Info (12023): Found entity 1: AXI_BUS File: /home/victor/pulp_shared_vm/pulp_box/pulpissimo/ips/axi/axi/src/axi_intf.sv Line: 19
    Info (12023): Found entity 2: AXI_BUS_DV File: /home/victor/pulp_shared_vm/pulp_box/pulpissimo/ips/axi/axi/src/axi_intf.sv Line: 104
    Info (12023): Found entity 3: AXI_BUS_ASYNC File: /home/victor/pulp_shared_vm/pulp_box/pulpissimo/ips/axi/axi/src/axi_intf.sv Line: 249
    Info (12023): Found entity 4: AXI_LITE File: /home/victor/pulp_shared_vm/pulp_box/pulpissimo/ips/axi/axi/src/axi_intf.sv Line: 337
    Info (12023): Found entity 5: AXI_LITE_DV File: /home/victor/pulp_shared_vm/pulp_box/pulpissimo/ips/axi/axi/src/axi_intf.sv Line: 392
Error (10170): Verilog HDL syntax error at axi_atop_filter.sv(42) near text: "type";  expecting an identifier ("type" is a reserved keyword ). Check for and fix any syntax errors that appear immediately before or at the specified keyword. The Intel FPGA Knowledge Database contains many articles with specific details on how to resolve this error. Visit the Knowledge Database at https://www.altera.com/support/support-resources/knowledge-base/search.html and search for this specific error message number. File: /home/victor/pulp_shared_vm/pulp_box/pulpissimo/ips/axi/axi/src/axi_atop_filter.sv Line: 42
Error (10054): Verilog HDL File I/O error at axi_atop_filter.sv(370): can't open Verilog Design File "axi/assign.svh" File: /home/victor/pulp_shared_vm/pulp_box/pulpissimo/ips/axi/axi/src/axi_atop_filter.sv Line: 370
Error (10054): Verilog HDL File I/O error at axi_atop_filter.sv(371): can't open Verilog Design File "axi/typedef.svh" File: /home/victor/pulp_shared_vm/pulp_box/pulpissimo/ips/axi/axi/src/axi_atop_filter.sv Line: 371
Error (10112): Ignored design unit "axi_atop_filter" at axi_atop_filter.sv(36) due to previous errors File: /home/victor/pulp_shared_vm/pulp_box/pulpissimo/ips/axi/axi/src/axi_atop_filter.sv Line: 36
Critical Warning (10191): Verilog HDL Compiler Directive warning at axi_atop_filter.sv(402): text macro "AXI_TYPEDEF_AW_CHAN_T" is undefined File: /home/victor/pulp_shared_vm/pulp_box/pulpissimo/ips/axi/axi/src/axi_atop_filter.sv Line: 402
Error (10170): Verilog HDL syntax error at axi_atop_filter.sv(402) near text: "(";  expecting "endmodule". Check for and fix any syntax errors that appear immediately before or at the specified keyword. The Intel FPGA Knowledge Database contains many articles with specific details on how to resolve this error. Visit the Knowledge Database at https://www.altera.com/support/support-resources/knowledge-base/search.html and search for this specific error message number. File: /home/victor/pulp_shared_vm/pulp_box/pulpissimo/ips/axi/axi/src/axi_atop_filter.sv Line: 402
Error (10149): Verilog HDL Declaration error at axi_atop_filter.sv(402): identifier "addr_t" is already declared in the present scope File: /home/victor/pulp_shared_vm/pulp_box/pulpissimo/ips/axi/axi/src/axi_atop_filter.sv Line: 402
Error (10149): Verilog HDL Declaration error at axi_atop_filter.sv(402): identifier "id_t" is already declared in the present scope File: /home/victor/pulp_shared_vm/pulp_box/pulpissimo/ips/axi/axi/src/axi_atop_filter.sv Line: 402
Error (10149): Verilog HDL Declaration error at axi_atop_filter.sv(402): identifier "user_t" is already declared in the present scope File: /home/victor/pulp_shared_vm/pulp_box/pulpissimo/ips/axi/axi/src/axi_atop_filter.sv Line: 402
Error (10170): Verilog HDL syntax error at axi_atop_filter.sv(402) near text: ")";  expecting ";". Check for and fix any syntax errors that appear immediately before or at the specified keyword. The Intel FPGA Knowledge Database contains many articles with specific details on how to resolve this error. Visit the Knowledge Database at https://www.altera.com/support/support-resources/knowledge-base/search.html and search for this specific error message number. File: /home/victor/pulp_shared_vm/pulp_box/pulpissimo/ips/axi/axi/src/axi_atop_filter.sv Line: 402
Critical Warning (10191): Verilog HDL Compiler Directive warning at axi_atop_filter.sv(403): text macro "AXI_TYPEDEF_W_CHAN_T" is undefined File: /home/victor/pulp_shared_vm/pulp_box/pulpissimo/ips/axi/axi/src/axi_atop_filter.sv Line: 403
Error (10149): Verilog HDL Declaration error at axi_atop_filter.sv(403): identifier "data_t" is already declared in the present scope File: /home/victor/pulp_shared_vm/pulp_box/pulpissimo/ips/axi/axi/src/axi_atop_filter.sv Line: 403
Error (10149): Verilog HDL Declaration error at axi_atop_filter.sv(403): identifier "strb_t" is already declared in the present scope File: /home/victor/pulp_shared_vm/pulp_box/pulpissimo/ips/axi/axi/src/axi_atop_filter.sv Line: 403
Error (10149): Verilog HDL Declaration error at axi_atop_filter.sv(403): identifier "user_t" is already declared in the present scope File: /home/victor/pulp_shared_vm/pulp_box/pulpissimo/ips/axi/axi/src/axi_atop_filter.sv Line: 403
Error (10170): Verilog HDL syntax error at axi_atop_filter.sv(403) near text: ")";  expecting ";". Check for and fix any syntax errors that appear immediately before or at the specified keyword. The Intel FPGA Knowledge Database contains many articles with specific details on how to resolve this error. Visit the Knowledge Database at https://www.altera.com/support/support-resources/knowledge-base/search.html and search for this specific error message number. File: /home/victor/pulp_shared_vm/pulp_box/pulpissimo/ips/axi/axi/src/axi_atop_filter.sv Line: 403
Critical Warning (10191): Verilog HDL Compiler Directive warning at axi_atop_filter.sv(404): text macro "AXI_TYPEDEF_B_CHAN_T" is undefined File: /home/victor/pulp_shared_vm/pulp_box/pulpissimo/ips/axi/axi/src/axi_atop_filter.sv Line: 404
Error (10149): Verilog HDL Declaration error at axi_atop_filter.sv(404): identifier "id_t" is already declared in the present scope File: /home/victor/pulp_shared_vm/pulp_box/pulpissimo/ips/axi/axi/src/axi_atop_filter.sv Line: 404
Error (10149): Verilog HDL Declaration error at axi_atop_filter.sv(404): identifier "user_t" is already declared in the present scope File: /home/victor/pulp_shared_vm/pulp_box/pulpissimo/ips/axi/axi/src/axi_atop_filter.sv Line: 404
Error (10170): Verilog HDL syntax error at axi_atop_filter.sv(404) near text: ")";  expecting ";". Check for and fix any syntax errors that appear immediately before or at the specified keyword. The Intel FPGA Knowledge Database contains many articles with specific details on how to resolve this error. Visit the Knowledge Database at https://www.altera.com/support/support-resources/knowledge-base/search.html and search for this specific error message number. File: /home/victor/pulp_shared_vm/pulp_box/pulpissimo/ips/axi/axi/src/axi_atop_filter.sv Line: 404
Critical Warning (10191): Verilog HDL Compiler Directive warning at axi_atop_filter.sv(405): text macro "AXI_TYPEDEF_AR_CHAN_T" is undefined File: /home/victor/pulp_shared_vm/pulp_box/pulpissimo/ips/axi/axi/src/axi_atop_filter.sv Line: 405
Error (10149): Verilog HDL Declaration error at axi_atop_filter.sv(405): identifier "addr_t" is already declared in the present scope File: /home/victor/pulp_shared_vm/pulp_box/pulpissimo/ips/axi/axi/src/axi_atop_filter.sv Line: 405
Error (10149): Verilog HDL Declaration error at axi_atop_filter.sv(405): identifier "id_t" is already declared in the present scope File: /home/victor/pulp_shared_vm/pulp_box/pulpissimo/ips/axi/axi/src/axi_atop_filter.sv Line: 405
Error (10149): Verilog HDL Declaration error at axi_atop_filter.sv(405): identifier "user_t" is already declared in the present scope File: /home/victor/pulp_shared_vm/pulp_box/pulpissimo/ips/axi/axi/src/axi_atop_filter.sv Line: 405
Info (12021): Found 0 design units, including 0 entities, in source file /home/victor/pulp_shared_vm/pulp_box/pulpissimo/ips/axi/axi/src/axi_atop_filter.sv
Error (10054): Verilog HDL File I/O error at axi_burst_splitter.sv(16): can't open Verilog Design File "axi/typedef.svh" File: /home/victor/pulp_shared_vm/pulp_box/pulpissimo/ips/axi/axi/src/axi_burst_splitter.sv Line: 16
Error (10054): Verilog HDL File I/O error at axi_burst_splitter.sv(17): can't open Verilog Design File "common_cells/registers.svh" File: /home/victor/pulp_shared_vm/pulp_box/pulpissimo/ips/axi/axi/src/axi_burst_splitter.sv Line: 17
Error (10170): Verilog HDL syntax error at axi_burst_splitter.sv(38) near text: "type";  expecting an identifier ("type" is a reserved keyword ). Check for and fix any syntax errors that appear immediately before or at the specified keyword. The Intel FPGA Knowledge Database contains many articles with specific details on how to resolve this error. Visit the Knowledge Database at https://www.altera.com/support/support-resources/knowledge-base/search.html and search for this specific error message number. File: /home/victor/pulp_shared_vm/pulp_box/pulpissimo/ips/axi/axi/src/axi_burst_splitter.sv Line: 38
Critical Warning (10191): Verilog HDL Compiler Directive warning at axi_burst_splitter.sv(58): text macro "AXI_TYPEDEF_AW_CHAN_T" is undefined File: /home/victor/pulp_shared_vm/pulp_box/pulpissimo/ips/axi/axi/src/axi_burst_splitter.sv Line: 58
Error (10170): Verilog HDL syntax error at axi_burst_splitter.sv(58) near text: "(";  expecting "endmodule". Check for and fix any syntax errors that appear immediately before or at the specified keyword. The Intel FPGA Knowledge Database contains many articles with specific details on how to resolve this error. Visit the Knowledge Database at https://www.altera.com/support/support-resources/knowledge-base/search.html and search for this specific error message number. File: /home/victor/pulp_shared_vm/pulp_box/pulpissimo/ips/axi/axi/src/axi_burst_splitter.sv Line: 58
Error (10149): Verilog HDL Declaration error at axi_burst_splitter.sv(58): identifier "addr_t" is already declared in the present scope File: /home/victor/pulp_shared_vm/pulp_box/pulpissimo/ips/axi/axi/src/axi_burst_splitter.sv Line: 58
Error (10149): Verilog HDL Declaration error at axi_burst_splitter.sv(58): identifier "id_t" is already declared in the present scope File: /home/victor/pulp_shared_vm/pulp_box/pulpissimo/ips/axi/axi/src/axi_burst_splitter.sv Line: 58
Error (10149): Verilog HDL Declaration error at axi_burst_splitter.sv(58): identifier "user_t" is already declared in the present scope File: /home/victor/pulp_shared_vm/pulp_box/pulpissimo/ips/axi/axi/src/axi_burst_splitter.sv Line: 58
Error (10170): Verilog HDL syntax error at axi_burst_splitter.sv(58) near text: ")";  expecting ";". Check for and fix any syntax errors that appear immediately before or at the specified keyword. The Intel FPGA Knowledge Database contains many articles with specific details on how to resolve this error. Visit the Knowledge Database at https://www.altera.com/support/support-resources/knowledge-base/search.html and search for this specific error message number. File: /home/victor/pulp_shared_vm/pulp_box/pulpissimo/ips/axi/axi/src/axi_burst_splitter.sv Line: 58
Critical Warning (10191): Verilog HDL Compiler Directive warning at axi_burst_splitter.sv(59): text macro "AXI_TYPEDEF_W_CHAN_T" is undefined File: /home/victor/pulp_shared_vm/pulp_box/pulpissimo/ips/axi/axi/src/axi_burst_splitter.sv Line: 59
Error (10149): Verilog HDL Declaration error at axi_burst_splitter.sv(59): identifier "data_t" is already declared in the present scope File: /home/victor/pulp_shared_vm/pulp_box/pulpissimo/ips/axi/axi/src/axi_burst_splitter.sv Line: 59
Error (10149): Verilog HDL Declaration error at axi_burst_splitter.sv(59): identifier "strb_t" is already declared in the present scope File: /home/victor/pulp_shared_vm/pulp_box/pulpissimo/ips/axi/axi/src/axi_burst_splitter.sv Line: 59
Error (10149): Verilog HDL Declaration error at axi_burst_splitter.sv(59): identifier "user_t" is already declared in the present scope File: /home/victor/pulp_shared_vm/pulp_box/pulpissimo/ips/axi/axi/src/axi_burst_splitter.sv Line: 59
Error (10170): Verilog HDL syntax error at axi_burst_splitter.sv(59) near text: ")";  expecting ";". Check for and fix any syntax errors that appear immediately before or at the specified keyword. The Intel FPGA Knowledge Database contains many articles with specific details on how to resolve this error. Visit the Knowledge Database at https://www.altera.com/support/support-resources/knowledge-base/search.html and search for this specific error message number. File: /home/victor/pulp_shared_vm/pulp_box/pulpissimo/ips/axi/axi/src/axi_burst_splitter.sv Line: 59
Critical Warning (10191): Verilog HDL Compiler Directive warning at axi_burst_splitter.sv(60): text macro "AXI_TYPEDEF_B_CHAN_T" is undefined File: /home/victor/pulp_shared_vm/pulp_box/pulpissimo/ips/axi/axi/src/axi_burst_splitter.sv Line: 60
Error (10149): Verilog HDL Declaration error at axi_burst_splitter.sv(60): identifier "id_t" is already declared in the present scope File: /home/victor/pulp_shared_vm/pulp_box/pulpissimo/ips/axi/axi/src/axi_burst_splitter.sv Line: 60
Error (10149): Verilog HDL Declaration error at axi_burst_splitter.sv(60): identifier "user_t" is already declared in the present scope File: /home/victor/pulp_shared_vm/pulp_box/pulpissimo/ips/axi/axi/src/axi_burst_splitter.sv Line: 60
Error (10170): Verilog HDL syntax error at axi_burst_splitter.sv(60) near text: ")";  expecting ";". Check for and fix any syntax errors that appear immediately before or at the specified keyword. The Intel FPGA Knowledge Database contains many articles with specific details on how to resolve this error. Visit the Knowledge Database at https://www.altera.com/support/support-resources/knowledge-base/search.html and search for this specific error message number. File: /home/victor/pulp_shared_vm/pulp_box/pulpissimo/ips/axi/axi/src/axi_burst_splitter.sv Line: 60
Critical Warning (10191): Verilog HDL Compiler Directive warning at axi_burst_splitter.sv(61): text macro "AXI_TYPEDEF_AR_CHAN_T" is undefined File: /home/victor/pulp_shared_vm/pulp_box/pulpissimo/ips/axi/axi/src/axi_burst_splitter.sv Line: 61
Error (10149): Verilog HDL Declaration error at axi_burst_splitter.sv(61): identifier "addr_t" is already declared in the present scope File: /home/victor/pulp_shared_vm/pulp_box/pulpissimo/ips/axi/axi/src/axi_burst_splitter.sv Line: 61
Error (10149): Verilog HDL Declaration error at axi_burst_splitter.sv(61): identifier "id_t" is already declared in the present scope File: /home/victor/pulp_shared_vm/pulp_box/pulpissimo/ips/axi/axi/src/axi_burst_splitter.sv Line: 61
Error (10149): Verilog HDL Declaration error at axi_burst_splitter.sv(61): identifier "user_t" is already declared in the present scope File: /home/victor/pulp_shared_vm/pulp_box/pulpissimo/ips/axi/axi/src/axi_burst_splitter.sv Line: 61
Error (10170): Verilog HDL syntax error at axi_burst_splitter.sv(61) near text: ")";  expecting ";". Check for and fix any syntax errors that appear immediately before or at the specified keyword. The Intel FPGA Knowledge Database contains many articles with specific details on how to resolve this error. Visit the Knowledge Database at https://www.altera.com/support/support-resources/knowledge-base/search.html and search for this specific error message number. File: /home/victor/pulp_shared_vm/pulp_box/pulpissimo/ips/axi/axi/src/axi_burst_splitter.sv Line: 61
Critical Warning (10191): Verilog HDL Compiler Directive warning at axi_burst_splitter.sv(62): text macro "AXI_TYPEDEF_R_CHAN_T" is undefined File: /home/victor/pulp_shared_vm/pulp_box/pulpissimo/ips/axi/axi/src/axi_burst_splitter.sv Line: 62
Info (12021): Found 0 design units, including 0 entities, in source file /home/victor/pulp_shared_vm/pulp_box/pulpissimo/ips/axi/axi/src/axi_burst_splitter.sv
Error (10054): Verilog HDL File I/O error at axi_cdc.sv(16): can't open Verilog Design File "axi/assign.svh" File: /home/victor/pulp_shared_vm/pulp_box/pulpissimo/ips/axi/axi/src/axi_cdc.sv Line: 16
Error (10170): Verilog HDL syntax error at axi_cdc.sv(24) near text: "type";  expecting an identifier ("type" is a reserved keyword ). Check for and fix any syntax errors that appear immediately before or at the specified keyword. The Intel FPGA Knowledge Database contains many articles with specific details on how to resolve this error. Visit the Knowledge Database at https://www.altera.com/support/support-resources/knowledge-base/search.html and search for this specific error message number. File: /home/victor/pulp_shared_vm/pulp_box/pulpissimo/ips/axi/axi/src/axi_cdc.sv Line: 24
Error (10054): Verilog HDL File I/O error at axi_cdc.sv(129): can't open Verilog Design File "axi/assign.svh" File: /home/victor/pulp_shared_vm/pulp_box/pulpissimo/ips/axi/axi/src/axi_cdc.sv Line: 129
Error (10054): Verilog HDL File I/O error at axi_cdc.sv(130): can't open Verilog Design File "axi/typedef.svh" File: /home/victor/pulp_shared_vm/pulp_box/pulpissimo/ips/axi/axi/src/axi_cdc.sv Line: 130
Error (10112): Ignored design unit "axi_cdc" at axi_cdc.sv(23) due to previous errors File: /home/victor/pulp_shared_vm/pulp_box/pulpissimo/ips/axi/axi/src/axi_cdc.sv Line: 23
Critical Warning (10191): Verilog HDL Compiler Directive warning at axi_cdc.sv(156): text macro "AXI_TYPEDEF_AW_CHAN_T" is undefined File: /home/victor/pulp_shared_vm/pulp_box/pulpissimo/ips/axi/axi/src/axi_cdc.sv Line: 156
Error (10170): Verilog HDL syntax error at axi_cdc.sv(156) near text: "(";  expecting "endmodule". Check for and fix any syntax errors that appear immediately before or at the specified keyword. The Intel FPGA Knowledge Database contains many articles with specific details on how to resolve this error. Visit the Knowledge Database at https://www.altera.com/support/support-resources/knowledge-base/search.html and search for this specific error message number. File: /home/victor/pulp_shared_vm/pulp_box/pulpissimo/ips/axi/axi/src/axi_cdc.sv Line: 156
Error (10149): Verilog HDL Declaration error at axi_cdc.sv(156): identifier "addr_t" is already declared in the present scope File: /home/victor/pulp_shared_vm/pulp_box/pulpissimo/ips/axi/axi/src/axi_cdc.sv Line: 156
Error (10149): Verilog HDL Declaration error at axi_cdc.sv(156): identifier "id_t" is already declared in the present scope File: /home/victor/pulp_shared_vm/pulp_box/pulpissimo/ips/axi/axi/src/axi_cdc.sv Line: 156
Error (10149): Verilog HDL Declaration error at axi_cdc.sv(156): identifier "user_t" is already declared in the present scope File: /home/victor/pulp_shared_vm/pulp_box/pulpissimo/ips/axi/axi/src/axi_cdc.sv Line: 156
Error (10170): Verilog HDL syntax error at axi_cdc.sv(156) near text: ")";  expecting ";". Check for and fix any syntax errors that appear immediately before or at the specified keyword. The Intel FPGA Knowledge Database contains many articles with specific details on how to resolve this error. Visit the Knowledge Database at https://www.altera.com/support/support-resources/knowledge-base/search.html and search for this specific error message number. File: /home/victor/pulp_shared_vm/pulp_box/pulpissimo/ips/axi/axi/src/axi_cdc.sv Line: 156
Critical Warning (10191): Verilog HDL Compiler Directive warning at axi_cdc.sv(157): text macro "AXI_TYPEDEF_W_CHAN_T" is undefined File: /home/victor/pulp_shared_vm/pulp_box/pulpissimo/ips/axi/axi/src/axi_cdc.sv Line: 157
Error (10149): Verilog HDL Declaration error at axi_cdc.sv(157): identifier "data_t" is already declared in the present scope File: /home/victor/pulp_shared_vm/pulp_box/pulpissimo/ips/axi/axi/src/axi_cdc.sv Line: 157
Error (10149): Verilog HDL Declaration error at axi_cdc.sv(157): identifier "strb_t" is already declared in the present scope File: /home/victor/pulp_shared_vm/pulp_box/pulpissimo/ips/axi/axi/src/axi_cdc.sv Line: 157
Error (10149): Verilog HDL Declaration error at axi_cdc.sv(157): identifier "user_t" is already declared in the present scope File: /home/victor/pulp_shared_vm/pulp_box/pulpissimo/ips/axi/axi/src/axi_cdc.sv Line: 157
Error (10170): Verilog HDL syntax error at axi_cdc.sv(157) near text: ")";  expecting ";". Check for and fix any syntax errors that appear immediately before or at the specified keyword. The Intel FPGA Knowledge Database contains many articles with specific details on how to resolve this error. Visit the Knowledge Database at https://www.altera.com/support/support-resources/knowledge-base/search.html and search for this specific error message number. File: /home/victor/pulp_shared_vm/pulp_box/pulpissimo/ips/axi/axi/src/axi_cdc.sv Line: 157
Critical Warning (10191): Verilog HDL Compiler Directive warning at axi_cdc.sv(158): text macro "AXI_TYPEDEF_B_CHAN_T" is undefined File: /home/victor/pulp_shared_vm/pulp_box/pulpissimo/ips/axi/axi/src/axi_cdc.sv Line: 158
Error (10149): Verilog HDL Declaration error at axi_cdc.sv(158): identifier "id_t" is already declared in the present scope File: /home/victor/pulp_shared_vm/pulp_box/pulpissimo/ips/axi/axi/src/axi_cdc.sv Line: 158
Error (10149): Verilog HDL Declaration error at axi_cdc.sv(158): identifier "user_t" is already declared in the present scope File: /home/victor/pulp_shared_vm/pulp_box/pulpissimo/ips/axi/axi/src/axi_cdc.sv Line: 158
Error (10170): Verilog HDL syntax error at axi_cdc.sv(158) near text: ")";  expecting ";". Check for and fix any syntax errors that appear immediately before or at the specified keyword. The Intel FPGA Knowledge Database contains many articles with specific details on how to resolve this error. Visit the Knowledge Database at https://www.altera.com/support/support-resources/knowledge-base/search.html and search for this specific error message number. File: /home/victor/pulp_shared_vm/pulp_box/pulpissimo/ips/axi/axi/src/axi_cdc.sv Line: 158
Critical Warning (10191): Verilog HDL Compiler Directive warning at axi_cdc.sv(159): text macro "AXI_TYPEDEF_AR_CHAN_T" is undefined File: /home/victor/pulp_shared_vm/pulp_box/pulpissimo/ips/axi/axi/src/axi_cdc.sv Line: 159
Error (10149): Verilog HDL Declaration error at axi_cdc.sv(159): identifier "addr_t" is already declared in the present scope File: /home/victor/pulp_shared_vm/pulp_box/pulpissimo/ips/axi/axi/src/axi_cdc.sv Line: 159
Error (10149): Verilog HDL Declaration error at axi_cdc.sv(159): identifier "id_t" is already declared in the present scope File: /home/victor/pulp_shared_vm/pulp_box/pulpissimo/ips/axi/axi/src/axi_cdc.sv Line: 159
Info (12021): Found 0 design units, including 0 entities, in source file /home/victor/pulp_shared_vm/pulp_box/pulpissimo/ips/axi/axi/src/axi_cdc.sv
Error (10170): Verilog HDL syntax error at axi_cut.sv(22) near text: "type";  expecting an identifier ("type" is a reserved keyword ). Check for and fix any syntax errors that appear immediately before or at the specified keyword. The Intel FPGA Knowledge Database contains many articles with specific details on how to resolve this error. Visit the Knowledge Database at https://www.altera.com/support/support-resources/knowledge-base/search.html and search for this specific error message number. File: /home/victor/pulp_shared_vm/pulp_box/pulpissimo/ips/axi/axi/src/axi_cut.sv Line: 22
Error (10054): Verilog HDL File I/O error at axi_cut.sv(113): can't open Verilog Design File "axi/assign.svh" File: /home/victor/pulp_shared_vm/pulp_box/pulpissimo/ips/axi/axi/src/axi_cut.sv Line: 113
Error (10054): Verilog HDL File I/O error at axi_cut.sv(114): can't open Verilog Design File "axi/typedef.svh" File: /home/victor/pulp_shared_vm/pulp_box/pulpissimo/ips/axi/axi/src/axi_cut.sv Line: 114
Error (10112): Ignored design unit "axi_cut" at axi_cut.sv(18) due to previous errors File: /home/victor/pulp_shared_vm/pulp_box/pulpissimo/ips/axi/axi/src/axi_cut.sv Line: 18
Critical Warning (10191): Verilog HDL Compiler Directive warning at axi_cut.sv(141): text macro "AXI_TYPEDEF_AW_CHAN_T" is undefined File: /home/victor/pulp_shared_vm/pulp_box/pulpissimo/ips/axi/axi/src/axi_cut.sv Line: 141
Error (10170): Verilog HDL syntax error at axi_cut.sv(141) near text: "(";  expecting "endmodule". Check for and fix any syntax errors that appear immediately before or at the specified keyword. The Intel FPGA Knowledge Database contains many articles with specific details on how to resolve this error. Visit the Knowledge Database at https://www.altera.com/support/support-resources/knowledge-base/search.html and search for this specific error message number. File: /home/victor/pulp_shared_vm/pulp_box/pulpissimo/ips/axi/axi/src/axi_cut.sv Line: 141
Error (10149): Verilog HDL Declaration error at axi_cut.sv(141): identifier "addr_t" is already declared in the present scope File: /home/victor/pulp_shared_vm/pulp_box/pulpissimo/ips/axi/axi/src/axi_cut.sv Line: 141
Error (10149): Verilog HDL Declaration error at axi_cut.sv(141): identifier "id_t" is already declared in the present scope File: /home/victor/pulp_shared_vm/pulp_box/pulpissimo/ips/axi/axi/src/axi_cut.sv Line: 141
Error (10149): Verilog HDL Declaration error at axi_cut.sv(141): identifier "user_t" is already declared in the present scope File: /home/victor/pulp_shared_vm/pulp_box/pulpissimo/ips/axi/axi/src/axi_cut.sv Line: 141
Error (10170): Verilog HDL syntax error at axi_cut.sv(141) near text: ")";  expecting ";". Check for and fix any syntax errors that appear immediately before or at the specified keyword. The Intel FPGA Knowledge Database contains many articles with specific details on how to resolve this error. Visit the Knowledge Database at https://www.altera.com/support/support-resources/knowledge-base/search.html and search for this specific error message number. File: /home/victor/pulp_shared_vm/pulp_box/pulpissimo/ips/axi/axi/src/axi_cut.sv Line: 141
Critical Warning (10191): Verilog HDL Compiler Directive warning at axi_cut.sv(142): text macro "AXI_TYPEDEF_W_CHAN_T" is undefined File: /home/victor/pulp_shared_vm/pulp_box/pulpissimo/ips/axi/axi/src/axi_cut.sv Line: 142
Error (10149): Verilog HDL Declaration error at axi_cut.sv(142): identifier "data_t" is already declared in the present scope File: /home/victor/pulp_shared_vm/pulp_box/pulpissimo/ips/axi/axi/src/axi_cut.sv Line: 142
Error (10149): Verilog HDL Declaration error at axi_cut.sv(142): identifier "strb_t" is already declared in the present scope File: /home/victor/pulp_shared_vm/pulp_box/pulpissimo/ips/axi/axi/src/axi_cut.sv Line: 142
Error (10149): Verilog HDL Declaration error at axi_cut.sv(142): identifier "user_t" is already declared in the present scope File: /home/victor/pulp_shared_vm/pulp_box/pulpissimo/ips/axi/axi/src/axi_cut.sv Line: 142
Error (10170): Verilog HDL syntax error at axi_cut.sv(142) near text: ")";  expecting ";". Check for and fix any syntax errors that appear immediately before or at the specified keyword. The Intel FPGA Knowledge Database contains many articles with specific details on how to resolve this error. Visit the Knowledge Database at https://www.altera.com/support/support-resources/knowledge-base/search.html and search for this specific error message number. File: /home/victor/pulp_shared_vm/pulp_box/pulpissimo/ips/axi/axi/src/axi_cut.sv Line: 142
Critical Warning (10191): Verilog HDL Compiler Directive warning at axi_cut.sv(143): text macro "AXI_TYPEDEF_B_CHAN_T" is undefined File: /home/victor/pulp_shared_vm/pulp_box/pulpissimo/ips/axi/axi/src/axi_cut.sv Line: 143
Error (10149): Verilog HDL Declaration error at axi_cut.sv(143): identifier "id_t" is already declared in the present scope File: /home/victor/pulp_shared_vm/pulp_box/pulpissimo/ips/axi/axi/src/axi_cut.sv Line: 143
Error (10149): Verilog HDL Declaration error at axi_cut.sv(143): identifier "user_t" is already declared in the present scope File: /home/victor/pulp_shared_vm/pulp_box/pulpissimo/ips/axi/axi/src/axi_cut.sv Line: 143
Error (10170): Verilog HDL syntax error at axi_cut.sv(143) near text: ")";  expecting ";". Check for and fix any syntax errors that appear immediately before or at the specified keyword. The Intel FPGA Knowledge Database contains many articles with specific details on how to resolve this error. Visit the Knowledge Database at https://www.altera.com/support/support-resources/knowledge-base/search.html and search for this specific error message number. File: /home/victor/pulp_shared_vm/pulp_box/pulpissimo/ips/axi/axi/src/axi_cut.sv Line: 143
Critical Warning (10191): Verilog HDL Compiler Directive warning at axi_cut.sv(144): text macro "AXI_TYPEDEF_AR_CHAN_T" is undefined File: /home/victor/pulp_shared_vm/pulp_box/pulpissimo/ips/axi/axi/src/axi_cut.sv Line: 144
Error (10149): Verilog HDL Declaration error at axi_cut.sv(144): identifier "addr_t" is already declared in the present scope File: /home/victor/pulp_shared_vm/pulp_box/pulpissimo/ips/axi/axi/src/axi_cut.sv Line: 144
Error (10149): Verilog HDL Declaration error at axi_cut.sv(144): identifier "id_t" is already declared in the present scope File: /home/victor/pulp_shared_vm/pulp_box/pulpissimo/ips/axi/axi/src/axi_cut.sv Line: 144
Error (10149): Verilog HDL Declaration error at axi_cut.sv(144): identifier "user_t" is already declared in the present scope File: /home/victor/pulp_shared_vm/pulp_box/pulpissimo/ips/axi/axi/src/axi_cut.sv Line: 144
Info (12021): Found 0 design units, including 0 entities, in source file /home/victor/pulp_shared_vm/pulp_box/pulpissimo/ips/axi/axi/src/axi_cut.sv
Error (10170): Verilog HDL syntax error at axi_delayer.sv(16) near text: "type";  expecting an identifier ("type" is a reserved keyword ). Check for and fix any syntax errors that appear immediately before or at the specified keyword. The Intel FPGA Knowledge Database contains many articles with specific details on how to resolve this error. Visit the Knowledge Database at https://www.altera.com/support/support-resources/knowledge-base/search.html and search for this specific error message number. File: /home/victor/pulp_shared_vm/pulp_box/pulpissimo/ips/axi/axi/src/axi_delayer.sv Line: 16
Error (10054): Verilog HDL File I/O error at axi_delayer.sv(120): can't open Verilog Design File "axi/typedef.svh" File: /home/victor/pulp_shared_vm/pulp_box/pulpissimo/ips/axi/axi/src/axi_delayer.sv Line: 120
Error (10054): Verilog HDL File I/O error at axi_delayer.sv(121): can't open Verilog Design File "axi/assign.svh" File: /home/victor/pulp_shared_vm/pulp_box/pulpissimo/ips/axi/axi/src/axi_delayer.sv Line: 121
Error (10112): Ignored design unit "axi_delayer" at axi_delayer.sv(14) due to previous errors File: /home/victor/pulp_shared_vm/pulp_box/pulpissimo/ips/axi/axi/src/axi_delayer.sv Line: 14
Critical Warning (10191): Verilog HDL Compiler Directive warning at axi_delayer.sv(147): text macro "AXI_TYPEDEF_AW_CHAN_T" is undefined File: /home/victor/pulp_shared_vm/pulp_box/pulpissimo/ips/axi/axi/src/axi_delayer.sv Line: 147
Error (10170): Verilog HDL syntax error at axi_delayer.sv(147) near text: "(";  expecting "endmodule". Check for and fix any syntax errors that appear immediately before or at the specified keyword. The Intel FPGA Knowledge Database contains many articles with specific details on how to resolve this error. Visit the Knowledge Database at https://www.altera.com/support/support-resources/knowledge-base/search.html and search for this specific error message number. File: /home/victor/pulp_shared_vm/pulp_box/pulpissimo/ips/axi/axi/src/axi_delayer.sv Line: 147
Error (10149): Verilog HDL Declaration error at axi_delayer.sv(147): identifier "addr_t" is already declared in the present scope File: /home/victor/pulp_shared_vm/pulp_box/pulpissimo/ips/axi/axi/src/axi_delayer.sv Line: 147
Error (10149): Verilog HDL Declaration error at axi_delayer.sv(147): identifier "id_t" is already declared in the present scope File: /home/victor/pulp_shared_vm/pulp_box/pulpissimo/ips/axi/axi/src/axi_delayer.sv Line: 147
Error (10149): Verilog HDL Declaration error at axi_delayer.sv(147): identifier "user_t" is already declared in the present scope File: /home/victor/pulp_shared_vm/pulp_box/pulpissimo/ips/axi/axi/src/axi_delayer.sv Line: 147
Error (10170): Verilog HDL syntax error at axi_delayer.sv(147) near text: ")";  expecting ";". Check for and fix any syntax errors that appear immediately before or at the specified keyword. The Intel FPGA Knowledge Database contains many articles with specific details on how to resolve this error. Visit the Knowledge Database at https://www.altera.com/support/support-resources/knowledge-base/search.html and search for this specific error message number. File: /home/victor/pulp_shared_vm/pulp_box/pulpissimo/ips/axi/axi/src/axi_delayer.sv Line: 147
Critical Warning (10191): Verilog HDL Compiler Directive warning at axi_delayer.sv(148): text macro "AXI_TYPEDEF_W_CHAN_T" is undefined File: /home/victor/pulp_shared_vm/pulp_box/pulpissimo/ips/axi/axi/src/axi_delayer.sv Line: 148
Error (10149): Verilog HDL Declaration error at axi_delayer.sv(148): identifier "data_t" is already declared in the present scope File: /home/victor/pulp_shared_vm/pulp_box/pulpissimo/ips/axi/axi/src/axi_delayer.sv Line: 148
Error (10149): Verilog HDL Declaration error at axi_delayer.sv(148): identifier "strb_t" is already declared in the present scope File: /home/victor/pulp_shared_vm/pulp_box/pulpissimo/ips/axi/axi/src/axi_delayer.sv Line: 148
Error (10149): Verilog HDL Declaration error at axi_delayer.sv(148): identifier "user_t" is already declared in the present scope File: /home/victor/pulp_shared_vm/pulp_box/pulpissimo/ips/axi/axi/src/axi_delayer.sv Line: 148
Error (10170): Verilog HDL syntax error at axi_delayer.sv(148) near text: ")";  expecting ";". Check for and fix any syntax errors that appear immediately before or at the specified keyword. The Intel FPGA Knowledge Database contains many articles with specific details on how to resolve this error. Visit the Knowledge Database at https://www.altera.com/support/support-resources/knowledge-base/search.html and search for this specific error message number. File: /home/victor/pulp_shared_vm/pulp_box/pulpissimo/ips/axi/axi/src/axi_delayer.sv Line: 148
Critical Warning (10191): Verilog HDL Compiler Directive warning at axi_delayer.sv(149): text macro "AXI_TYPEDEF_B_CHAN_T" is undefined File: /home/victor/pulp_shared_vm/pulp_box/pulpissimo/ips/axi/axi/src/axi_delayer.sv Line: 149
Error (10149): Verilog HDL Declaration error at axi_delayer.sv(149): identifier "id_t" is already declared in the present scope File: /home/victor/pulp_shared_vm/pulp_box/pulpissimo/ips/axi/axi/src/axi_delayer.sv Line: 149
Error (10149): Verilog HDL Declaration error at axi_delayer.sv(149): identifier "user_t" is already declared in the present scope File: /home/victor/pulp_shared_vm/pulp_box/pulpissimo/ips/axi/axi/src/axi_delayer.sv Line: 149
Error (10170): Verilog HDL syntax error at axi_delayer.sv(149) near text: ")";  expecting ";". Check for and fix any syntax errors that appear immediately before or at the specified keyword. The Intel FPGA Knowledge Database contains many articles with specific details on how to resolve this error. Visit the Knowledge Database at https://www.altera.com/support/support-resources/knowledge-base/search.html and search for this specific error message number. File: /home/victor/pulp_shared_vm/pulp_box/pulpissimo/ips/axi/axi/src/axi_delayer.sv Line: 149
Critical Warning (10191): Verilog HDL Compiler Directive warning at axi_delayer.sv(150): text macro "AXI_TYPEDEF_AR_CHAN_T" is undefined File: /home/victor/pulp_shared_vm/pulp_box/pulpissimo/ips/axi/axi/src/axi_delayer.sv Line: 150
Error (10149): Verilog HDL Declaration error at axi_delayer.sv(150): identifier "addr_t" is already declared in the present scope File: /home/victor/pulp_shared_vm/pulp_box/pulpissimo/ips/axi/axi/src/axi_delayer.sv Line: 150
Error (10149): Verilog HDL Declaration error at axi_delayer.sv(150): identifier "id_t" is already declared in the present scope File: /home/victor/pulp_shared_vm/pulp_box/pulpissimo/ips/axi/axi/src/axi_delayer.sv Line: 150
Error (10149): Verilog HDL Declaration error at axi_delayer.sv(150): identifier "user_t" is already declared in the present scope File: /home/victor/pulp_shared_vm/pulp_box/pulpissimo/ips/axi/axi/src/axi_delayer.sv Line: 150
Info (12021): Found 0 design units, including 0 entities, in source file /home/victor/pulp_shared_vm/pulp_box/pulpissimo/ips/axi/axi/src/axi_delayer.sv
Error (10054): Verilog HDL File I/O error at axi_demux.sv(13): can't open Verilog Design File "common_cells/registers.svh" File: /home/victor/pulp_shared_vm/pulp_box/pulpissimo/ips/axi/axi/src/axi_demux.sv Line: 13
Error (10170): Verilog HDL syntax error at axi_demux.sv(19) near text: "type";  expecting an identifier ("type" is a reserved keyword ). Check for and fix any syntax errors that appear immediately before or at the specified keyword. The Intel FPGA Knowledge Database contains many articles with specific details on how to resolve this error. Visit the Knowledge Database at https://www.altera.com/support/support-resources/knowledge-base/search.html and search for this specific error message number. File: /home/victor/pulp_shared_vm/pulp_box/pulpissimo/ips/axi/axi/src/axi_demux.sv Line: 19
Error (10170): Verilog HDL syntax error at axi_demux.sv(37) near text: "type";  expecting an identifier ("type" is a reserved keyword ). Check for and fix any syntax errors that appear immediately before or at the specified keyword. The Intel FPGA Knowledge Database contains many articles with specific details on how to resolve this error. Visit the Knowledge Database at https://www.altera.com/support/support-resources/knowledge-base/search.html and search for this specific error message number. File: /home/victor/pulp_shared_vm/pulp_box/pulpissimo/ips/axi/axi/src/axi_demux.sv Line: 37
Error (10170): Verilog HDL syntax error at axi_demux.sv(68) near text: "if";  expecting "endmodule". Check for and fix any syntax errors that appear immediately before or at the specified keyword. The Intel FPGA Knowledge Database contains many articles with specific details on how to resolve this error. Visit the Knowledge Database at https://www.altera.com/support/support-resources/knowledge-base/search.html and search for this specific error message number. File: /home/victor/pulp_shared_vm/pulp_box/pulpissimo/ips/axi/axi/src/axi_demux.sv Line: 68
Error (10170): Verilog HDL syntax error at axi_demux.sv(72) near text: "end";  expecting "endmodule". Check for and fix any syntax errors that appear immediately before or at the specified keyword. The Intel FPGA Knowledge Database contains many articles with specific details on how to resolve this error. Visit the Knowledge Database at https://www.altera.com/support/support-resources/knowledge-base/search.html and search for this specific error message number. File: /home/victor/pulp_shared_vm/pulp_box/pulpissimo/ips/axi/axi/src/axi_demux.sv Line: 72
Error (10149): Verilog HDL Declaration error at axi_demux.sv(84): identifier "aw_chan_select_t" is already declared in the present scope File: /home/victor/pulp_shared_vm/pulp_box/pulpissimo/ips/axi/axi/src/axi_demux.sv Line: 84
Critical Warning (10191): Verilog HDL Compiler Directive warning at axi_demux.sv(220): text macro "FFLARN" is undefined File: /home/victor/pulp_shared_vm/pulp_box/pulpissimo/ips/axi/axi/src/axi_demux.sv Line: 220
Error (10170): Verilog HDL syntax error at axi_demux.sv(220) near text: "(";  expecting "endmodule". Check for and fix any syntax errors that appear immediately before or at the specified keyword. The Intel FPGA Knowledge Database contains many articles with specific details on how to resolve this error. Visit the Knowledge Database at https://www.altera.com/support/support-resources/knowledge-base/search.html and search for this specific error message number. File: /home/victor/pulp_shared_vm/pulp_box/pulpissimo/ips/axi/axi/src/axi_demux.sv Line: 220
Error (10149): Verilog HDL Declaration error at axi_demux.sv(220): identifier "lock_aw_valid_d" is already declared in the present scope File: /home/victor/pulp_shared_vm/pulp_box/pulpissimo/ips/axi/axi/src/axi_demux.sv Line: 220
Error (10149): Verilog HDL Declaration error at axi_demux.sv(220): identifier "load_aw_lock" is already declared in the present scope File: /home/victor/pulp_shared_vm/pulp_box/pulpissimo/ips/axi/axi/src/axi_demux.sv Line: 220
Error (10170): Verilog HDL syntax error at axi_demux.sv(220) near text: "'0";  expecting an identifier. Check for and fix any syntax errors that appear immediately before or at the specified keyword. The Intel FPGA Knowledge Database contains many articles with specific details on how to resolve this error. Visit the Knowledge Database at https://www.altera.com/support/support-resources/knowledge-base/search.html and search for this specific error message number. File: /home/victor/pulp_shared_vm/pulp_box/pulpissimo/ips/axi/axi/src/axi_demux.sv Line: 220
Error (10759): Verilog HDL error at axi_demux.sv(220): object clk_i declared in a list of port declarations cannot be redeclared within the module body File: /home/victor/pulp_shared_vm/pulp_box/pulpissimo/ips/axi/axi/src/axi_demux.sv Line: 220
Error (10759): Verilog HDL error at axi_demux.sv(220): object rst_ni declared in a list of port declarations cannot be redeclared within the module body File: /home/victor/pulp_shared_vm/pulp_box/pulpissimo/ips/axi/axi/src/axi_demux.sv Line: 220
Error (10170): Verilog HDL syntax error at axi_demux.sv(220) near text: ")";  expecting ";". Check for and fix any syntax errors that appear immediately before or at the specified keyword. The Intel FPGA Knowledge Database contains many articles with specific details on how to resolve this error. Visit the Knowledge Database at https://www.altera.com/support/support-resources/knowledge-base/search.html and search for this specific error message number. File: /home/victor/pulp_shared_vm/pulp_box/pulpissimo/ips/axi/axi/src/axi_demux.sv Line: 220
Error (10170): Verilog HDL syntax error at axi_demux.sv(385) near text: "(";  expecting "endmodule". Check for and fix any syntax errors that appear immediately before or at the specified keyword. The Intel FPGA Knowledge Database contains many articles with specific details on how to resolve this error. Visit the Knowledge Database at https://www.altera.com/support/support-resources/knowledge-base/search.html and search for this specific error message number. File: /home/victor/pulp_shared_vm/pulp_box/pulpissimo/ips/axi/axi/src/axi_demux.sv Line: 385
Error (10149): Verilog HDL Declaration error at axi_demux.sv(385): identifier "lock_ar_valid_d" is already declared in the present scope File: /home/victor/pulp_shared_vm/pulp_box/pulpissimo/ips/axi/axi/src/axi_demux.sv Line: 385
Error (10149): Verilog HDL Declaration error at axi_demux.sv(385): identifier "load_ar_lock" is already declared in the present scope File: /home/victor/pulp_shared_vm/pulp_box/pulpissimo/ips/axi/axi/src/axi_demux.sv Line: 385
Error (10170): Verilog HDL syntax error at axi_demux.sv(385) near text: "'0";  expecting an identifier. Check for and fix any syntax errors that appear immediately before or at the specified keyword. The Intel FPGA Knowledge Database contains many articles with specific details on how to resolve this error. Visit the Knowledge Database at https://www.altera.com/support/support-resources/knowledge-base/search.html and search for this specific error message number. File: /home/victor/pulp_shared_vm/pulp_box/pulpissimo/ips/axi/axi/src/axi_demux.sv Line: 385
Error (10759): Verilog HDL error at axi_demux.sv(385): object clk_i declared in a list of port declarations cannot be redeclared within the module body File: /home/victor/pulp_shared_vm/pulp_box/pulpissimo/ips/axi/axi/src/axi_demux.sv Line: 385
Error (10759): Verilog HDL error at axi_demux.sv(385): object rst_ni declared in a list of port declarations cannot be redeclared within the module body File: /home/victor/pulp_shared_vm/pulp_box/pulpissimo/ips/axi/axi/src/axi_demux.sv Line: 385
Info (12021): Found 0 design units, including 0 entities, in source file /home/victor/pulp_shared_vm/pulp_box/pulpissimo/ips/axi/axi/src/axi_demux.sv
Error (10170): Verilog HDL syntax error at axi_dw_downsizer.sv(27) near text: "type";  expecting an identifier ("type" is a reserved keyword ). Check for and fix any syntax errors that appear immediately before or at the specified keyword. The Intel FPGA Knowledge Database contains many articles with specific details on how to resolve this error. Visit the Knowledge Database at https://www.altera.com/support/support-resources/knowledge-base/search.html and search for this specific error message number. File: /home/victor/pulp_shared_vm/pulp_box/pulpissimo/ips/axi/axi/src/axi_dw_downsizer.sv Line: 27
Error (10170): Verilog HDL syntax error at axi_dw_downsizer.sv(275) near text: "for";  expecting "endmodule". Check for and fix any syntax errors that appear immediately before or at the specified keyword. The Intel FPGA Knowledge Database contains many articles with specific details on how to resolve this error. Visit the Knowledge Database at https://www.altera.com/support/support-resources/knowledge-base/search.html and search for this specific error message number. File: /home/victor/pulp_shared_vm/pulp_box/pulpissimo/ips/axi/axi/src/axi_dw_downsizer.sv Line: 275
Error (10170): Verilog HDL syntax error at axi_dw_downsizer.sv(321) near text: "for";  expecting "endmodule". Check for and fix any syntax errors that appear immediately before or at the specified keyword. The Intel FPGA Knowledge Database contains many articles with specific details on how to resolve this error. Visit the Knowledge Database at https://www.altera.com/support/support-resources/knowledge-base/search.html and search for this specific error message number. File: /home/victor/pulp_shared_vm/pulp_box/pulpissimo/ips/axi/axi/src/axi_dw_downsizer.sv Line: 321
Error (10149): Verilog HDL Declaration error at axi_dw_downsizer.sv(321): identifier "t" is already declared in the present scope File: /home/victor/pulp_shared_vm/pulp_box/pulpissimo/ips/axi/axi/src/axi_dw_downsizer.sv Line: 321
Error (10170): Verilog HDL syntax error at axi_dw_downsizer.sv(604) near text: "end";  expecting "endmodule". Check for and fix any syntax errors that appear immediately before or at the specified keyword. The Intel FPGA Knowledge Database contains many articles with specific details on how to resolve this error. Visit the Knowledge Database at https://www.altera.com/support/support-resources/knowledge-base/search.html and search for this specific error message number. File: /home/victor/pulp_shared_vm/pulp_box/pulpissimo/ips/axi/axi/src/axi_dw_downsizer.sv Line: 604
Error (10170): Verilog HDL syntax error at axi_dw_downsizer.sv(614) near text: "}";  expecting ";". Check for and fix any syntax errors that appear immediately before or at the specified keyword. The Intel FPGA Knowledge Database contains many articles with specific details on how to resolve this error. Visit the Knowledge Database at https://www.altera.com/support/support-resources/knowledge-base/search.html and search for this specific error message number. File: /home/victor/pulp_shared_vm/pulp_box/pulpissimo/ips/axi/axi/src/axi_dw_downsizer.sv Line: 614
Error (10112): Ignored design unit "axi_dw_downsizer" at axi_dw_downsizer.sv(21) due to previous errors File: /home/victor/pulp_shared_vm/pulp_box/pulpissimo/ips/axi/axi/src/axi_dw_downsizer.sv Line: 21
Info (12021): Found 0 design units, including 0 entities, in source file /home/victor/pulp_shared_vm/pulp_box/pulpissimo/ips/axi/axi/src/axi_dw_downsizer.sv
Error (10170): Verilog HDL syntax error at axi_dw_upsizer.sv(26) near text: "type";  expecting an identifier ("type" is a reserved keyword ). Check for and fix any syntax errors that appear immediately before or at the specified keyword. The Intel FPGA Knowledge Database contains many articles with specific details on how to resolve this error. Visit the Knowledge Database at https://www.altera.com/support/support-resources/knowledge-base/search.html and search for this specific error message number. File: /home/victor/pulp_shared_vm/pulp_box/pulpissimo/ips/axi/axi/src/axi_dw_upsizer.sv Line: 26
Error (10170): Verilog HDL syntax error at axi_dw_upsizer.sv(260) near text: "for";  expecting "endmodule". Check for and fix any syntax errors that appear immediately before or at the specified keyword. The Intel FPGA Knowledge Database contains many articles with specific details on how to resolve this error. Visit the Knowledge Database at https://www.altera.com/support/support-resources/knowledge-base/search.html and search for this specific error message number. File: /home/victor/pulp_shared_vm/pulp_box/pulpissimo/ips/axi/axi/src/axi_dw_upsizer.sv Line: 260
Error (10170): Verilog HDL syntax error at axi_dw_upsizer.sv(285) near text: "for";  expecting "endmodule". Check for and fix any syntax errors that appear immediately before or at the specified keyword. The Intel FPGA Knowledge Database contains many articles with specific details on how to resolve this error. Visit the Knowledge Database at https://www.altera.com/support/support-resources/knowledge-base/search.html and search for this specific error message number. File: /home/victor/pulp_shared_vm/pulp_box/pulpissimo/ips/axi/axi/src/axi_dw_upsizer.sv Line: 285
Error (10149): Verilog HDL Declaration error at axi_dw_upsizer.sv(285): identifier "t" is already declared in the present scope File: /home/victor/pulp_shared_vm/pulp_box/pulpissimo/ips/axi/axi/src/axi_dw_upsizer.sv Line: 285
Error (10170): Verilog HDL syntax error at axi_dw_upsizer.sv(304) near text: "for";  expecting "endmodule". Check for and fix any syntax errors that appear immediately before or at the specified keyword. The Intel FPGA Knowledge Database contains many articles with specific details on how to resolve this error. Visit the Knowledge Database at https://www.altera.com/support/support-resources/knowledge-base/search.html and search for this specific error message number. File: /home/victor/pulp_shared_vm/pulp_box/pulpissimo/ips/axi/axi/src/axi_dw_upsizer.sv Line: 304
Error (10149): Verilog HDL Declaration error at axi_dw_upsizer.sv(304): identifier "t" is already declared in the present scope File: /home/victor/pulp_shared_vm/pulp_box/pulpissimo/ips/axi/axi/src/axi_dw_upsizer.sv Line: 304
Error (10170): Verilog HDL syntax error at axi_dw_upsizer.sv(519) near text: "end";  expecting "endmodule". Check for and fix any syntax errors that appear immediately before or at the specified keyword. The Intel FPGA Knowledge Database contains many articles with specific details on how to resolve this error. Visit the Knowledge Database at https://www.altera.com/support/support-resources/knowledge-base/search.html and search for this specific error message number. File: /home/victor/pulp_shared_vm/pulp_box/pulpissimo/ips/axi/axi/src/axi_dw_upsizer.sv Line: 519
Error (10170): Verilog HDL syntax error at axi_dw_upsizer.sv(529) near text: "}";  expecting ";". Check for and fix any syntax errors that appear immediately before or at the specified keyword. The Intel FPGA Knowledge Database contains many articles with specific details on how to resolve this error. Visit the Knowledge Database at https://www.altera.com/support/support-resources/knowledge-base/search.html and search for this specific error message number. File: /home/victor/pulp_shared_vm/pulp_box/pulpissimo/ips/axi/axi/src/axi_dw_upsizer.sv Line: 529
Error (10112): Ignored design unit "axi_dw_upsizer" at axi_dw_upsizer.sv(20) due to previous errors File: /home/victor/pulp_shared_vm/pulp_box/pulpissimo/ips/axi/axi/src/axi_dw_upsizer.sv Line: 20
Info (12021): Found 0 design units, including 0 entities, in source file /home/victor/pulp_shared_vm/pulp_box/pulpissimo/ips/axi/axi/src/axi_dw_upsizer.sv
Error (10170): Verilog HDL syntax error at axi_id_prepend.sv(20) near text: "type";  expecting an identifier ("type" is a reserved keyword ). Check for and fix any syntax errors that appear immediately before or at the specified keyword. The Intel FPGA Knowledge Database contains many articles with specific details on how to resolve this error. Visit the Knowledge Database at https://www.altera.com/support/support-resources/knowledge-base/search.html and search for this specific error message number. File: /home/victor/pulp_shared_vm/pulp_box/pulpissimo/ips/axi/axi/src/axi_id_prepend.sv Line: 20
Error (10170): Verilog HDL syntax error at axi_id_prepend.sv(79) near text: "for";  expecting "endmodule". Check for and fix any syntax errors that appear immediately before or at the specified keyword. The Intel FPGA Knowledge Database contains many articles with specific details on how to resolve this error. Visit the Knowledge Database at https://www.altera.com/support/support-resources/knowledge-base/search.html and search for this specific error message number. File: /home/victor/pulp_shared_vm/pulp_box/pulpissimo/ips/axi/axi/src/axi_id_prepend.sv Line: 79
Error (10170): Verilog HDL syntax error at axi_id_prepend.sv(83) near text: "end";  expecting "endmodule". Check for and fix any syntax errors that appear immediately before or at the specified keyword. The Intel FPGA Knowledge Database contains many articles with specific details on how to resolve this error. Visit the Knowledge Database at https://www.altera.com/support/support-resources/knowledge-base/search.html and search for this specific error message number. File: /home/victor/pulp_shared_vm/pulp_box/pulpissimo/ips/axi/axi/src/axi_id_prepend.sv Line: 83
Error (10170): Verilog HDL syntax error at axi_id_prepend.sv(86) near text: "=";  expecting ".", or an identifier. Check for and fix any syntax errors that appear immediately before or at the specified keyword. The Intel FPGA Knowledge Database contains many articles with specific details on how to resolve this error. Visit the Knowledge Database at https://www.altera.com/support/support-resources/knowledge-base/search.html and search for this specific error message number. File: /home/victor/pulp_shared_vm/pulp_box/pulpissimo/ips/axi/axi/src/axi_id_prepend.sv Line: 86
Error (10170): Verilog HDL syntax error at axi_id_prepend.sv(87) near text: "=";  expecting ".", or "(". Check for and fix any syntax errors that appear immediately before or at the specified keyword. The Intel FPGA Knowledge Database contains many articles with specific details on how to resolve this error. Visit the Knowledge Database at https://www.altera.com/support/support-resources/knowledge-base/search.html and search for this specific error message number. File: /home/victor/pulp_shared_vm/pulp_box/pulpissimo/ips/axi/axi/src/axi_id_prepend.sv Line: 87
Error (10759): Verilog HDL error at axi_id_prepend.sv(87): object slv_aw_chans_i declared in a list of port declarations cannot be redeclared within the module body File: /home/victor/pulp_shared_vm/pulp_box/pulpissimo/ips/axi/axi/src/axi_id_prepend.sv Line: 87
Error (10170): Verilog HDL syntax error at axi_id_prepend.sv(87) near text: ".";  expecting ";". Check for and fix any syntax errors that appear immediately before or at the specified keyword. The Intel FPGA Knowledge Database contains many articles with specific details on how to resolve this error. Visit the Knowledge Database at https://www.altera.com/support/support-resources/knowledge-base/search.html and search for this specific error message number. File: /home/victor/pulp_shared_vm/pulp_box/pulpissimo/ips/axi/axi/src/axi_id_prepend.sv Line: 87
Error (10170): Verilog HDL syntax error at axi_id_prepend.sv(88) near text: "=";  expecting ".", or "(". Check for and fix any syntax errors that appear immediately before or at the specified keyword. The Intel FPGA Knowledge Database contains many articles with specific details on how to resolve this error. Visit the Knowledge Database at https://www.altera.com/support/support-resources/knowledge-base/search.html and search for this specific error message number. File: /home/victor/pulp_shared_vm/pulp_box/pulpissimo/ips/axi/axi/src/axi_id_prepend.sv Line: 88
Error (10759): Verilog HDL error at axi_id_prepend.sv(88): object slv_ar_chans_i declared in a list of port declarations cannot be redeclared within the module body File: /home/victor/pulp_shared_vm/pulp_box/pulpissimo/ips/axi/axi/src/axi_id_prepend.sv Line: 88
Error (10170): Verilog HDL syntax error at axi_id_prepend.sv(88) near text: ".";  expecting ";". Check for and fix any syntax errors that appear immediately before or at the specified keyword. The Intel FPGA Knowledge Database contains many articles with specific details on how to resolve this error. Visit the Knowledge Database at https://www.altera.com/support/support-resources/knowledge-base/search.html and search for this specific error message number. File: /home/victor/pulp_shared_vm/pulp_box/pulpissimo/ips/axi/axi/src/axi_id_prepend.sv Line: 88
Error (10170): Verilog HDL syntax error at axi_id_prepend.sv(95) near text: "end";  expecting "endmodule". Check for and fix any syntax errors that appear immediately before or at the specified keyword. The Intel FPGA Knowledge Database contains many articles with specific details on how to resolve this error. Visit the Knowledge Database at https://www.altera.com/support/support-resources/knowledge-base/search.html and search for this specific error message number. File: /home/victor/pulp_shared_vm/pulp_box/pulpissimo/ips/axi/axi/src/axi_id_prepend.sv Line: 95
Error (10112): Ignored design unit "axi_id_prepend" at axi_id_prepend.sv(16) due to previous errors File: /home/victor/pulp_shared_vm/pulp_box/pulpissimo/ips/axi/axi/src/axi_id_prepend.sv Line: 16
Info (12021): Found 0 design units, including 0 entities, in source file /home/victor/pulp_shared_vm/pulp_box/pulpissimo/ips/axi/axi/src/axi_id_prepend.sv
Error (10054): Verilog HDL File I/O error at axi_isolate.sv(31): can't open Verilog Design File "common_cells/registers.svh" File: /home/victor/pulp_shared_vm/pulp_box/pulpissimo/ips/axi/axi/src/axi_isolate.sv Line: 31
Error (10170): Verilog HDL syntax error at axi_isolate.sv(35) near text: "type";  expecting an identifier ("type" is a reserved keyword ). Check for and fix any syntax errors that appear immediately before or at the specified keyword. The Intel FPGA Knowledge Database contains many articles with specific details on how to resolve this error. Visit the Knowledge Database at https://www.altera.com/support/support-resources/knowledge-base/search.html and search for this specific error message number. File: /home/victor/pulp_shared_vm/pulp_box/pulpissimo/ips/axi/axi/src/axi_isolate.sv Line: 35
Critical Warning (10191): Verilog HDL Compiler Directive warning at axi_isolate.sv(69): text macro "FFLARN" is undefined File: /home/victor/pulp_shared_vm/pulp_box/pulpissimo/ips/axi/axi/src/axi_isolate.sv Line: 69
Error (10170): Verilog HDL syntax error at axi_isolate.sv(69) near text: "(";  expecting "endmodule". Check for and fix any syntax errors that appear immediately before or at the specified keyword. The Intel FPGA Knowledge Database contains many articles with specific details on how to resolve this error. Visit the Knowledge Database at https://www.altera.com/support/support-resources/knowledge-base/search.html and search for this specific error message number. File: /home/victor/pulp_shared_vm/pulp_box/pulpissimo/ips/axi/axi/src/axi_isolate.sv Line: 69
Error (10149): Verilog HDL Declaration error at axi_isolate.sv(69): identifier "pending_aw_d" is already declared in the present scope File: /home/victor/pulp_shared_vm/pulp_box/pulpissimo/ips/axi/axi/src/axi_isolate.sv Line: 69
Error (10149): Verilog HDL Declaration error at axi_isolate.sv(69): identifier "update_aw_cnt" is already declared in the present scope File: /home/victor/pulp_shared_vm/pulp_box/pulpissimo/ips/axi/axi/src/axi_isolate.sv Line: 69
Error (10170): Verilog HDL syntax error at axi_isolate.sv(69) near text: "'0";  expecting an identifier. Check for and fix any syntax errors that appear immediately before or at the specified keyword. The Intel FPGA Knowledge Database contains many articles with specific details on how to resolve this error. Visit the Knowledge Database at https://www.altera.com/support/support-resources/knowledge-base/search.html and search for this specific error message number. File: /home/victor/pulp_shared_vm/pulp_box/pulpissimo/ips/axi/axi/src/axi_isolate.sv Line: 69
Error (10759): Verilog HDL error at axi_isolate.sv(69): object clk_i declared in a list of port declarations cannot be redeclared within the module body File: /home/victor/pulp_shared_vm/pulp_box/pulpissimo/ips/axi/axi/src/axi_isolate.sv Line: 69
Error (10759): Verilog HDL error at axi_isolate.sv(69): object rst_ni declared in a list of port declarations cannot be redeclared within the module body File: /home/victor/pulp_shared_vm/pulp_box/pulpissimo/ips/axi/axi/src/axi_isolate.sv Line: 69
Error (10170): Verilog HDL syntax error at axi_isolate.sv(69) near text: ")";  expecting ";". Check for and fix any syntax errors that appear immediately before or at the specified keyword. The Intel FPGA Knowledge Database contains many articles with specific details on how to resolve this error. Visit the Knowledge Database at https://www.altera.com/support/support-resources/knowledge-base/search.html and search for this specific error message number. File: /home/victor/pulp_shared_vm/pulp_box/pulpissimo/ips/axi/axi/src/axi_isolate.sv Line: 69
Error (10149): Verilog HDL Declaration error at axi_isolate.sv(70): identifier "pending_w_d" is already declared in the present scope File: /home/victor/pulp_shared_vm/pulp_box/pulpissimo/ips/axi/axi/src/axi_isolate.sv Line: 70
Error (10149): Verilog HDL Declaration error at axi_isolate.sv(70): identifier "update_w_cnt" is already declared in the present scope File: /home/victor/pulp_shared_vm/pulp_box/pulpissimo/ips/axi/axi/src/axi_isolate.sv Line: 70
Error (10170): Verilog HDL syntax error at axi_isolate.sv(70) near text: "'0";  expecting an identifier. Check for and fix any syntax errors that appear immediately before or at the specified keyword. The Intel FPGA Knowledge Database contains many articles with specific details on how to resolve this error. Visit the Knowledge Database at https://www.altera.com/support/support-resources/knowledge-base/search.html and search for this specific error message number. File: /home/victor/pulp_shared_vm/pulp_box/pulpissimo/ips/axi/axi/src/axi_isolate.sv Line: 70
Error (10759): Verilog HDL error at axi_isolate.sv(70): object clk_i declared in a list of port declarations cannot be redeclared within the module body File: /home/victor/pulp_shared_vm/pulp_box/pulpissimo/ips/axi/axi/src/axi_isolate.sv Line: 70
Error (10759): Verilog HDL error at axi_isolate.sv(70): object rst_ni declared in a list of port declarations cannot be redeclared within the module body File: /home/victor/pulp_shared_vm/pulp_box/pulpissimo/ips/axi/axi/src/axi_isolate.sv Line: 70
Error (10170): Verilog HDL syntax error at axi_isolate.sv(70) near text: ")";  expecting ";". Check for and fix any syntax errors that appear immediately before or at the specified keyword. The Intel FPGA Knowledge Database contains many articles with specific details on how to resolve this error. Visit the Knowledge Database at https://www.altera.com/support/support-resources/knowledge-base/search.html and search for this specific error message number. File: /home/victor/pulp_shared_vm/pulp_box/pulpissimo/ips/axi/axi/src/axi_isolate.sv Line: 70
Error (10149): Verilog HDL Declaration error at axi_isolate.sv(71): identifier "pending_ar_d" is already declared in the present scope File: /home/victor/pulp_shared_vm/pulp_box/pulpissimo/ips/axi/axi/src/axi_isolate.sv Line: 71
Error (10149): Verilog HDL Declaration error at axi_isolate.sv(71): identifier "update_ar_cnt" is already declared in the present scope File: /home/victor/pulp_shared_vm/pulp_box/pulpissimo/ips/axi/axi/src/axi_isolate.sv Line: 71
Error (10170): Verilog HDL syntax error at axi_isolate.sv(71) near text: "'0";  expecting an identifier. Check for and fix any syntax errors that appear immediately before or at the specified keyword. The Intel FPGA Knowledge Database contains many articles with specific details on how to resolve this error. Visit the Knowledge Database at https://www.altera.com/support/support-resources/knowledge-base/search.html and search for this specific error message number. File: /home/victor/pulp_shared_vm/pulp_box/pulpissimo/ips/axi/axi/src/axi_isolate.sv Line: 71
Error (10759): Verilog HDL error at axi_isolate.sv(71): object clk_i declared in a list of port declarations cannot be redeclared within the module body File: /home/victor/pulp_shared_vm/pulp_box/pulpissimo/ips/axi/axi/src/axi_isolate.sv Line: 71
Info (12021): Found 0 design units, including 0 entities, in source file /home/victor/pulp_shared_vm/pulp_box/pulpissimo/ips/axi/axi/src/axi_isolate.sv
Error (10054): Verilog HDL File I/O error at axi_join.sv(15): can't open Verilog Design File "axi/assign.svh" File: /home/victor/pulp_shared_vm/pulp_box/pulpissimo/ips/axi/axi/src/axi_join.sv Line: 15
Critical Warning (10191): Verilog HDL Compiler Directive warning at axi_join.sv(23): text macro "AXI_ASSIGN" is undefined File: /home/victor/pulp_shared_vm/pulp_box/pulpissimo/ips/axi/axi/src/axi_join.sv Line: 23
Error (10170): Verilog HDL syntax error at axi_join.sv(23) near text: "(";  expecting "endmodule". Check for and fix any syntax errors that appear immediately before or at the specified keyword. The Intel FPGA Knowledge Database contains many articles with specific details on how to resolve this error. Visit the Knowledge Database at https://www.altera.com/support/support-resources/knowledge-base/search.html and search for this specific error message number. File: /home/victor/pulp_shared_vm/pulp_box/pulpissimo/ips/axi/axi/src/axi_join.sv Line: 23
Error (10759): Verilog HDL error at axi_join.sv(23): object in declared in a list of port declarations cannot be redeclared within the module body File: /home/victor/pulp_shared_vm/pulp_box/pulpissimo/ips/axi/axi/src/axi_join.sv Line: 23
Info (12021): Found 0 design units, including 0 entities, in source file /home/victor/pulp_shared_vm/pulp_box/pulpissimo/ips/axi/axi/src/axi_join.sv
Error (10054): Verilog HDL File I/O error at axi_lite_demux.sv(13): can't open Verilog Design File "common_cells/registers.svh" File: /home/victor/pulp_shared_vm/pulp_box/pulpissimo/ips/axi/axi/src/axi_lite_demux.sv Line: 13
Error (10170): Verilog HDL syntax error at axi_lite_demux.sv(20) near text: "type";  expecting an identifier ("type" is a reserved keyword ). Check for and fix any syntax errors that appear immediately before or at the specified keyword. The Intel FPGA Knowledge Database contains many articles with specific details on how to resolve this error. Visit the Knowledge Database at https://www.altera.com/support/support-resources/knowledge-base/search.html and search for this specific error message number. File: /home/victor/pulp_shared_vm/pulp_box/pulpissimo/ips/axi/axi/src/axi_lite_demux.sv Line: 20
Error (10170): Verilog HDL syntax error at axi_lite_demux.sv(36) near text: "type";  expecting an identifier ("type" is a reserved keyword ). Check for and fix any syntax errors that appear immediately before or at the specified keyword. The Intel FPGA Knowledge Database contains many articles with specific details on how to resolve this error. Visit the Knowledge Database at https://www.altera.com/support/support-resources/knowledge-base/search.html and search for this specific error message number. File: /home/victor/pulp_shared_vm/pulp_box/pulpissimo/ips/axi/axi/src/axi_lite_demux.sv Line: 36
Info (12021): Found 0 design units, including 0 entities, in source file /home/victor/pulp_shared_vm/pulp_box/pulpissimo/ips/axi/axi/src/axi_lite_demux.sv
Error (10054): Verilog HDL File I/O error at axi_lite_join.sv(15): can't open Verilog Design File "axi/assign.svh" File: /home/victor/pulp_shared_vm/pulp_box/pulpissimo/ips/axi/axi/src/axi_lite_join.sv Line: 15
Critical Warning (10191): Verilog HDL Compiler Directive warning at axi_lite_join.sv(23): text macro "AXI_LITE_ASSIGN" is undefined File: /home/victor/pulp_shared_vm/pulp_box/pulpissimo/ips/axi/axi/src/axi_lite_join.sv Line: 23
Error (10170): Verilog HDL syntax error at axi_lite_join.sv(23) near text: "(";  expecting "endmodule". Check for and fix any syntax errors that appear immediately before or at the specified keyword. The Intel FPGA Knowledge Database contains many articles with specific details on how to resolve this error. Visit the Knowledge Database at https://www.altera.com/support/support-resources/knowledge-base/search.html and search for this specific error message number. File: /home/victor/pulp_shared_vm/pulp_box/pulpissimo/ips/axi/axi/src/axi_lite_join.sv Line: 23
Error (10759): Verilog HDL error at axi_lite_join.sv(23): object in declared in a list of port declarations cannot be redeclared within the module body File: /home/victor/pulp_shared_vm/pulp_box/pulpissimo/ips/axi/axi/src/axi_lite_join.sv Line: 23
Info (12021): Found 0 design units, including 0 entities, in source file /home/victor/pulp_shared_vm/pulp_box/pulpissimo/ips/axi/axi/src/axi_lite_join.sv
Error (10054): Verilog HDL File I/O error at axi_lite_mailbox.sv(17): can't open Verilog Design File "common_cells/registers.svh" File: /home/victor/pulp_shared_vm/pulp_box/pulpissimo/ips/axi/axi/src/axi_lite_mailbox.sv Line: 17
Error (10170): Verilog HDL syntax error at axi_lite_mailbox.sv(25) near text: "type";  expecting an identifier ("type" is a reserved keyword ). Check for and fix any syntax errors that appear immediately before or at the specified keyword. The Intel FPGA Knowledge Database contains many articles with specific details on how to resolve this error. Visit the Knowledge Database at https://www.altera.com/support/support-resources/knowledge-base/search.html and search for this specific error message number. File: /home/victor/pulp_shared_vm/pulp_box/pulpissimo/ips/axi/axi/src/axi_lite_mailbox.sv Line: 25
Error (10170): Verilog HDL syntax error at axi_lite_mailbox.sv(162) near text: "for";  expecting "endmodule". Check for and fix any syntax errors that appear immediately before or at the specified keyword. The Intel FPGA Knowledge Database contains many articles with specific details on how to resolve this error. Visit the Knowledge Database at https://www.altera.com/support/support-resources/knowledge-base/search.html and search for this specific error message number. File: /home/victor/pulp_shared_vm/pulp_box/pulpissimo/ips/axi/axi/src/axi_lite_mailbox.sv Line: 162
Critical Warning (10191): Verilog HDL Compiler Directive warning at axi_lite_mailbox.sv(182): text macro "FFLARN" is undefined File: /home/victor/pulp_shared_vm/pulp_box/pulpissimo/ips/axi/axi/src/axi_lite_mailbox.sv Line: 182
Error (10170): Verilog HDL syntax error at axi_lite_mailbox.sv(182) near text: "(";  expecting "endmodule". Check for and fix any syntax errors that appear immediately before or at the specified keyword. The Intel FPGA Knowledge Database contains many articles with specific details on how to resolve this error. Visit the Knowledge Database at https://www.altera.com/support/support-resources/knowledge-base/search.html and search for this specific error message number. File: /home/victor/pulp_shared_vm/pulp_box/pulpissimo/ips/axi/axi/src/axi_lite_mailbox.sv Line: 182
Error (10149): Verilog HDL Declaration error at axi_lite_mailbox.sv(182): identifier "irq_d" is already declared in the present scope File: /home/victor/pulp_shared_vm/pulp_box/pulpissimo/ips/axi/axi/src/axi_lite_mailbox.sv Line: 182
Error (10149): Verilog HDL Declaration error at axi_lite_mailbox.sv(182): identifier "update_irq" is already declared in the present scope File: /home/victor/pulp_shared_vm/pulp_box/pulpissimo/ips/axi/axi/src/axi_lite_mailbox.sv Line: 182
Error (10170): Verilog HDL syntax error at axi_lite_mailbox.sv(182) near text: "'0";  expecting an identifier. Check for and fix any syntax errors that appear immediately before or at the specified keyword. The Intel FPGA Knowledge Database contains many articles with specific details on how to resolve this error. Visit the Knowledge Database at https://www.altera.com/support/support-resources/knowledge-base/search.html and search for this specific error message number. File: /home/victor/pulp_shared_vm/pulp_box/pulpissimo/ips/axi/axi/src/axi_lite_mailbox.sv Line: 182
Error (10759): Verilog HDL error at axi_lite_mailbox.sv(182): object clk_i declared in a list of port declarations cannot be redeclared within the module body File: /home/victor/pulp_shared_vm/pulp_box/pulpissimo/ips/axi/axi/src/axi_lite_mailbox.sv Line: 182
Error (10759): Verilog HDL error at axi_lite_mailbox.sv(182): object rst_ni declared in a list of port declarations cannot be redeclared within the module body File: /home/victor/pulp_shared_vm/pulp_box/pulpissimo/ips/axi/axi/src/axi_lite_mailbox.sv Line: 182
Error (10170): Verilog HDL syntax error at axi_lite_mailbox.sv(182) near text: ")";  expecting ";". Check for and fix any syntax errors that appear immediately before or at the specified keyword. The Intel FPGA Knowledge Database contains many articles with specific details on how to resolve this error. Visit the Knowledge Database at https://www.altera.com/support/support-resources/knowledge-base/search.html and search for this specific error message number. File: /home/victor/pulp_shared_vm/pulp_box/pulpissimo/ips/axi/axi/src/axi_lite_mailbox.sv Line: 182
Error (10054): Verilog HDL File I/O error at axi_lite_mailbox.sv(199): can't open Verilog Design File "axi/typedef.svh" File: /home/victor/pulp_shared_vm/pulp_box/pulpissimo/ips/axi/axi/src/axi_lite_mailbox.sv Line: 199
Error (10112): Ignored design unit "axi_lite_mailbox" at axi_lite_mailbox.sv(19) due to previous errors File: /home/victor/pulp_shared_vm/pulp_box/pulpissimo/ips/axi/axi/src/axi_lite_mailbox.sv Line: 19
Error (10170): Verilog HDL syntax error at axi_lite_mailbox.sv(206) near text: "type";  expecting an identifier ("type" is a reserved keyword ). Check for and fix any syntax errors that appear immediately before or at the specified keyword. The Intel FPGA Knowledge Database contains many articles with specific details on how to resolve this error. Visit the Knowledge Database at https://www.altera.com/support/support-resources/knowledge-base/search.html and search for this specific error message number. File: /home/victor/pulp_shared_vm/pulp_box/pulpissimo/ips/axi/axi/src/axi_lite_mailbox.sv Line: 206
Critical Warning (10191): Verilog HDL Compiler Directive warning at axi_lite_mailbox.sv(235): text macro "AXI_LITE_TYPEDEF_B_CHAN_T" is undefined File: /home/victor/pulp_shared_vm/pulp_box/pulpissimo/ips/axi/axi/src/axi_lite_mailbox.sv Line: 235
Error (10170): Verilog HDL syntax error at axi_lite_mailbox.sv(235) near text: "(";  expecting "endmodule". Check for and fix any syntax errors that appear immediately before or at the specified keyword. The Intel FPGA Knowledge Database contains many articles with specific details on how to resolve this error. Visit the Knowledge Database at https://www.altera.com/support/support-resources/knowledge-base/search.html and search for this specific error message number. File: /home/victor/pulp_shared_vm/pulp_box/pulpissimo/ips/axi/axi/src/axi_lite_mailbox.sv Line: 235
Critical Warning (10191): Verilog HDL Compiler Directive warning at axi_lite_mailbox.sv(236): text macro "AXI_LITE_TYPEDEF_R_CHAN_T" is undefined File: /home/victor/pulp_shared_vm/pulp_box/pulpissimo/ips/axi/axi/src/axi_lite_mailbox.sv Line: 236
Error (10170): Verilog HDL syntax error at axi_lite_mailbox.sv(267) near text: "for";  expecting "endmodule". Check for and fix any syntax errors that appear immediately before or at the specified keyword. The Intel FPGA Knowledge Database contains many articles with specific details on how to resolve this error. Visit the Knowledge Database at https://www.altera.com/support/support-resources/knowledge-base/search.html and search for this specific error message number. File: /home/victor/pulp_shared_vm/pulp_box/pulpissimo/ips/axi/axi/src/axi_lite_mailbox.sv Line: 267
Error (10170): Verilog HDL syntax error at axi_lite_mailbox.sv(293) near text: "(";  expecting "endmodule". Check for and fix any syntax errors that appear immediately before or at the specified keyword. The Intel FPGA Knowledge Database contains many articles with specific details on how to resolve this error. Visit the Knowledge Database at https://www.altera.com/support/support-resources/knowledge-base/search.html and search for this specific error message number. File: /home/victor/pulp_shared_vm/pulp_box/pulpissimo/ips/axi/axi/src/axi_lite_mailbox.sv Line: 293
Error (10149): Verilog HDL Declaration error at axi_lite_mailbox.sv(293): identifier "error_d" is already declared in the present scope File: /home/victor/pulp_shared_vm/pulp_box/pulpissimo/ips/axi/axi/src/axi_lite_mailbox.sv Line: 293
Error (10149): Verilog HDL Declaration error at axi_lite_mailbox.sv(293): identifier "update_regs" is already declared in the present scope File: /home/victor/pulp_shared_vm/pulp_box/pulpissimo/ips/axi/axi/src/axi_lite_mailbox.sv Line: 293
Error (10170): Verilog HDL syntax error at axi_lite_mailbox.sv(293) near text: "'0";  expecting an identifier. Check for and fix any syntax errors that appear immediately before or at the specified keyword. The Intel FPGA Knowledge Database contains many articles with specific details on how to resolve this error. Visit the Knowledge Database at https://www.altera.com/support/support-resources/knowledge-base/search.html and search for this specific error message number. File: /home/victor/pulp_shared_vm/pulp_box/pulpissimo/ips/axi/axi/src/axi_lite_mailbox.sv Line: 293
Info (12021): Found 0 design units, including 0 entities, in source file /home/victor/pulp_shared_vm/pulp_box/pulpissimo/ips/axi/axi/src/axi_lite_mailbox.sv
Error (10054): Verilog HDL File I/O error at axi_lite_mux.sv(19): can't open Verilog Design File "common_cells/registers.svh" File: /home/victor/pulp_shared_vm/pulp_box/pulpissimo/ips/axi/axi/src/axi_lite_mux.sv Line: 19
Error (10170): Verilog HDL syntax error at axi_lite_mux.sv(23) near text: "type";  expecting an identifier ("type" is a reserved keyword ). Check for and fix any syntax errors that appear immediately before or at the specified keyword. The Intel FPGA Knowledge Database contains many articles with specific details on how to resolve this error. Visit the Knowledge Database at https://www.altera.com/support/support-resources/knowledge-base/search.html and search for this specific error message number. File: /home/victor/pulp_shared_vm/pulp_box/pulpissimo/ips/axi/axi/src/axi_lite_mux.sv Line: 23
Error (10170): Verilog HDL syntax error at axi_lite_mux.sv(54) near text: "if";  expecting "endmodule". Check for and fix any syntax errors that appear immediately before or at the specified keyword. The Intel FPGA Knowledge Database contains many articles with specific details on how to resolve this error. Visit the Knowledge Database at https://www.altera.com/support/support-resources/knowledge-base/search.html and search for this specific error message number. File: /home/victor/pulp_shared_vm/pulp_box/pulpissimo/ips/axi/axi/src/axi_lite_mux.sv Line: 54
Error (10170): Verilog HDL syntax error at axi_lite_mux.sv(58) near text: "end";  expecting "endmodule". Check for and fix any syntax errors that appear immediately before or at the specified keyword. The Intel FPGA Knowledge Database contains many articles with specific details on how to resolve this error. Visit the Knowledge Database at https://www.altera.com/support/support-resources/knowledge-base/search.html and search for this specific error message number. File: /home/victor/pulp_shared_vm/pulp_box/pulpissimo/ips/axi/axi/src/axi_lite_mux.sv Line: 58
Error (10170): Verilog HDL syntax error at axi_lite_mux.sv(126) near text: "for";  expecting "endmodule". Check for and fix any syntax errors that appear immediately before or at the specified keyword. The Intel FPGA Knowledge Database contains many articles with specific details on how to resolve this error. Visit the Knowledge Database at https://www.altera.com/support/support-resources/knowledge-base/search.html and search for this specific error message number. File: /home/victor/pulp_shared_vm/pulp_box/pulpissimo/ips/axi/axi/src/axi_lite_mux.sv Line: 126
Error (10170): Verilog HDL syntax error at axi_lite_mux.sv(130) near text: "end";  expecting "endmodule". Check for and fix any syntax errors that appear immediately before or at the specified keyword. The Intel FPGA Knowledge Database contains many articles with specific details on how to resolve this error. Visit the Knowledge Database at https://www.altera.com/support/support-resources/knowledge-base/search.html and search for this specific error message number. File: /home/victor/pulp_shared_vm/pulp_box/pulpissimo/ips/axi/axi/src/axi_lite_mux.sv Line: 130
Critical Warning (10191): Verilog HDL Compiler Directive warning at axi_lite_mux.sv(182): text macro "FFLARN" is undefined File: /home/victor/pulp_shared_vm/pulp_box/pulpissimo/ips/axi/axi/src/axi_lite_mux.sv Line: 182
Error (10170): Verilog HDL syntax error at axi_lite_mux.sv(182) near text: "(";  expecting "endmodule". Check for and fix any syntax errors that appear immediately before or at the specified keyword. The Intel FPGA Knowledge Database contains many articles with specific details on how to resolve this error. Visit the Knowledge Database at https://www.altera.com/support/support-resources/knowledge-base/search.html and search for this specific error message number. File: /home/victor/pulp_shared_vm/pulp_box/pulpissimo/ips/axi/axi/src/axi_lite_mux.sv Line: 182
Error (10149): Verilog HDL Declaration error at axi_lite_mux.sv(182): identifier "lock_aw_valid_d" is already declared in the present scope File: /home/victor/pulp_shared_vm/pulp_box/pulpissimo/ips/axi/axi/src/axi_lite_mux.sv Line: 182
Error (10149): Verilog HDL Declaration error at axi_lite_mux.sv(182): identifier "load_aw_lock" is already declared in the present scope File: /home/victor/pulp_shared_vm/pulp_box/pulpissimo/ips/axi/axi/src/axi_lite_mux.sv Line: 182
Error (10170): Verilog HDL syntax error at axi_lite_mux.sv(182) near text: "'0";  expecting an identifier. Check for and fix any syntax errors that appear immediately before or at the specified keyword. The Intel FPGA Knowledge Database contains many articles with specific details on how to resolve this error. Visit the Knowledge Database at https://www.altera.com/support/support-resources/knowledge-base/search.html and search for this specific error message number. File: /home/victor/pulp_shared_vm/pulp_box/pulpissimo/ips/axi/axi/src/axi_lite_mux.sv Line: 182
Error (10759): Verilog HDL error at axi_lite_mux.sv(182): object clk_i declared in a list of port declarations cannot be redeclared within the module body File: /home/victor/pulp_shared_vm/pulp_box/pulpissimo/ips/axi/axi/src/axi_lite_mux.sv Line: 182
Error (10759): Verilog HDL error at axi_lite_mux.sv(182): object rst_ni declared in a list of port declarations cannot be redeclared within the module body File: /home/victor/pulp_shared_vm/pulp_box/pulpissimo/ips/axi/axi/src/axi_lite_mux.sv Line: 182
Error (10170): Verilog HDL syntax error at axi_lite_mux.sv(182) near text: ")";  expecting ";". Check for and fix any syntax errors that appear immediately before or at the specified keyword. The Intel FPGA Knowledge Database contains many articles with specific details on how to resolve this error. Visit the Knowledge Database at https://www.altera.com/support/support-resources/knowledge-base/search.html and search for this specific error message number. File: /home/victor/pulp_shared_vm/pulp_box/pulpissimo/ips/axi/axi/src/axi_lite_mux.sv Line: 182
Error (10170): Verilog HDL syntax error at axi_lite_mux.sv(222) near text: "for";  expecting "endmodule". Check for and fix any syntax errors that appear immediately before or at the specified keyword. The Intel FPGA Knowledge Database contains many articles with specific details on how to resolve this error. Visit the Knowledge Database at https://www.altera.com/support/support-resources/knowledge-base/search.html and search for this specific error message number. File: /home/victor/pulp_shared_vm/pulp_box/pulpissimo/ips/axi/axi/src/axi_lite_mux.sv Line: 222
Error (10149): Verilog HDL Declaration error at axi_lite_mux.sv(222): identifier "i" is already declared in the present scope File: /home/victor/pulp_shared_vm/pulp_box/pulpissimo/ips/axi/axi/src/axi_lite_mux.sv Line: 222
Error (10170): Verilog HDL syntax error at axi_lite_mux.sv(264) near text: "for";  expecting "endmodule". Check for and fix any syntax errors that appear immediately before or at the specified keyword. The Intel FPGA Knowledge Database contains many articles with specific details on how to resolve this error. Visit the Knowledge Database at https://www.altera.com/support/support-resources/knowledge-base/search.html and search for this specific error message number. File: /home/victor/pulp_shared_vm/pulp_box/pulpissimo/ips/axi/axi/src/axi_lite_mux.sv Line: 264
Error (10149): Verilog HDL Declaration error at axi_lite_mux.sv(264): identifier "i" is already declared in the present scope File: /home/victor/pulp_shared_vm/pulp_box/pulpissimo/ips/axi/axi/src/axi_lite_mux.sv Line: 264
Error (10170): Verilog HDL syntax error at axi_lite_mux.sv(267) near text: "end";  expecting "endmodule". Check for and fix any syntax errors that appear immediately before or at the specified keyword. The Intel FPGA Knowledge Database contains many articles with specific details on how to resolve this error. Visit the Knowledge Database at https://www.altera.com/support/support-resources/knowledge-base/search.html and search for this specific error message number. File: /home/victor/pulp_shared_vm/pulp_box/pulpissimo/ips/axi/axi/src/axi_lite_mux.sv Line: 267
Error (10170): Verilog HDL syntax error at axi_lite_mux.sv(289) near text: "for";  expecting "endmodule". Check for and fix any syntax errors that appear immediately before or at the specified keyword. The Intel FPGA Knowledge Database contains many articles with specific details on how to resolve this error. Visit the Knowledge Database at https://www.altera.com/support/support-resources/knowledge-base/search.html and search for this specific error message number. File: /home/victor/pulp_shared_vm/pulp_box/pulpissimo/ips/axi/axi/src/axi_lite_mux.sv Line: 289
Info (12021): Found 0 design units, including 0 entities, in source file /home/victor/pulp_shared_vm/pulp_box/pulpissimo/ips/axi/axi/src/axi_lite_mux.sv
Error (10054): Verilog HDL File I/O error at axi_lite_regs.sv(13): can't open Verilog Design File "axi/typedef.svh" File: /home/victor/pulp_shared_vm/pulp_box/pulpissimo/ips/axi/axi/src/axi_lite_regs.sv Line: 13
Error (10054): Verilog HDL File I/O error at axi_lite_regs.sv(14): can't open Verilog Design File "common_cells/registers.svh" File: /home/victor/pulp_shared_vm/pulp_box/pulpissimo/ips/axi/axi/src/axi_lite_regs.sv Line: 14
Error (10170): Verilog HDL syntax error at axi_lite_regs.sv(86) near text: "type";  expecting an identifier ("type" is a reserved keyword ). Check for and fix any syntax errors that appear immediately before or at the specified keyword. The Intel FPGA Knowledge Database contains many articles with specific details on how to resolve this error. Visit the Knowledge Database at https://www.altera.com/support/support-resources/knowledge-base/search.html and search for this specific error message number. File: /home/victor/pulp_shared_vm/pulp_box/pulpissimo/ips/axi/axi/src/axi_lite_regs.sv Line: 86
Error (10170): Verilog HDL syntax error at axi_lite_regs.sv(93) near text: "type";  expecting an identifier ("type" is a reserved keyword ). Check for and fix any syntax errors that appear immediately before or at the specified keyword. The Intel FPGA Knowledge Database contains many articles with specific details on how to resolve this error. Visit the Knowledge Database at https://www.altera.com/support/support-resources/knowledge-base/search.html and search for this specific error message number. File: /home/victor/pulp_shared_vm/pulp_box/pulpissimo/ips/axi/axi/src/axi_lite_regs.sv Line: 93
Error (10170): Verilog HDL syntax error at axi_lite_regs.sv(159) near text: "for";  expecting "endmodule". Check for and fix any syntax errors that appear immediately before or at the specified keyword. The Intel FPGA Knowledge Database contains many articles with specific details on how to resolve this error. Visit the Knowledge Database at https://www.altera.com/support/support-resources/knowledge-base/search.html and search for this specific error message number. File: /home/victor/pulp_shared_vm/pulp_box/pulpissimo/ips/axi/axi/src/axi_lite_regs.sv Line: 159
Critical Warning (10191): Verilog HDL Compiler Directive warning at axi_lite_regs.sv(169): text macro "AXI_LITE_TYPEDEF_B_CHAN_T" is undefined File: /home/victor/pulp_shared_vm/pulp_box/pulpissimo/ips/axi/axi/src/axi_lite_regs.sv Line: 169
Error (10170): Verilog HDL syntax error at axi_lite_regs.sv(169) near text: "(";  expecting "endmodule". Check for and fix any syntax errors that appear immediately before or at the specified keyword. The Intel FPGA Knowledge Database contains many articles with specific details on how to resolve this error. Visit the Knowledge Database at https://www.altera.com/support/support-resources/knowledge-base/search.html and search for this specific error message number. File: /home/victor/pulp_shared_vm/pulp_box/pulpissimo/ips/axi/axi/src/axi_lite_regs.sv Line: 169
Critical Warning (10191): Verilog HDL Compiler Directive warning at axi_lite_regs.sv(170): text macro "AXI_LITE_TYPEDEF_R_CHAN_T" is undefined File: /home/victor/pulp_shared_vm/pulp_box/pulpissimo/ips/axi/axi/src/axi_lite_regs.sv Line: 170
Error (10149): Verilog HDL Declaration error at axi_lite_regs.sv(170): identifier "axi_data_t" is already declared in the present scope File: /home/victor/pulp_shared_vm/pulp_box/pulpissimo/ips/axi/axi/src/axi_lite_regs.sv Line: 170
Error (10170): Verilog HDL syntax error at axi_lite_regs.sv(194) near text: "for";  expecting "endmodule". Check for and fix any syntax errors that appear immediately before or at the specified keyword. The Intel FPGA Knowledge Database contains many articles with specific details on how to resolve this error. Visit the Knowledge Database at https://www.altera.com/support/support-resources/knowledge-base/search.html and search for this specific error message number. File: /home/victor/pulp_shared_vm/pulp_box/pulpissimo/ips/axi/axi/src/axi_lite_regs.sv Line: 194
Error (10149): Verilog HDL Declaration error at axi_lite_regs.sv(194): identifier "i" is already declared in the present scope File: /home/victor/pulp_shared_vm/pulp_box/pulpissimo/ips/axi/axi/src/axi_lite_regs.sv Line: 194
Error (10170): Verilog HDL syntax error at axi_lite_regs.sv(203) near text: "end";  expecting "endmodule". Check for and fix any syntax errors that appear immediately before or at the specified keyword. The Intel FPGA Knowledge Database contains many articles with specific details on how to resolve this error. Visit the Knowledge Database at https://www.altera.com/support/support-resources/knowledge-base/search.html and search for this specific error message number. File: /home/victor/pulp_shared_vm/pulp_box/pulpissimo/ips/axi/axi/src/axi_lite_regs.sv Line: 203
Error (10170): Verilog HDL syntax error at axi_lite_regs.sv(220) near text: "{";  expecting "(". Check for and fix any syntax errors that appear immediately before or at the specified keyword. The Intel FPGA Knowledge Database contains many articles with specific details on how to resolve this error. Visit the Knowledge Database at https://www.altera.com/support/support-resources/knowledge-base/search.html and search for this specific error message number. File: /home/victor/pulp_shared_vm/pulp_box/pulpissimo/ips/axi/axi/src/axi_lite_regs.sv Line: 220
Error (10170): Verilog HDL syntax error at axi_lite_regs.sv(285) near text: "{";  expecting "(". Check for and fix any syntax errors that appear immediately before or at the specified keyword. The Intel FPGA Knowledge Database contains many articles with specific details on how to resolve this error. Visit the Knowledge Database at https://www.altera.com/support/support-resources/knowledge-base/search.html and search for this specific error message number. File: /home/victor/pulp_shared_vm/pulp_box/pulpissimo/ips/axi/axi/src/axi_lite_regs.sv Line: 285
Error (10170): Verilog HDL syntax error at axi_lite_regs.sv(313) near text: "for";  expecting "endmodule". Check for and fix any syntax errors that appear immediately before or at the specified keyword. The Intel FPGA Knowledge Database contains many articles with specific details on how to resolve this error. Visit the Knowledge Database at https://www.altera.com/support/support-resources/knowledge-base/search.html and search for this specific error message number. File: /home/victor/pulp_shared_vm/pulp_box/pulpissimo/ips/axi/axi/src/axi_lite_regs.sv Line: 313
Error (10149): Verilog HDL Declaration error at axi_lite_regs.sv(313): identifier "i" is already declared in the present scope File: /home/victor/pulp_shared_vm/pulp_box/pulpissimo/ips/axi/axi/src/axi_lite_regs.sv Line: 313
Critical Warning (10191): Verilog HDL Compiler Directive warning at axi_lite_regs.sv(314): text macro "FFLARN" is undefined File: /home/victor/pulp_shared_vm/pulp_box/pulpissimo/ips/axi/axi/src/axi_lite_regs.sv Line: 314
Error (10149): Verilog HDL Declaration error at axi_lite_regs.sv(314): identifier "reg_d" is already declared in the present scope File: /home/victor/pulp_shared_vm/pulp_box/pulpissimo/ips/axi/axi/src/axi_lite_regs.sv Line: 314
Error (10149): Verilog HDL Declaration error at axi_lite_regs.sv(314): identifier "reg_update" is already declared in the present scope File: /home/victor/pulp_shared_vm/pulp_box/pulpissimo/ips/axi/axi/src/axi_lite_regs.sv Line: 314
Error (10149): Verilog HDL Declaration error at axi_lite_regs.sv(314): identifier "RegRstVal" is already declared in the present scope File: /home/victor/pulp_shared_vm/pulp_box/pulpissimo/ips/axi/axi/src/axi_lite_regs.sv Line: 314
Error (10759): Verilog HDL error at axi_lite_regs.sv(314): object clk_i declared in a list of port declarations cannot be redeclared within the module body File: /home/victor/pulp_shared_vm/pulp_box/pulpissimo/ips/axi/axi/src/axi_lite_regs.sv Line: 314
Error (10759): Verilog HDL error at axi_lite_regs.sv(314): object rst_ni declared in a list of port declarations cannot be redeclared within the module body File: /home/victor/pulp_shared_vm/pulp_box/pulpissimo/ips/axi/axi/src/axi_lite_regs.sv Line: 314
Info (12021): Found 0 design units, including 0 entities, in source file /home/victor/pulp_shared_vm/pulp_box/pulpissimo/ips/axi/axi/src/axi_lite_regs.sv
Error (10054): Verilog HDL File I/O error at axi_lite_to_apb.sv(45): can't open Verilog Design File "common_cells/registers.svh" File: /home/victor/pulp_shared_vm/pulp_box/pulpissimo/ips/axi/axi/src/axi_lite_to_apb.sv Line: 45
Error (10170): Verilog HDL syntax error at axi_lite_to_apb.sv(52) near text: "type";  expecting an identifier ("type" is a reserved keyword ). Check for and fix any syntax errors that appear immediately before or at the specified keyword. The Intel FPGA Knowledge Database contains many articles with specific details on how to resolve this error. Visit the Knowledge Database at https://www.altera.com/support/support-resources/knowledge-base/search.html and search for this specific error message number. File: /home/victor/pulp_shared_vm/pulp_box/pulpissimo/ips/axi/axi/src/axi_lite_to_apb.sv Line: 52
Critical Warning (10191): Verilog HDL Compiler Directive warning at axi_lite_to_apb.sv(307): text macro "FFLARN" is undefined File: /home/victor/pulp_shared_vm/pulp_box/pulpissimo/ips/axi/axi/src/axi_lite_to_apb.sv Line: 307
Error (10170): Verilog HDL syntax error at axi_lite_to_apb.sv(307) near text: "(";  expecting "endmodule". Check for and fix any syntax errors that appear immediately before or at the specified keyword. The Intel FPGA Knowledge Database contains many articles with specific details on how to resolve this error. Visit the Knowledge Database at https://www.altera.com/support/support-resources/knowledge-base/search.html and search for this specific error message number. File: /home/victor/pulp_shared_vm/pulp_box/pulpissimo/ips/axi/axi/src/axi_lite_to_apb.sv Line: 307
Error (10149): Verilog HDL Declaration error at axi_lite_to_apb.sv(307): identifier "apb_state_d" is already declared in the present scope File: /home/victor/pulp_shared_vm/pulp_box/pulpissimo/ips/axi/axi/src/axi_lite_to_apb.sv Line: 307
Error (10149): Verilog HDL Declaration error at axi_lite_to_apb.sv(307): identifier "apb_update" is already declared in the present scope File: /home/victor/pulp_shared_vm/pulp_box/pulpissimo/ips/axi/axi/src/axi_lite_to_apb.sv Line: 307
Error (10149): Verilog HDL Declaration error at axi_lite_to_apb.sv(307): identifier "Setup" is already declared in the present scope File: /home/victor/pulp_shared_vm/pulp_box/pulpissimo/ips/axi/axi/src/axi_lite_to_apb.sv Line: 307
Error (10759): Verilog HDL error at axi_lite_to_apb.sv(307): object clk_i declared in a list of port declarations cannot be redeclared within the module body File: /home/victor/pulp_shared_vm/pulp_box/pulpissimo/ips/axi/axi/src/axi_lite_to_apb.sv Line: 307
Error (10759): Verilog HDL error at axi_lite_to_apb.sv(307): object rst_ni declared in a list of port declarations cannot be redeclared within the module body File: /home/victor/pulp_shared_vm/pulp_box/pulpissimo/ips/axi/axi/src/axi_lite_to_apb.sv Line: 307
Error (10170): Verilog HDL syntax error at axi_lite_to_apb.sv(307) near text: ")";  expecting ";". Check for and fix any syntax errors that appear immediately before or at the specified keyword. The Intel FPGA Knowledge Database contains many articles with specific details on how to resolve this error. Visit the Knowledge Database at https://www.altera.com/support/support-resources/knowledge-base/search.html and search for this specific error message number. File: /home/victor/pulp_shared_vm/pulp_box/pulpissimo/ips/axi/axi/src/axi_lite_to_apb.sv Line: 307
Error (10054): Verilog HDL File I/O error at axi_lite_to_apb.sv(328): can't open Verilog Design File "axi/typedef.svh" File: /home/victor/pulp_shared_vm/pulp_box/pulpissimo/ips/axi/axi/src/axi_lite_to_apb.sv Line: 328
Error (10054): Verilog HDL File I/O error at axi_lite_to_apb.sv(329): can't open Verilog Design File "axi/assign.svh" File: /home/victor/pulp_shared_vm/pulp_box/pulpissimo/ips/axi/axi/src/axi_lite_to_apb.sv Line: 329
Error (10149): Verilog HDL Declaration error at axi_lite_to_apb.sv(361): identifier "SelIdxWidth" is already declared in the present scope File: /home/victor/pulp_shared_vm/pulp_box/pulpissimo/ips/axi/axi/src/axi_lite_to_apb.sv Line: 361
Critical Warning (10191): Verilog HDL Compiler Directive warning at axi_lite_to_apb.sv(379): text macro "AXI_LITE_TYPEDEF_AW_CHAN_T" is undefined File: /home/victor/pulp_shared_vm/pulp_box/pulpissimo/ips/axi/axi/src/axi_lite_to_apb.sv Line: 379
Error (10170): Verilog HDL syntax error at axi_lite_to_apb.sv(379) near text: "(";  expecting "endmodule". Check for and fix any syntax errors that appear immediately before or at the specified keyword. The Intel FPGA Knowledge Database contains many articles with specific details on how to resolve this error. Visit the Knowledge Database at https://www.altera.com/support/support-resources/knowledge-base/search.html and search for this specific error message number. File: /home/victor/pulp_shared_vm/pulp_box/pulpissimo/ips/axi/axi/src/axi_lite_to_apb.sv Line: 379
Error (10149): Verilog HDL Declaration error at axi_lite_to_apb.sv(379): identifier "addr_t" is already declared in the present scope File: /home/victor/pulp_shared_vm/pulp_box/pulpissimo/ips/axi/axi/src/axi_lite_to_apb.sv Line: 379
Critical Warning (10191): Verilog HDL Compiler Directive warning at axi_lite_to_apb.sv(380): text macro "AXI_LITE_TYPEDEF_W_CHAN_T" is undefined File: /home/victor/pulp_shared_vm/pulp_box/pulpissimo/ips/axi/axi/src/axi_lite_to_apb.sv Line: 380
Error (10149): Verilog HDL Declaration error at axi_lite_to_apb.sv(380): identifier "data_t" is already declared in the present scope File: /home/victor/pulp_shared_vm/pulp_box/pulpissimo/ips/axi/axi/src/axi_lite_to_apb.sv Line: 380
Error (10149): Verilog HDL Declaration error at axi_lite_to_apb.sv(380): identifier "strb_t" is already declared in the present scope File: /home/victor/pulp_shared_vm/pulp_box/pulpissimo/ips/axi/axi/src/axi_lite_to_apb.sv Line: 380
Error (10170): Verilog HDL syntax error at axi_lite_to_apb.sv(380) near text: ")";  expecting ";". Check for and fix any syntax errors that appear immediately before or at the specified keyword. The Intel FPGA Knowledge Database contains many articles with specific details on how to resolve this error. Visit the Knowledge Database at https://www.altera.com/support/support-resources/knowledge-base/search.html and search for this specific error message number. File: /home/victor/pulp_shared_vm/pulp_box/pulpissimo/ips/axi/axi/src/axi_lite_to_apb.sv Line: 380
Critical Warning (10191): Verilog HDL Compiler Directive warning at axi_lite_to_apb.sv(381): text macro "AXI_LITE_TYPEDEF_B_CHAN_T" is undefined File: /home/victor/pulp_shared_vm/pulp_box/pulpissimo/ips/axi/axi/src/axi_lite_to_apb.sv Line: 381
Critical Warning (10191): Verilog HDL Compiler Directive warning at axi_lite_to_apb.sv(382): text macro "AXI_LITE_TYPEDEF_AR_CHAN_T" is undefined File: /home/victor/pulp_shared_vm/pulp_box/pulpissimo/ips/axi/axi/src/axi_lite_to_apb.sv Line: 382
Error (10149): Verilog HDL Declaration error at axi_lite_to_apb.sv(382): identifier "addr_t" is already declared in the present scope File: /home/victor/pulp_shared_vm/pulp_box/pulpissimo/ips/axi/axi/src/axi_lite_to_apb.sv Line: 382
Critical Warning (10191): Verilog HDL Compiler Directive warning at axi_lite_to_apb.sv(383): text macro "AXI_LITE_TYPEDEF_R_CHAN_T" is undefined File: /home/victor/pulp_shared_vm/pulp_box/pulpissimo/ips/axi/axi/src/axi_lite_to_apb.sv Line: 383
Error (10149): Verilog HDL Declaration error at axi_lite_to_apb.sv(383): identifier "data_t" is already declared in the present scope File: /home/victor/pulp_shared_vm/pulp_box/pulpissimo/ips/axi/axi/src/axi_lite_to_apb.sv Line: 383
Critical Warning (10191): Verilog HDL Compiler Directive warning at axi_lite_to_apb.sv(384): text macro "AXI_LITE_TYPEDEF_REQ_T" is undefined File: /home/victor/pulp_shared_vm/pulp_box/pulpissimo/ips/axi/axi/src/axi_lite_to_apb.sv Line: 384
Info (12021): Found 0 design units, including 0 entities, in source file /home/victor/pulp_shared_vm/pulp_box/pulpissimo/ips/axi/axi/src/axi_lite_to_apb.sv
Error (10170): Verilog HDL syntax error at axi_lite_to_axi.sv(19) near text: "type";  expecting an identifier ("type" is a reserved keyword ). Check for and fix any syntax errors that appear immediately before or at the specified keyword. The Intel FPGA Knowledge Database contains many articles with specific details on how to resolve this error. Visit the Knowledge Database at https://www.altera.com/support/support-resources/knowledge-base/search.html and search for this specific error message number. File: /home/victor/pulp_shared_vm/pulp_box/pulpissimo/ips/axi/axi/src/axi_lite_to_axi.sv Line: 19
Error (10112): Ignored design unit "axi_lite_to_axi" at axi_lite_to_axi.sv(16) due to previous errors File: /home/victor/pulp_shared_vm/pulp_box/pulpissimo/ips/axi/axi/src/axi_lite_to_axi.sv Line: 16
Error (10112): Ignored design unit "axi_lite_to_axi_intf" at axi_lite_to_axi.sv(95) due to previous errors File: /home/victor/pulp_shared_vm/pulp_box/pulpissimo/ips/axi/axi/src/axi_lite_to_axi.sv Line: 95
Info (12021): Found 0 design units, including 0 entities, in source file /home/victor/pulp_shared_vm/pulp_box/pulpissimo/ips/axi/axi/src/axi_lite_to_axi.sv
Error (10170): Verilog HDL syntax error at axi_modify_address.sv(18) near text: "type";  expecting an identifier ("type" is a reserved keyword ). Check for and fix any syntax errors that appear immediately before or at the specified keyword. The Intel FPGA Knowledge Database contains many articles with specific details on how to resolve this error. Visit the Knowledge Database at https://www.altera.com/support/support-resources/knowledge-base/search.html and search for this specific error message number. File: /home/victor/pulp_shared_vm/pulp_box/pulpissimo/ips/axi/axi/src/axi_modify_address.sv Line: 18
Error (10054): Verilog HDL File I/O error at axi_modify_address.sv(83): can't open Verilog Design File "axi/typedef.svh" File: /home/victor/pulp_shared_vm/pulp_box/pulpissimo/ips/axi/axi/src/axi_modify_address.sv Line: 83
Error (10054): Verilog HDL File I/O error at axi_modify_address.sv(84): can't open Verilog Design File "axi/assign.svh" File: /home/victor/pulp_shared_vm/pulp_box/pulpissimo/ips/axi/axi/src/axi_modify_address.sv Line: 84
Error (10112): Ignored design unit "axi_modify_address" at axi_modify_address.sv(16) due to previous errors File: /home/victor/pulp_shared_vm/pulp_box/pulpissimo/ips/axi/axi/src/axi_modify_address.sv Line: 16
Error (10170): Verilog HDL syntax error at axi_modify_address.sv(99) near text: "type";  expecting an identifier ("type" is a reserved keyword ). Check for and fix any syntax errors that appear immediately before or at the specified keyword. The Intel FPGA Knowledge Database contains many articles with specific details on how to resolve this error. Visit the Knowledge Database at https://www.altera.com/support/support-resources/knowledge-base/search.html and search for this specific error message number. File: /home/victor/pulp_shared_vm/pulp_box/pulpissimo/ips/axi/axi/src/axi_modify_address.sv Line: 99
Critical Warning (10191): Verilog HDL Compiler Directive warning at axi_modify_address.sv(117): text macro "AXI_TYPEDEF_AW_CHAN_T" is undefined File: /home/victor/pulp_shared_vm/pulp_box/pulpissimo/ips/axi/axi/src/axi_modify_address.sv Line: 117
Error (10170): Verilog HDL syntax error at axi_modify_address.sv(117) near text: "(";  expecting "endmodule". Check for and fix any syntax errors that appear immediately before or at the specified keyword. The Intel FPGA Knowledge Database contains many articles with specific details on how to resolve this error. Visit the Knowledge Database at https://www.altera.com/support/support-resources/knowledge-base/search.html and search for this specific error message number. File: /home/victor/pulp_shared_vm/pulp_box/pulpissimo/ips/axi/axi/src/axi_modify_address.sv Line: 117
Error (10149): Verilog HDL Declaration error at axi_modify_address.sv(117): identifier "slv_addr_t" is already declared in the present scope File: /home/victor/pulp_shared_vm/pulp_box/pulpissimo/ips/axi/axi/src/axi_modify_address.sv Line: 117
Error (10149): Verilog HDL Declaration error at axi_modify_address.sv(117): identifier "id_t" is already declared in the present scope File: /home/victor/pulp_shared_vm/pulp_box/pulpissimo/ips/axi/axi/src/axi_modify_address.sv Line: 117
Error (10149): Verilog HDL Declaration error at axi_modify_address.sv(117): identifier "user_t" is already declared in the present scope File: /home/victor/pulp_shared_vm/pulp_box/pulpissimo/ips/axi/axi/src/axi_modify_address.sv Line: 117
Error (10170): Verilog HDL syntax error at axi_modify_address.sv(117) near text: ")";  expecting ";". Check for and fix any syntax errors that appear immediately before or at the specified keyword. The Intel FPGA Knowledge Database contains many articles with specific details on how to resolve this error. Visit the Knowledge Database at https://www.altera.com/support/support-resources/knowledge-base/search.html and search for this specific error message number. File: /home/victor/pulp_shared_vm/pulp_box/pulpissimo/ips/axi/axi/src/axi_modify_address.sv Line: 117
Error (10149): Verilog HDL Declaration error at axi_modify_address.sv(118): identifier "id_t" is already declared in the present scope File: /home/victor/pulp_shared_vm/pulp_box/pulpissimo/ips/axi/axi/src/axi_modify_address.sv Line: 118
Error (10149): Verilog HDL Declaration error at axi_modify_address.sv(118): identifier "user_t" is already declared in the present scope File: /home/victor/pulp_shared_vm/pulp_box/pulpissimo/ips/axi/axi/src/axi_modify_address.sv Line: 118
Error (10170): Verilog HDL syntax error at axi_modify_address.sv(118) near text: ")";  expecting ";". Check for and fix any syntax errors that appear immediately before or at the specified keyword. The Intel FPGA Knowledge Database contains many articles with specific details on how to resolve this error. Visit the Knowledge Database at https://www.altera.com/support/support-resources/knowledge-base/search.html and search for this specific error message number. File: /home/victor/pulp_shared_vm/pulp_box/pulpissimo/ips/axi/axi/src/axi_modify_address.sv Line: 118
Critical Warning (10191): Verilog HDL Compiler Directive warning at axi_modify_address.sv(119): text macro "AXI_TYPEDEF_W_CHAN_T" is undefined File: /home/victor/pulp_shared_vm/pulp_box/pulpissimo/ips/axi/axi/src/axi_modify_address.sv Line: 119
Error (10149): Verilog HDL Declaration error at axi_modify_address.sv(119): identifier "data_t" is already declared in the present scope File: /home/victor/pulp_shared_vm/pulp_box/pulpissimo/ips/axi/axi/src/axi_modify_address.sv Line: 119
Error (10149): Verilog HDL Declaration error at axi_modify_address.sv(119): identifier "strb_t" is already declared in the present scope File: /home/victor/pulp_shared_vm/pulp_box/pulpissimo/ips/axi/axi/src/axi_modify_address.sv Line: 119
Error (10149): Verilog HDL Declaration error at axi_modify_address.sv(119): identifier "user_t" is already declared in the present scope File: /home/victor/pulp_shared_vm/pulp_box/pulpissimo/ips/axi/axi/src/axi_modify_address.sv Line: 119
Error (10170): Verilog HDL syntax error at axi_modify_address.sv(119) near text: ")";  expecting ";". Check for and fix any syntax errors that appear immediately before or at the specified keyword. The Intel FPGA Knowledge Database contains many articles with specific details on how to resolve this error. Visit the Knowledge Database at https://www.altera.com/support/support-resources/knowledge-base/search.html and search for this specific error message number. File: /home/victor/pulp_shared_vm/pulp_box/pulpissimo/ips/axi/axi/src/axi_modify_address.sv Line: 119
Critical Warning (10191): Verilog HDL Compiler Directive warning at axi_modify_address.sv(120): text macro "AXI_TYPEDEF_B_CHAN_T" is undefined File: /home/victor/pulp_shared_vm/pulp_box/pulpissimo/ips/axi/axi/src/axi_modify_address.sv Line: 120
Error (10149): Verilog HDL Declaration error at axi_modify_address.sv(120): identifier "id_t" is already declared in the present scope File: /home/victor/pulp_shared_vm/pulp_box/pulpissimo/ips/axi/axi/src/axi_modify_address.sv Line: 120
Error (10149): Verilog HDL Declaration error at axi_modify_address.sv(120): identifier "user_t" is already declared in the present scope File: /home/victor/pulp_shared_vm/pulp_box/pulpissimo/ips/axi/axi/src/axi_modify_address.sv Line: 120
Info (12021): Found 0 design units, including 0 entities, in source file /home/victor/pulp_shared_vm/pulp_box/pulpissimo/ips/axi/axi/src/axi_modify_address.sv
Error (10054): Verilog HDL File I/O error at axi_mux.sv(23): can't open Verilog Design File "common_cells/registers.svh" File: /home/victor/pulp_shared_vm/pulp_box/pulpissimo/ips/axi/axi/src/axi_mux.sv Line: 23
Error (10170): Verilog HDL syntax error at axi_mux.sv(28) near text: "type";  expecting an identifier ("type" is a reserved keyword ). Check for and fix any syntax errors that appear immediately before or at the specified keyword. The Intel FPGA Knowledge Database contains many articles with specific details on how to resolve this error. Visit the Knowledge Database at https://www.altera.com/support/support-resources/knowledge-base/search.html and search for this specific error message number. File: /home/victor/pulp_shared_vm/pulp_box/pulpissimo/ips/axi/axi/src/axi_mux.sv Line: 28
Error (10170): Verilog HDL syntax error at axi_mux.sv(69) near text: "if";  expecting "endmodule". Check for and fix any syntax errors that appear immediately before or at the specified keyword. The Intel FPGA Knowledge Database contains many articles with specific details on how to resolve this error. Visit the Knowledge Database at https://www.altera.com/support/support-resources/knowledge-base/search.html and search for this specific error message number. File: /home/victor/pulp_shared_vm/pulp_box/pulpissimo/ips/axi/axi/src/axi_mux.sv Line: 69
Error (10170): Verilog HDL syntax error at axi_mux.sv(73) near text: "end";  expecting "endmodule". Check for and fix any syntax errors that appear immediately before or at the specified keyword. The Intel FPGA Knowledge Database contains many articles with specific details on how to resolve this error. Visit the Knowledge Database at https://www.altera.com/support/support-resources/knowledge-base/search.html and search for this specific error message number. File: /home/victor/pulp_shared_vm/pulp_box/pulpissimo/ips/axi/axi/src/axi_mux.sv Line: 73
Error (10170): Verilog HDL syntax error at axi_mux.sv(133) near text: "for";  expecting "endmodule". Check for and fix any syntax errors that appear immediately before or at the specified keyword. The Intel FPGA Knowledge Database contains many articles with specific details on how to resolve this error. Visit the Knowledge Database at https://www.altera.com/support/support-resources/knowledge-base/search.html and search for this specific error message number. File: /home/victor/pulp_shared_vm/pulp_box/pulpissimo/ips/axi/axi/src/axi_mux.sv Line: 133
Critical Warning (10191): Verilog HDL Compiler Directive warning at axi_mux.sv(237): text macro "FFLARN" is undefined File: /home/victor/pulp_shared_vm/pulp_box/pulpissimo/ips/axi/axi/src/axi_mux.sv Line: 237
Error (10170): Verilog HDL syntax error at axi_mux.sv(237) near text: "(";  expecting "endmodule". Check for and fix any syntax errors that appear immediately before or at the specified keyword. The Intel FPGA Knowledge Database contains many articles with specific details on how to resolve this error. Visit the Knowledge Database at https://www.altera.com/support/support-resources/knowledge-base/search.html and search for this specific error message number. File: /home/victor/pulp_shared_vm/pulp_box/pulpissimo/ips/axi/axi/src/axi_mux.sv Line: 237
Error (10149): Verilog HDL Declaration error at axi_mux.sv(237): identifier "lock_aw_valid_d" is already declared in the present scope File: /home/victor/pulp_shared_vm/pulp_box/pulpissimo/ips/axi/axi/src/axi_mux.sv Line: 237
Error (10149): Verilog HDL Declaration error at axi_mux.sv(237): identifier "load_aw_lock" is already declared in the present scope File: /home/victor/pulp_shared_vm/pulp_box/pulpissimo/ips/axi/axi/src/axi_mux.sv Line: 237
Error (10170): Verilog HDL syntax error at axi_mux.sv(237) near text: "'0";  expecting an identifier. Check for and fix any syntax errors that appear immediately before or at the specified keyword. The Intel FPGA Knowledge Database contains many articles with specific details on how to resolve this error. Visit the Knowledge Database at https://www.altera.com/support/support-resources/knowledge-base/search.html and search for this specific error message number. File: /home/victor/pulp_shared_vm/pulp_box/pulpissimo/ips/axi/axi/src/axi_mux.sv Line: 237
Error (10759): Verilog HDL error at axi_mux.sv(237): object clk_i declared in a list of port declarations cannot be redeclared within the module body File: /home/victor/pulp_shared_vm/pulp_box/pulpissimo/ips/axi/axi/src/axi_mux.sv Line: 237
Error (10759): Verilog HDL error at axi_mux.sv(237): object rst_ni declared in a list of port declarations cannot be redeclared within the module body File: /home/victor/pulp_shared_vm/pulp_box/pulpissimo/ips/axi/axi/src/axi_mux.sv Line: 237
Error (10170): Verilog HDL syntax error at axi_mux.sv(237) near text: ")";  expecting ";". Check for and fix any syntax errors that appear immediately before or at the specified keyword. The Intel FPGA Knowledge Database contains many articles with specific details on how to resolve this error. Visit the Knowledge Database at https://www.altera.com/support/support-resources/knowledge-base/search.html and search for this specific error message number. File: /home/victor/pulp_shared_vm/pulp_box/pulpissimo/ips/axi/axi/src/axi_mux.sv Line: 237
Error (10170): Verilog HDL syntax error at axi_mux.sv(386) near text: "end";  expecting "endmodule". Check for and fix any syntax errors that appear immediately before or at the specified keyword. The Intel FPGA Knowledge Database contains many articles with specific details on how to resolve this error. Visit the Knowledge Database at https://www.altera.com/support/support-resources/knowledge-base/search.html and search for this specific error message number. File: /home/victor/pulp_shared_vm/pulp_box/pulpissimo/ips/axi/axi/src/axi_mux.sv Line: 386
Error (10054): Verilog HDL File I/O error at axi_mux.sv(420): can't open Verilog Design File "axi/assign.svh" File: /home/victor/pulp_shared_vm/pulp_box/pulpissimo/ips/axi/axi/src/axi_mux.sv Line: 420
Error (10054): Verilog HDL File I/O error at axi_mux.sv(421): can't open Verilog Design File "axi/typedef.svh" File: /home/victor/pulp_shared_vm/pulp_box/pulpissimo/ips/axi/axi/src/axi_mux.sv Line: 421
Error (10112): Ignored design unit "axi_mux" at axi_mux.sv(25) due to previous errors File: /home/victor/pulp_shared_vm/pulp_box/pulpissimo/ips/axi/axi/src/axi_mux.sv Line: 25
Critical Warning (10191): Verilog HDL Compiler Directive warning at axi_mux.sv(455): text macro "AXI_TYPEDEF_AW_CHAN_T" is undefined File: /home/victor/pulp_shared_vm/pulp_box/pulpissimo/ips/axi/axi/src/axi_mux.sv Line: 455
Error (10170): Verilog HDL syntax error at axi_mux.sv(455) near text: "(";  expecting "endmodule". Check for and fix any syntax errors that appear immediately before or at the specified keyword. The Intel FPGA Knowledge Database contains many articles with specific details on how to resolve this error. Visit the Knowledge Database at https://www.altera.com/support/support-resources/knowledge-base/search.html and search for this specific error message number. File: /home/victor/pulp_shared_vm/pulp_box/pulpissimo/ips/axi/axi/src/axi_mux.sv Line: 455
Error (10149): Verilog HDL Declaration error at axi_mux.sv(455): identifier "addr_t" is already declared in the present scope File: /home/victor/pulp_shared_vm/pulp_box/pulpissimo/ips/axi/axi/src/axi_mux.sv Line: 455
Error (10149): Verilog HDL Declaration error at axi_mux.sv(455): identifier "slv_id_t" is already declared in the present scope File: /home/victor/pulp_shared_vm/pulp_box/pulpissimo/ips/axi/axi/src/axi_mux.sv Line: 455
Info (12021): Found 0 design units, including 0 entities, in source file /home/victor/pulp_shared_vm/pulp_box/pulpissimo/ips/axi/axi/src/axi_mux.sv
Error (10054): Verilog HDL File I/O error at axi_serializer.sv(14): can't open Verilog Design File "common_cells/registers.svh" File: /home/victor/pulp_shared_vm/pulp_box/pulpissimo/ips/axi/axi/src/axi_serializer.sv Line: 14
Error (10170): Verilog HDL syntax error at axi_serializer.sv(24) near text: "type";  expecting an identifier ("type" is a reserved keyword ). Check for and fix any syntax errors that appear immediately before or at the specified keyword. The Intel FPGA Knowledge Database contains many articles with specific details on how to resolve this error. Visit the Knowledge Database at https://www.altera.com/support/support-resources/knowledge-base/search.html and search for this specific error message number. File: /home/victor/pulp_shared_vm/pulp_box/pulpissimo/ips/axi/axi/src/axi_serializer.sv Line: 24
Critical Warning (10191): Verilog HDL Compiler Directive warning at axi_serializer.sv(183): text macro "FFARN" is undefined File: /home/victor/pulp_shared_vm/pulp_box/pulpissimo/ips/axi/axi/src/axi_serializer.sv Line: 183
Error (10170): Verilog HDL syntax error at axi_serializer.sv(183) near text: "(";  expecting "endmodule". Check for and fix any syntax errors that appear immediately before or at the specified keyword. The Intel FPGA Knowledge Database contains many articles with specific details on how to resolve this error. Visit the Knowledge Database at https://www.altera.com/support/support-resources/knowledge-base/search.html and search for this specific error message number. File: /home/victor/pulp_shared_vm/pulp_box/pulpissimo/ips/axi/axi/src/axi_serializer.sv Line: 183
Error (10149): Verilog HDL Declaration error at axi_serializer.sv(183): identifier "state_d" is already declared in the present scope File: /home/victor/pulp_shared_vm/pulp_box/pulpissimo/ips/axi/axi/src/axi_serializer.sv Line: 183
Error (10149): Verilog HDL Declaration error at axi_serializer.sv(183): identifier "AtopIdle" is already declared in the present scope File: /home/victor/pulp_shared_vm/pulp_box/pulpissimo/ips/axi/axi/src/axi_serializer.sv Line: 183
Error (10759): Verilog HDL error at axi_serializer.sv(183): object clk_i declared in a list of port declarations cannot be redeclared within the module body File: /home/victor/pulp_shared_vm/pulp_box/pulpissimo/ips/axi/axi/src/axi_serializer.sv Line: 183
Error (10759): Verilog HDL error at axi_serializer.sv(183): object rst_ni declared in a list of port declarations cannot be redeclared within the module body File: /home/victor/pulp_shared_vm/pulp_box/pulpissimo/ips/axi/axi/src/axi_serializer.sv Line: 183
Error (10170): Verilog HDL syntax error at axi_serializer.sv(183) near text: ")";  expecting ";". Check for and fix any syntax errors that appear immediately before or at the specified keyword. The Intel FPGA Knowledge Database contains many articles with specific details on how to resolve this error. Visit the Knowledge Database at https://www.altera.com/support/support-resources/knowledge-base/search.html and search for this specific error message number. File: /home/victor/pulp_shared_vm/pulp_box/pulpissimo/ips/axi/axi/src/axi_serializer.sv Line: 183
Error (10054): Verilog HDL File I/O error at axi_serializer.sv(214): can't open Verilog Design File "axi/typedef.svh" File: /home/victor/pulp_shared_vm/pulp_box/pulpissimo/ips/axi/axi/src/axi_serializer.sv Line: 214
Error (10054): Verilog HDL File I/O error at axi_serializer.sv(215): can't open Verilog Design File "axi/assign.svh" File: /home/victor/pulp_shared_vm/pulp_box/pulpissimo/ips/axi/axi/src/axi_serializer.sv Line: 215
Error (10149): Verilog HDL Declaration error at axi_serializer.sv(238): identifier "AXI_BUS" is already declared in the present scope File: /home/victor/pulp_shared_vm/pulp_box/pulpissimo/ips/axi/axi/src/axi_serializer.sv Line: 238
Critical Warning (10191): Verilog HDL Compiler Directive warning at axi_serializer.sv(246): text macro "AXI_TYPEDEF_AW_CHAN_T" is undefined File: /home/victor/pulp_shared_vm/pulp_box/pulpissimo/ips/axi/axi/src/axi_serializer.sv Line: 246
Error (10170): Verilog HDL syntax error at axi_serializer.sv(246) near text: "(";  expecting "endmodule". Check for and fix any syntax errors that appear immediately before or at the specified keyword. The Intel FPGA Knowledge Database contains many articles with specific details on how to resolve this error. Visit the Knowledge Database at https://www.altera.com/support/support-resources/knowledge-base/search.html and search for this specific error message number. File: /home/victor/pulp_shared_vm/pulp_box/pulpissimo/ips/axi/axi/src/axi_serializer.sv Line: 246
Error (10149): Verilog HDL Declaration error at axi_serializer.sv(246): identifier "addr_t" is already declared in the present scope File: /home/victor/pulp_shared_vm/pulp_box/pulpissimo/ips/axi/axi/src/axi_serializer.sv Line: 246
Error (10149): Verilog HDL Declaration error at axi_serializer.sv(246): identifier "id_t" is already declared in the present scope File: /home/victor/pulp_shared_vm/pulp_box/pulpissimo/ips/axi/axi/src/axi_serializer.sv Line: 246
Error (10149): Verilog HDL Declaration error at axi_serializer.sv(246): identifier "user_t" is already declared in the present scope File: /home/victor/pulp_shared_vm/pulp_box/pulpissimo/ips/axi/axi/src/axi_serializer.sv Line: 246
Error (10170): Verilog HDL syntax error at axi_serializer.sv(246) near text: ")";  expecting ";". Check for and fix any syntax errors that appear immediately before or at the specified keyword. The Intel FPGA Knowledge Database contains many articles with specific details on how to resolve this error. Visit the Knowledge Database at https://www.altera.com/support/support-resources/knowledge-base/search.html and search for this specific error message number. File: /home/victor/pulp_shared_vm/pulp_box/pulpissimo/ips/axi/axi/src/axi_serializer.sv Line: 246
Critical Warning (10191): Verilog HDL Compiler Directive warning at axi_serializer.sv(247): text macro "AXI_TYPEDEF_W_CHAN_T" is undefined File: /home/victor/pulp_shared_vm/pulp_box/pulpissimo/ips/axi/axi/src/axi_serializer.sv Line: 247
Error (10149): Verilog HDL Declaration error at axi_serializer.sv(247): identifier "data_t" is already declared in the present scope File: /home/victor/pulp_shared_vm/pulp_box/pulpissimo/ips/axi/axi/src/axi_serializer.sv Line: 247
Error (10149): Verilog HDL Declaration error at axi_serializer.sv(247): identifier "strb_t" is already declared in the present scope File: /home/victor/pulp_shared_vm/pulp_box/pulpissimo/ips/axi/axi/src/axi_serializer.sv Line: 247
Error (10149): Verilog HDL Declaration error at axi_serializer.sv(247): identifier "user_t" is already declared in the present scope File: /home/victor/pulp_shared_vm/pulp_box/pulpissimo/ips/axi/axi/src/axi_serializer.sv Line: 247
Info (12021): Found 0 design units, including 0 entities, in source file /home/victor/pulp_shared_vm/pulp_box/pulpissimo/ips/axi/axi/src/axi_serializer.sv
Error (10170): Verilog HDL syntax error at axi_err_slv.sv(18) near text: "type";  expecting an identifier ("type" is a reserved keyword ). Check for and fix any syntax errors that appear immediately before or at the specified keyword. The Intel FPGA Knowledge Database contains many articles with specific details on how to resolve this error. Visit the Knowledge Database at https://www.altera.com/support/support-resources/knowledge-base/search.html and search for this specific error message number. File: /home/victor/pulp_shared_vm/pulp_box/pulpissimo/ips/axi/axi/src/axi_err_slv.sv Line: 18
Error (10170): Verilog HDL syntax error at axi_err_slv.sv(42) near text: "if";  expecting "endmodule". Check for and fix any syntax errors that appear immediately before or at the specified keyword. The Intel FPGA Knowledge Database contains many articles with specific details on how to resolve this error. Visit the Knowledge Database at https://www.altera.com/support/support-resources/knowledge-base/search.html and search for this specific error message number. File: /home/victor/pulp_shared_vm/pulp_box/pulpissimo/ips/axi/axi/src/axi_err_slv.sv Line: 42
Error (10170): Verilog HDL syntax error at axi_err_slv.sv(59) near text: "end";  expecting "endmodule". Check for and fix any syntax errors that appear immediately before or at the specified keyword. The Intel FPGA Knowledge Database contains many articles with specific details on how to resolve this error. Visit the Knowledge Database at https://www.altera.com/support/support-resources/knowledge-base/search.html and search for this specific error message number. File: /home/victor/pulp_shared_vm/pulp_box/pulpissimo/ips/axi/axi/src/axi_err_slv.sv Line: 59
Error (10112): Ignored design unit "axi_err_slv" at axi_err_slv.sv(16) due to previous errors File: /home/victor/pulp_shared_vm/pulp_box/pulpissimo/ips/axi/axi/src/axi_err_slv.sv Line: 16
Info (12021): Found 0 design units, including 0 entities, in source file /home/victor/pulp_shared_vm/pulp_box/pulpissimo/ips/axi/axi/src/axi_err_slv.sv
Error (10170): Verilog HDL syntax error at axi_dw_converter.sv(23) near text: "type";  expecting an identifier ("type" is a reserved keyword ). Check for and fix any syntax errors that appear immediately before or at the specified keyword. The Intel FPGA Knowledge Database contains many articles with specific details on how to resolve this error. Visit the Knowledge Database at https://www.altera.com/support/support-resources/knowledge-base/search.html and search for this specific error message number. File: /home/victor/pulp_shared_vm/pulp_box/pulpissimo/ips/axi/axi/src/axi_dw_converter.sv Line: 23
Error (10170): Verilog HDL syntax error at axi_dw_converter.sv(45) near text: "if";  expecting "endmodule". Check for and fix any syntax errors that appear immediately before or at the specified keyword. The Intel FPGA Knowledge Database contains many articles with specific details on how to resolve this error. Visit the Knowledge Database at https://www.altera.com/support/support-resources/knowledge-base/search.html and search for this specific error message number. File: /home/victor/pulp_shared_vm/pulp_box/pulpissimo/ips/axi/axi/src/axi_dw_converter.sv Line: 45
Error (10170): Verilog HDL syntax error at axi_dw_converter.sv(48) near text: "end";  expecting "endmodule". Check for and fix any syntax errors that appear immediately before or at the specified keyword. The Intel FPGA Knowledge Database contains many articles with specific details on how to resolve this error. Visit the Knowledge Database at https://www.altera.com/support/support-resources/knowledge-base/search.html and search for this specific error message number. File: /home/victor/pulp_shared_vm/pulp_box/pulpissimo/ips/axi/axi/src/axi_dw_converter.sv Line: 48
Error (10054): Verilog HDL File I/O error at axi_dw_converter.sv(114): can't open Verilog Design File "axi/assign.svh" File: /home/victor/pulp_shared_vm/pulp_box/pulpissimo/ips/axi/axi/src/axi_dw_converter.sv Line: 114
Error (10054): Verilog HDL File I/O error at axi_dw_converter.sv(115): can't open Verilog Design File "axi/typedef.svh" File: /home/victor/pulp_shared_vm/pulp_box/pulpissimo/ips/axi/axi/src/axi_dw_converter.sv Line: 115
Error (10149): Verilog HDL Declaration error at axi_dw_converter.sv(128): identifier "AXI_BUS" is already declared in the present scope File: /home/victor/pulp_shared_vm/pulp_box/pulpissimo/ips/axi/axi/src/axi_dw_converter.sv Line: 128
Critical Warning (10191): Verilog HDL Compiler Directive warning at axi_dw_converter.sv(138): text macro "AXI_TYPEDEF_AW_CHAN_T" is undefined File: /home/victor/pulp_shared_vm/pulp_box/pulpissimo/ips/axi/axi/src/axi_dw_converter.sv Line: 138
Error (10170): Verilog HDL syntax error at axi_dw_converter.sv(138) near text: "(";  expecting "endmodule". Check for and fix any syntax errors that appear immediately before or at the specified keyword. The Intel FPGA Knowledge Database contains many articles with specific details on how to resolve this error. Visit the Knowledge Database at https://www.altera.com/support/support-resources/knowledge-base/search.html and search for this specific error message number. File: /home/victor/pulp_shared_vm/pulp_box/pulpissimo/ips/axi/axi/src/axi_dw_converter.sv Line: 138
Error (10149): Verilog HDL Declaration error at axi_dw_converter.sv(138): identifier "addr_t" is already declared in the present scope File: /home/victor/pulp_shared_vm/pulp_box/pulpissimo/ips/axi/axi/src/axi_dw_converter.sv Line: 138
Error (10149): Verilog HDL Declaration error at axi_dw_converter.sv(138): identifier "id_t" is already declared in the present scope File: /home/victor/pulp_shared_vm/pulp_box/pulpissimo/ips/axi/axi/src/axi_dw_converter.sv Line: 138
Error (10149): Verilog HDL Declaration error at axi_dw_converter.sv(138): identifier "user_t" is already declared in the present scope File: /home/victor/pulp_shared_vm/pulp_box/pulpissimo/ips/axi/axi/src/axi_dw_converter.sv Line: 138
Error (10170): Verilog HDL syntax error at axi_dw_converter.sv(138) near text: ")";  expecting ";". Check for and fix any syntax errors that appear immediately before or at the specified keyword. The Intel FPGA Knowledge Database contains many articles with specific details on how to resolve this error. Visit the Knowledge Database at https://www.altera.com/support/support-resources/knowledge-base/search.html and search for this specific error message number. File: /home/victor/pulp_shared_vm/pulp_box/pulpissimo/ips/axi/axi/src/axi_dw_converter.sv Line: 138
Critical Warning (10191): Verilog HDL Compiler Directive warning at axi_dw_converter.sv(139): text macro "AXI_TYPEDEF_W_CHAN_T" is undefined File: /home/victor/pulp_shared_vm/pulp_box/pulpissimo/ips/axi/axi/src/axi_dw_converter.sv Line: 139
Error (10149): Verilog HDL Declaration error at axi_dw_converter.sv(139): identifier "mst_data_t" is already declared in the present scope File: /home/victor/pulp_shared_vm/pulp_box/pulpissimo/ips/axi/axi/src/axi_dw_converter.sv Line: 139
Error (10149): Verilog HDL Declaration error at axi_dw_converter.sv(139): identifier "mst_strb_t" is already declared in the present scope File: /home/victor/pulp_shared_vm/pulp_box/pulpissimo/ips/axi/axi/src/axi_dw_converter.sv Line: 139
Error (10149): Verilog HDL Declaration error at axi_dw_converter.sv(139): identifier "user_t" is already declared in the present scope File: /home/victor/pulp_shared_vm/pulp_box/pulpissimo/ips/axi/axi/src/axi_dw_converter.sv Line: 139
Error (10170): Verilog HDL syntax error at axi_dw_converter.sv(139) near text: ")";  expecting ";". Check for and fix any syntax errors that appear immediately before or at the specified keyword. The Intel FPGA Knowledge Database contains many articles with specific details on how to resolve this error. Visit the Knowledge Database at https://www.altera.com/support/support-resources/knowledge-base/search.html and search for this specific error message number. File: /home/victor/pulp_shared_vm/pulp_box/pulpissimo/ips/axi/axi/src/axi_dw_converter.sv Line: 139
Error (10149): Verilog HDL Declaration error at axi_dw_converter.sv(140): identifier "slv_data_t" is already declared in the present scope File: /home/victor/pulp_shared_vm/pulp_box/pulpissimo/ips/axi/axi/src/axi_dw_converter.sv Line: 140
Error (10149): Verilog HDL Declaration error at axi_dw_converter.sv(140): identifier "slv_strb_t" is already declared in the present scope File: /home/victor/pulp_shared_vm/pulp_box/pulpissimo/ips/axi/axi/src/axi_dw_converter.sv Line: 140
Error (10149): Verilog HDL Declaration error at axi_dw_converter.sv(140): identifier "user_t" is already declared in the present scope File: /home/victor/pulp_shared_vm/pulp_box/pulpissimo/ips/axi/axi/src/axi_dw_converter.sv Line: 140
Error (10170): Verilog HDL syntax error at axi_dw_converter.sv(140) near text: ")";  expecting ";". Check for and fix any syntax errors that appear immediately before or at the specified keyword. The Intel FPGA Knowledge Database contains many articles with specific details on how to resolve this error. Visit the Knowledge Database at https://www.altera.com/support/support-resources/knowledge-base/search.html and search for this specific error message number. File: /home/victor/pulp_shared_vm/pulp_box/pulpissimo/ips/axi/axi/src/axi_dw_converter.sv Line: 140
Critical Warning (10191): Verilog HDL Compiler Directive warning at axi_dw_converter.sv(141): text macro "AXI_TYPEDEF_B_CHAN_T" is undefined File: /home/victor/pulp_shared_vm/pulp_box/pulpissimo/ips/axi/axi/src/axi_dw_converter.sv Line: 141
Info (12021): Found 0 design units, including 0 entities, in source file /home/victor/pulp_shared_vm/pulp_box/pulpissimo/ips/axi/axi/src/axi_dw_converter.sv
Error (10170): Verilog HDL syntax error at axi_multicut.sv(21) near text: "type";  expecting an identifier ("type" is a reserved keyword ). Check for and fix any syntax errors that appear immediately before or at the specified keyword. The Intel FPGA Knowledge Database contains many articles with specific details on how to resolve this error. Visit the Knowledge Database at https://www.altera.com/support/support-resources/knowledge-base/search.html and search for this specific error message number. File: /home/victor/pulp_shared_vm/pulp_box/pulpissimo/ips/axi/axi/src/axi_multicut.sv Line: 21
Error (10170): Verilog HDL syntax error at axi_multicut.sv(40) near text: "if";  expecting "endmodule". Check for and fix any syntax errors that appear immediately before or at the specified keyword. The Intel FPGA Knowledge Database contains many articles with specific details on how to resolve this error. Visit the Knowledge Database at https://www.altera.com/support/support-resources/knowledge-base/search.html and search for this specific error message number. File: /home/victor/pulp_shared_vm/pulp_box/pulpissimo/ips/axi/axi/src/axi_multicut.sv Line: 40
Error (10170): Verilog HDL syntax error at axi_multicut.sv(44) near text: "end";  expecting "endmodule". Check for and fix any syntax errors that appear immediately before or at the specified keyword. The Intel FPGA Knowledge Database contains many articles with specific details on how to resolve this error. Visit the Knowledge Database at https://www.altera.com/support/support-resources/knowledge-base/search.html and search for this specific error message number. File: /home/victor/pulp_shared_vm/pulp_box/pulpissimo/ips/axi/axi/src/axi_multicut.sv Line: 44
Error (10170): Verilog HDL syntax error at axi_multicut.sv(46) near text: "cut_req";  expecting ";". Check for and fix any syntax errors that appear immediately before or at the specified keyword. The Intel FPGA Knowledge Database contains many articles with specific details on how to resolve this error. Visit the Knowledge Database at https://www.altera.com/support/support-resources/knowledge-base/search.html and search for this specific error message number. File: /home/victor/pulp_shared_vm/pulp_box/pulpissimo/ips/axi/axi/src/axi_multicut.sv Line: 46
Error (10170): Verilog HDL syntax error at axi_multicut.sv(54) near text: "for";  expecting "endmodule". Check for and fix any syntax errors that appear immediately before or at the specified keyword. The Intel FPGA Knowledge Database contains many articles with specific details on how to resolve this error. Visit the Knowledge Database at https://www.altera.com/support/support-resources/knowledge-base/search.html and search for this specific error message number. File: /home/victor/pulp_shared_vm/pulp_box/pulpissimo/ips/axi/axi/src/axi_multicut.sv Line: 54
Error (10170): Verilog HDL syntax error at axi_multicut.sv(77) near text: "end";  expecting "endmodule". Check for and fix any syntax errors that appear immediately before or at the specified keyword. The Intel FPGA Knowledge Database contains many articles with specific details on how to resolve this error. Visit the Knowledge Database at https://www.altera.com/support/support-resources/knowledge-base/search.html and search for this specific error message number. File: /home/victor/pulp_shared_vm/pulp_box/pulpissimo/ips/axi/axi/src/axi_multicut.sv Line: 77
Error (10054): Verilog HDL File I/O error at axi_multicut.sv(89): can't open Verilog Design File "axi/assign.svh" File: /home/victor/pulp_shared_vm/pulp_box/pulpissimo/ips/axi/axi/src/axi_multicut.sv Line: 89
Error (10054): Verilog HDL File I/O error at axi_multicut.sv(90): can't open Verilog Design File "axi/typedef.svh" File: /home/victor/pulp_shared_vm/pulp_box/pulpissimo/ips/axi/axi/src/axi_multicut.sv Line: 90
Error (10112): Ignored design unit "axi_multicut" at axi_multicut.sv(18) due to previous errors File: /home/victor/pulp_shared_vm/pulp_box/pulpissimo/ips/axi/axi/src/axi_multicut.sv Line: 18
Critical Warning (10191): Verilog HDL Compiler Directive warning at axi_multicut.sv(112): text macro "AXI_TYPEDEF_AW_CHAN_T" is undefined File: /home/victor/pulp_shared_vm/pulp_box/pulpissimo/ips/axi/axi/src/axi_multicut.sv Line: 112
Error (10170): Verilog HDL syntax error at axi_multicut.sv(112) near text: "(";  expecting "endmodule". Check for and fix any syntax errors that appear immediately before or at the specified keyword. The Intel FPGA Knowledge Database contains many articles with specific details on how to resolve this error. Visit the Knowledge Database at https://www.altera.com/support/support-resources/knowledge-base/search.html and search for this specific error message number. File: /home/victor/pulp_shared_vm/pulp_box/pulpissimo/ips/axi/axi/src/axi_multicut.sv Line: 112
Error (10149): Verilog HDL Declaration error at axi_multicut.sv(112): identifier "addr_t" is already declared in the present scope File: /home/victor/pulp_shared_vm/pulp_box/pulpissimo/ips/axi/axi/src/axi_multicut.sv Line: 112
Error (10149): Verilog HDL Declaration error at axi_multicut.sv(112): identifier "id_t" is already declared in the present scope File: /home/victor/pulp_shared_vm/pulp_box/pulpissimo/ips/axi/axi/src/axi_multicut.sv Line: 112
Error (10149): Verilog HDL Declaration error at axi_multicut.sv(112): identifier "user_t" is already declared in the present scope File: /home/victor/pulp_shared_vm/pulp_box/pulpissimo/ips/axi/axi/src/axi_multicut.sv Line: 112
Error (10170): Verilog HDL syntax error at axi_multicut.sv(112) near text: ")";  expecting ";". Check for and fix any syntax errors that appear immediately before or at the specified keyword. The Intel FPGA Knowledge Database contains many articles with specific details on how to resolve this error. Visit the Knowledge Database at https://www.altera.com/support/support-resources/knowledge-base/search.html and search for this specific error message number. File: /home/victor/pulp_shared_vm/pulp_box/pulpissimo/ips/axi/axi/src/axi_multicut.sv Line: 112
Critical Warning (10191): Verilog HDL Compiler Directive warning at axi_multicut.sv(113): text macro "AXI_TYPEDEF_W_CHAN_T" is undefined File: /home/victor/pulp_shared_vm/pulp_box/pulpissimo/ips/axi/axi/src/axi_multicut.sv Line: 113
Error (10149): Verilog HDL Declaration error at axi_multicut.sv(113): identifier "data_t" is already declared in the present scope File: /home/victor/pulp_shared_vm/pulp_box/pulpissimo/ips/axi/axi/src/axi_multicut.sv Line: 113
Error (10149): Verilog HDL Declaration error at axi_multicut.sv(113): identifier "strb_t" is already declared in the present scope File: /home/victor/pulp_shared_vm/pulp_box/pulpissimo/ips/axi/axi/src/axi_multicut.sv Line: 113
Error (10149): Verilog HDL Declaration error at axi_multicut.sv(113): identifier "user_t" is already declared in the present scope File: /home/victor/pulp_shared_vm/pulp_box/pulpissimo/ips/axi/axi/src/axi_multicut.sv Line: 113
Error (10170): Verilog HDL syntax error at axi_multicut.sv(113) near text: ")";  expecting ";". Check for and fix any syntax errors that appear immediately before or at the specified keyword. The Intel FPGA Knowledge Database contains many articles with specific details on how to resolve this error. Visit the Knowledge Database at https://www.altera.com/support/support-resources/knowledge-base/search.html and search for this specific error message number. File: /home/victor/pulp_shared_vm/pulp_box/pulpissimo/ips/axi/axi/src/axi_multicut.sv Line: 113
Critical Warning (10191): Verilog HDL Compiler Directive warning at axi_multicut.sv(114): text macro "AXI_TYPEDEF_B_CHAN_T" is undefined File: /home/victor/pulp_shared_vm/pulp_box/pulpissimo/ips/axi/axi/src/axi_multicut.sv Line: 114
Error (10149): Verilog HDL Declaration error at axi_multicut.sv(114): identifier "id_t" is already declared in the present scope File: /home/victor/pulp_shared_vm/pulp_box/pulpissimo/ips/axi/axi/src/axi_multicut.sv Line: 114
Info (12021): Found 0 design units, including 0 entities, in source file /home/victor/pulp_shared_vm/pulp_box/pulpissimo/ips/axi/axi/src/axi_multicut.sv
Error (10170): Verilog HDL syntax error at axi_to_axi_lite.sv(26) near text: "type";  expecting an identifier ("type" is a reserved keyword ). Check for and fix any syntax errors that appear immediately before or at the specified keyword. The Intel FPGA Knowledge Database contains many articles with specific details on how to resolve this error. Visit the Knowledge Database at https://www.altera.com/support/support-resources/knowledge-base/search.html and search for this specific error message number. File: /home/victor/pulp_shared_vm/pulp_box/pulpissimo/ips/axi/axi/src/axi_to_axi_lite.sv Line: 26
Error (10112): Ignored design unit "axi_to_axi_lite" at axi_to_axi_lite.sv(18) due to previous errors File: /home/victor/pulp_shared_vm/pulp_box/pulpissimo/ips/axi/axi/src/axi_to_axi_lite.sv Line: 18
Error (10170): Verilog HDL syntax error at axi_to_axi_lite.sv(121) near text: "type";  expecting an identifier ("type" is a reserved keyword ). Check for and fix any syntax errors that appear immediately before or at the specified keyword. The Intel FPGA Knowledge Database contains many articles with specific details on how to resolve this error. Visit the Knowledge Database at https://www.altera.com/support/support-resources/knowledge-base/search.html and search for this specific error message number. File: /home/victor/pulp_shared_vm/pulp_box/pulpissimo/ips/axi/axi/src/axi_to_axi_lite.sv Line: 121
Error (10054): Verilog HDL File I/O error at axi_to_axi_lite.sv(246): can't open Verilog Design File "axi/assign.svh" File: /home/victor/pulp_shared_vm/pulp_box/pulpissimo/ips/axi/axi/src/axi_to_axi_lite.sv Line: 246
Error (10054): Verilog HDL File I/O error at axi_to_axi_lite.sv(247): can't open Verilog Design File "axi/typedef.svh" File: /home/victor/pulp_shared_vm/pulp_box/pulpissimo/ips/axi/axi/src/axi_to_axi_lite.sv Line: 247
Error (10112): Ignored design unit "axi_to_axi_lite_id_reflect" at axi_to_axi_lite.sv(116) due to previous errors File: /home/victor/pulp_shared_vm/pulp_box/pulpissimo/ips/axi/axi/src/axi_to_axi_lite.sv Line: 116
Critical Warning (10191): Verilog HDL Compiler Directive warning at axi_to_axi_lite.sv(272): text macro "AXI_TYPEDEF_AW_CHAN_T" is undefined File: /home/victor/pulp_shared_vm/pulp_box/pulpissimo/ips/axi/axi/src/axi_to_axi_lite.sv Line: 272
Error (10170): Verilog HDL syntax error at axi_to_axi_lite.sv(272) near text: "(";  expecting "endmodule". Check for and fix any syntax errors that appear immediately before or at the specified keyword. The Intel FPGA Knowledge Database contains many articles with specific details on how to resolve this error. Visit the Knowledge Database at https://www.altera.com/support/support-resources/knowledge-base/search.html and search for this specific error message number. File: /home/victor/pulp_shared_vm/pulp_box/pulpissimo/ips/axi/axi/src/axi_to_axi_lite.sv Line: 272
Error (10149): Verilog HDL Declaration error at axi_to_axi_lite.sv(272): identifier "addr_t" is already declared in the present scope File: /home/victor/pulp_shared_vm/pulp_box/pulpissimo/ips/axi/axi/src/axi_to_axi_lite.sv Line: 272
Error (10149): Verilog HDL Declaration error at axi_to_axi_lite.sv(272): identifier "id_t" is already declared in the present scope File: /home/victor/pulp_shared_vm/pulp_box/pulpissimo/ips/axi/axi/src/axi_to_axi_lite.sv Line: 272
Error (10149): Verilog HDL Declaration error at axi_to_axi_lite.sv(272): identifier "user_t" is already declared in the present scope File: /home/victor/pulp_shared_vm/pulp_box/pulpissimo/ips/axi/axi/src/axi_to_axi_lite.sv Line: 272
Error (10170): Verilog HDL syntax error at axi_to_axi_lite.sv(272) near text: ")";  expecting ";". Check for and fix any syntax errors that appear immediately before or at the specified keyword. The Intel FPGA Knowledge Database contains many articles with specific details on how to resolve this error. Visit the Knowledge Database at https://www.altera.com/support/support-resources/knowledge-base/search.html and search for this specific error message number. File: /home/victor/pulp_shared_vm/pulp_box/pulpissimo/ips/axi/axi/src/axi_to_axi_lite.sv Line: 272
Critical Warning (10191): Verilog HDL Compiler Directive warning at axi_to_axi_lite.sv(273): text macro "AXI_TYPEDEF_W_CHAN_T" is undefined File: /home/victor/pulp_shared_vm/pulp_box/pulpissimo/ips/axi/axi/src/axi_to_axi_lite.sv Line: 273
Error (10149): Verilog HDL Declaration error at axi_to_axi_lite.sv(273): identifier "data_t" is already declared in the present scope File: /home/victor/pulp_shared_vm/pulp_box/pulpissimo/ips/axi/axi/src/axi_to_axi_lite.sv Line: 273
Error (10149): Verilog HDL Declaration error at axi_to_axi_lite.sv(273): identifier "strb_t" is already declared in the present scope File: /home/victor/pulp_shared_vm/pulp_box/pulpissimo/ips/axi/axi/src/axi_to_axi_lite.sv Line: 273
Error (10149): Verilog HDL Declaration error at axi_to_axi_lite.sv(273): identifier "user_t" is already declared in the present scope File: /home/victor/pulp_shared_vm/pulp_box/pulpissimo/ips/axi/axi/src/axi_to_axi_lite.sv Line: 273
Error (10170): Verilog HDL syntax error at axi_to_axi_lite.sv(273) near text: ")";  expecting ";". Check for and fix any syntax errors that appear immediately before or at the specified keyword. The Intel FPGA Knowledge Database contains many articles with specific details on how to resolve this error. Visit the Knowledge Database at https://www.altera.com/support/support-resources/knowledge-base/search.html and search for this specific error message number. File: /home/victor/pulp_shared_vm/pulp_box/pulpissimo/ips/axi/axi/src/axi_to_axi_lite.sv Line: 273
Critical Warning (10191): Verilog HDL Compiler Directive warning at axi_to_axi_lite.sv(274): text macro "AXI_TYPEDEF_B_CHAN_T" is undefined File: /home/victor/pulp_shared_vm/pulp_box/pulpissimo/ips/axi/axi/src/axi_to_axi_lite.sv Line: 274
Error (10149): Verilog HDL Declaration error at axi_to_axi_lite.sv(274): identifier "id_t" is already declared in the present scope File: /home/victor/pulp_shared_vm/pulp_box/pulpissimo/ips/axi/axi/src/axi_to_axi_lite.sv Line: 274
Error (10149): Verilog HDL Declaration error at axi_to_axi_lite.sv(274): identifier "user_t" is already declared in the present scope File: /home/victor/pulp_shared_vm/pulp_box/pulpissimo/ips/axi/axi/src/axi_to_axi_lite.sv Line: 274
Error (10170): Verilog HDL syntax error at axi_to_axi_lite.sv(274) near text: ")";  expecting ";". Check for and fix any syntax errors that appear immediately before or at the specified keyword. The Intel FPGA Knowledge Database contains many articles with specific details on how to resolve this error. Visit the Knowledge Database at https://www.altera.com/support/support-resources/knowledge-base/search.html and search for this specific error message number. File: /home/victor/pulp_shared_vm/pulp_box/pulpissimo/ips/axi/axi/src/axi_to_axi_lite.sv Line: 274
Critical Warning (10191): Verilog HDL Compiler Directive warning at axi_to_axi_lite.sv(275): text macro "AXI_TYPEDEF_AR_CHAN_T" is undefined File: /home/victor/pulp_shared_vm/pulp_box/pulpissimo/ips/axi/axi/src/axi_to_axi_lite.sv Line: 275
Error (10149): Verilog HDL Declaration error at axi_to_axi_lite.sv(275): identifier "addr_t" is already declared in the present scope File: /home/victor/pulp_shared_vm/pulp_box/pulpissimo/ips/axi/axi/src/axi_to_axi_lite.sv Line: 275
Info (12021): Found 0 design units, including 0 entities, in source file /home/victor/pulp_shared_vm/pulp_box/pulpissimo/ips/axi/axi/src/axi_to_axi_lite.sv
Error (10054): Verilog HDL File I/O error at axi_lite_xbar.sv(17): can't open Verilog Design File "axi/typedef.svh" File: /home/victor/pulp_shared_vm/pulp_box/pulpissimo/ips/axi/axi/src/axi_lite_xbar.sv Line: 17
Error (10170): Verilog HDL syntax error at axi_lite_xbar.sv(21) near text: "type";  expecting an identifier ("type" is a reserved keyword ). Check for and fix any syntax errors that appear immediately before or at the specified keyword. The Intel FPGA Knowledge Database contains many articles with specific details on how to resolve this error. Visit the Knowledge Database at https://www.altera.com/support/support-resources/knowledge-base/search.html and search for this specific error message number. File: /home/victor/pulp_shared_vm/pulp_box/pulpissimo/ips/axi/axi/src/axi_lite_xbar.sv Line: 21
Critical Warning (10191): Verilog HDL Compiler Directive warning at axi_lite_xbar.sv(51): text macro "AXI_TYPEDEF_AW_CHAN_T" is undefined File: /home/victor/pulp_shared_vm/pulp_box/pulpissimo/ips/axi/axi/src/axi_lite_xbar.sv Line: 51
Error (10170): Verilog HDL syntax error at axi_lite_xbar.sv(51) near text: "(";  expecting "endmodule". Check for and fix any syntax errors that appear immediately before or at the specified keyword. The Intel FPGA Knowledge Database contains many articles with specific details on how to resolve this error. Visit the Knowledge Database at https://www.altera.com/support/support-resources/knowledge-base/search.html and search for this specific error message number. File: /home/victor/pulp_shared_vm/pulp_box/pulpissimo/ips/axi/axi/src/axi_lite_xbar.sv Line: 51
Error (10149): Verilog HDL Declaration error at axi_lite_xbar.sv(51): identifier "addr_t" is already declared in the present scope File: /home/victor/pulp_shared_vm/pulp_box/pulpissimo/ips/axi/axi/src/axi_lite_xbar.sv Line: 51
Error (10170): Verilog HDL syntax error at axi_lite_xbar.sv(51) near text: "logic";  expecting an identifier ("logic" is a reserved keyword ). Check for and fix any syntax errors that appear immediately before or at the specified keyword. The Intel FPGA Knowledge Database contains many articles with specific details on how to resolve this error. Visit the Knowledge Database at https://www.altera.com/support/support-resources/knowledge-base/search.html and search for this specific error message number. File: /home/victor/pulp_shared_vm/pulp_box/pulpissimo/ips/axi/axi/src/axi_lite_xbar.sv Line: 51
Critical Warning (10191): Verilog HDL Compiler Directive warning at axi_lite_xbar.sv(52): text macro "AXI_TYPEDEF_W_CHAN_T" is undefined File: /home/victor/pulp_shared_vm/pulp_box/pulpissimo/ips/axi/axi/src/axi_lite_xbar.sv Line: 52
Error (10149): Verilog HDL Declaration error at axi_lite_xbar.sv(52): identifier "data_t" is already declared in the present scope File: /home/victor/pulp_shared_vm/pulp_box/pulpissimo/ips/axi/axi/src/axi_lite_xbar.sv Line: 52
Error (10149): Verilog HDL Declaration error at axi_lite_xbar.sv(52): identifier "strb_t" is already declared in the present scope File: /home/victor/pulp_shared_vm/pulp_box/pulpissimo/ips/axi/axi/src/axi_lite_xbar.sv Line: 52
Error (10170): Verilog HDL syntax error at axi_lite_xbar.sv(52) near text: "logic";  expecting an identifier ("logic" is a reserved keyword ). Check for and fix any syntax errors that appear immediately before or at the specified keyword. The Intel FPGA Knowledge Database contains many articles with specific details on how to resolve this error. Visit the Knowledge Database at https://www.altera.com/support/support-resources/knowledge-base/search.html and search for this specific error message number. File: /home/victor/pulp_shared_vm/pulp_box/pulpissimo/ips/axi/axi/src/axi_lite_xbar.sv Line: 52
Critical Warning (10191): Verilog HDL Compiler Directive warning at axi_lite_xbar.sv(53): text macro "AXI_TYPEDEF_B_CHAN_T" is undefined File: /home/victor/pulp_shared_vm/pulp_box/pulpissimo/ips/axi/axi/src/axi_lite_xbar.sv Line: 53
Critical Warning (10191): Verilog HDL Compiler Directive warning at axi_lite_xbar.sv(54): text macro "AXI_TYPEDEF_AR_CHAN_T" is undefined File: /home/victor/pulp_shared_vm/pulp_box/pulpissimo/ips/axi/axi/src/axi_lite_xbar.sv Line: 54
Error (10149): Verilog HDL Declaration error at axi_lite_xbar.sv(54): identifier "addr_t" is already declared in the present scope File: /home/victor/pulp_shared_vm/pulp_box/pulpissimo/ips/axi/axi/src/axi_lite_xbar.sv Line: 54
Error (10170): Verilog HDL syntax error at axi_lite_xbar.sv(54) near text: "logic";  expecting an identifier ("logic" is a reserved keyword ). Check for and fix any syntax errors that appear immediately before or at the specified keyword. The Intel FPGA Knowledge Database contains many articles with specific details on how to resolve this error. Visit the Knowledge Database at https://www.altera.com/support/support-resources/knowledge-base/search.html and search for this specific error message number. File: /home/victor/pulp_shared_vm/pulp_box/pulpissimo/ips/axi/axi/src/axi_lite_xbar.sv Line: 54
Critical Warning (10191): Verilog HDL Compiler Directive warning at axi_lite_xbar.sv(55): text macro "AXI_TYPEDEF_R_CHAN_T" is undefined File: /home/victor/pulp_shared_vm/pulp_box/pulpissimo/ips/axi/axi/src/axi_lite_xbar.sv Line: 55
Error (10149): Verilog HDL Declaration error at axi_lite_xbar.sv(55): identifier "data_t" is already declared in the present scope File: /home/victor/pulp_shared_vm/pulp_box/pulpissimo/ips/axi/axi/src/axi_lite_xbar.sv Line: 55
Error (10170): Verilog HDL syntax error at axi_lite_xbar.sv(55) near text: "logic";  expecting an identifier ("logic" is a reserved keyword ). Check for and fix any syntax errors that appear immediately before or at the specified keyword. The Intel FPGA Knowledge Database contains many articles with specific details on how to resolve this error. Visit the Knowledge Database at https://www.altera.com/support/support-resources/knowledge-base/search.html and search for this specific error message number. File: /home/victor/pulp_shared_vm/pulp_box/pulpissimo/ips/axi/axi/src/axi_lite_xbar.sv Line: 55
Critical Warning (10191): Verilog HDL Compiler Directive warning at axi_lite_xbar.sv(56): text macro "AXI_TYPEDEF_REQ_T" is undefined File: /home/victor/pulp_shared_vm/pulp_box/pulpissimo/ips/axi/axi/src/axi_lite_xbar.sv Line: 56
Error (10170): Verilog HDL syntax error at axi_lite_xbar.sv(56) near text: ")";  expecting ";". Check for and fix any syntax errors that appear immediately before or at the specified keyword. The Intel FPGA Knowledge Database contains many articles with specific details on how to resolve this error. Visit the Knowledge Database at https://www.altera.com/support/support-resources/knowledge-base/search.html and search for this specific error message number. File: /home/victor/pulp_shared_vm/pulp_box/pulpissimo/ips/axi/axi/src/axi_lite_xbar.sv Line: 56
Critical Warning (10191): Verilog HDL Compiler Directive warning at axi_lite_xbar.sv(57): text macro "AXI_TYPEDEF_RESP_T" is undefined File: /home/victor/pulp_shared_vm/pulp_box/pulpissimo/ips/axi/axi/src/axi_lite_xbar.sv Line: 57
Error (10170): Verilog HDL syntax error at axi_lite_xbar.sv(57) near text: ")";  expecting ";". Check for and fix any syntax errors that appear immediately before or at the specified keyword. The Intel FPGA Knowledge Database contains many articles with specific details on how to resolve this error. Visit the Knowledge Database at https://www.altera.com/support/support-resources/knowledge-base/search.html and search for this specific error message number. File: /home/victor/pulp_shared_vm/pulp_box/pulpissimo/ips/axi/axi/src/axi_lite_xbar.sv Line: 57
Error (10170): Verilog HDL syntax error at axi_lite_xbar.sv(67) near text: "for";  expecting "endmodule". Check for and fix any syntax errors that appear immediately before or at the specified keyword. The Intel FPGA Knowledge Database contains many articles with specific details on how to resolve this error. Visit the Knowledge Database at https://www.altera.com/support/support-resources/knowledge-base/search.html and search for this specific error message number. File: /home/victor/pulp_shared_vm/pulp_box/pulpissimo/ips/axi/axi/src/axi_lite_xbar.sv Line: 67
Error (10170): Verilog HDL syntax error at axi_lite_xbar.sv(198) near text: "end";  expecting "endmodule". Check for and fix any syntax errors that appear immediately before or at the specified keyword. The Intel FPGA Knowledge Database contains many articles with specific details on how to resolve this error. Visit the Knowledge Database at https://www.altera.com/support/support-resources/knowledge-base/search.html and search for this specific error message number. File: /home/victor/pulp_shared_vm/pulp_box/pulpissimo/ips/axi/axi/src/axi_lite_xbar.sv Line: 198
Error (10149): Verilog HDL Declaration error at axi_lite_xbar.sv(201): identifier "i" is already declared in the present scope File: /home/victor/pulp_shared_vm/pulp_box/pulpissimo/ips/axi/axi/src/axi_lite_xbar.sv Line: 201
Error (10170): Verilog HDL syntax error at axi_lite_xbar.sv(205) near text: "end";  expecting "endmodule". Check for and fix any syntax errors that appear immediately before or at the specified keyword. The Intel FPGA Knowledge Database contains many articles with specific details on how to resolve this error. Visit the Knowledge Database at https://www.altera.com/support/support-resources/knowledge-base/search.html and search for this specific error message number. File: /home/victor/pulp_shared_vm/pulp_box/pulpissimo/ips/axi/axi/src/axi_lite_xbar.sv Line: 205
Error (10149): Verilog HDL Declaration error at axi_lite_xbar.sv(208): identifier "i" is already declared in the present scope File: /home/victor/pulp_shared_vm/pulp_box/pulpissimo/ips/axi/axi/src/axi_lite_xbar.sv Line: 208
Info (12021): Found 0 design units, including 0 entities, in source file /home/victor/pulp_shared_vm/pulp_box/pulpissimo/ips/axi/axi/src/axi_lite_xbar.sv
Error (10170): Verilog HDL syntax error at axi_xbar.sv(17) near text: "type";  expecting an identifier ("type" is a reserved keyword ). Check for and fix any syntax errors that appear immediately before or at the specified keyword. The Intel FPGA Knowledge Database contains many articles with specific details on how to resolve this error. Visit the Knowledge Database at https://www.altera.com/support/support-resources/knowledge-base/search.html and search for this specific error message number. File: /home/victor/pulp_shared_vm/pulp_box/pulpissimo/ips/axi/axi/src/axi_xbar.sv Line: 17
Error (10170): Verilog HDL syntax error at axi_xbar.sv(56) near text: "for";  expecting "endmodule". Check for and fix any syntax errors that appear immediately before or at the specified keyword. The Intel FPGA Knowledge Database contains many articles with specific details on how to resolve this error. Visit the Knowledge Database at https://www.altera.com/support/support-resources/knowledge-base/search.html and search for this specific error message number. File: /home/victor/pulp_shared_vm/pulp_box/pulpissimo/ips/axi/axi/src/axi_xbar.sv Line: 56
Error (10170): Verilog HDL syntax error at axi_xbar.sv(170) near text: "end";  expecting "endmodule". Check for and fix any syntax errors that appear immediately before or at the specified keyword. The Intel FPGA Knowledge Database contains many articles with specific details on how to resolve this error. Visit the Knowledge Database at https://www.altera.com/support/support-resources/knowledge-base/search.html and search for this specific error message number. File: /home/victor/pulp_shared_vm/pulp_box/pulpissimo/ips/axi/axi/src/axi_xbar.sv Line: 170
Error (10149): Verilog HDL Declaration error at axi_xbar.sv(173): identifier "i" is already declared in the present scope File: /home/victor/pulp_shared_vm/pulp_box/pulpissimo/ips/axi/axi/src/axi_xbar.sv Line: 173
Error (10170): Verilog HDL syntax error at axi_xbar.sv(177) near text: "end";  expecting "endmodule". Check for and fix any syntax errors that appear immediately before or at the specified keyword. The Intel FPGA Knowledge Database contains many articles with specific details on how to resolve this error. Visit the Knowledge Database at https://www.altera.com/support/support-resources/knowledge-base/search.html and search for this specific error message number. File: /home/victor/pulp_shared_vm/pulp_box/pulpissimo/ips/axi/axi/src/axi_xbar.sv Line: 177
Error (10149): Verilog HDL Declaration error at axi_xbar.sv(180): identifier "i" is already declared in the present scope File: /home/victor/pulp_shared_vm/pulp_box/pulpissimo/ips/axi/axi/src/axi_xbar.sv Line: 180
Error (10054): Verilog HDL File I/O error at axi_xbar.sv(227): can't open Verilog Design File "axi/assign.svh" File: /home/victor/pulp_shared_vm/pulp_box/pulpissimo/ips/axi/axi/src/axi_xbar.sv Line: 227
Error (10054): Verilog HDL File I/O error at axi_xbar.sv(228): can't open Verilog Design File "axi/typedef.svh" File: /home/victor/pulp_shared_vm/pulp_box/pulpissimo/ips/axi/axi/src/axi_xbar.sv Line: 228
Error (10112): Ignored design unit "axi_xbar" at axi_xbar.sv(15) due to previous errors File: /home/victor/pulp_shared_vm/pulp_box/pulpissimo/ips/axi/axi/src/axi_xbar.sv Line: 15
Error (10170): Verilog HDL syntax error at axi_xbar.sv(233) near text: "type";  expecting an identifier ("type" is a reserved keyword ). Check for and fix any syntax errors that appear immediately before or at the specified keyword. The Intel FPGA Knowledge Database contains many articles with specific details on how to resolve this error. Visit the Knowledge Database at https://www.altera.com/support/support-resources/knowledge-base/search.html and search for this specific error message number. File: /home/victor/pulp_shared_vm/pulp_box/pulpissimo/ips/axi/axi/src/axi_xbar.sv Line: 233
Critical Warning (10191): Verilog HDL Compiler Directive warning at axi_xbar.sv(254): text macro "AXI_TYPEDEF_AW_CHAN_T" is undefined File: /home/victor/pulp_shared_vm/pulp_box/pulpissimo/ips/axi/axi/src/axi_xbar.sv Line: 254
Error (10170): Verilog HDL syntax error at axi_xbar.sv(254) near text: "(";  expecting "endmodule". Check for and fix any syntax errors that appear immediately before or at the specified keyword. The Intel FPGA Knowledge Database contains many articles with specific details on how to resolve this error. Visit the Knowledge Database at https://www.altera.com/support/support-resources/knowledge-base/search.html and search for this specific error message number. File: /home/victor/pulp_shared_vm/pulp_box/pulpissimo/ips/axi/axi/src/axi_xbar.sv Line: 254
Error (10149): Verilog HDL Declaration error at axi_xbar.sv(254): identifier "addr_t" is already declared in the present scope File: /home/victor/pulp_shared_vm/pulp_box/pulpissimo/ips/axi/axi/src/axi_xbar.sv Line: 254
Error (10149): Verilog HDL Declaration error at axi_xbar.sv(254): identifier "id_mst_t" is already declared in the present scope File: /home/victor/pulp_shared_vm/pulp_box/pulpissimo/ips/axi/axi/src/axi_xbar.sv Line: 254
Error (10149): Verilog HDL Declaration error at axi_xbar.sv(254): identifier "user_t" is already declared in the present scope File: /home/victor/pulp_shared_vm/pulp_box/pulpissimo/ips/axi/axi/src/axi_xbar.sv Line: 254
Error (10170): Verilog HDL syntax error at axi_xbar.sv(254) near text: ")";  expecting ";". Check for and fix any syntax errors that appear immediately before or at the specified keyword. The Intel FPGA Knowledge Database contains many articles with specific details on how to resolve this error. Visit the Knowledge Database at https://www.altera.com/support/support-resources/knowledge-base/search.html and search for this specific error message number. File: /home/victor/pulp_shared_vm/pulp_box/pulpissimo/ips/axi/axi/src/axi_xbar.sv Line: 254
Error (10149): Verilog HDL Declaration error at axi_xbar.sv(255): identifier "addr_t" is already declared in the present scope File: /home/victor/pulp_shared_vm/pulp_box/pulpissimo/ips/axi/axi/src/axi_xbar.sv Line: 255
Error (10149): Verilog HDL Declaration error at axi_xbar.sv(255): identifier "id_slv_t" is already declared in the present scope File: /home/victor/pulp_shared_vm/pulp_box/pulpissimo/ips/axi/axi/src/axi_xbar.sv Line: 255
Error (10149): Verilog HDL Declaration error at axi_xbar.sv(255): identifier "user_t" is already declared in the present scope File: /home/victor/pulp_shared_vm/pulp_box/pulpissimo/ips/axi/axi/src/axi_xbar.sv Line: 255
Error (10170): Verilog HDL syntax error at axi_xbar.sv(255) near text: ")";  expecting ";". Check for and fix any syntax errors that appear immediately before or at the specified keyword. The Intel FPGA Knowledge Database contains many articles with specific details on how to resolve this error. Visit the Knowledge Database at https://www.altera.com/support/support-resources/knowledge-base/search.html and search for this specific error message number. File: /home/victor/pulp_shared_vm/pulp_box/pulpissimo/ips/axi/axi/src/axi_xbar.sv Line: 255
Critical Warning (10191): Verilog HDL Compiler Directive warning at axi_xbar.sv(256): text macro "AXI_TYPEDEF_W_CHAN_T" is undefined File: /home/victor/pulp_shared_vm/pulp_box/pulpissimo/ips/axi/axi/src/axi_xbar.sv Line: 256
Info (12021): Found 0 design units, including 0 entities, in source file /home/victor/pulp_shared_vm/pulp_box/pulpissimo/ips/axi/axi/src/axi_xbar.sv
Info (12021): Found 1 design units, including 1 entities, in source file /home/victor/pulp_shared_vm/pulp_box/pulpissimo/ips/axi/axi_slice/src/axi_single_slice.sv
    Info (12023): Found entity 1: axi_single_slice File: /home/victor/pulp_shared_vm/pulp_box/pulpissimo/ips/axi/axi_slice/src/axi_single_slice.sv Line: 12
Info (12021): Found 1 design units, including 1 entities, in source file /home/victor/pulp_shared_vm/pulp_box/pulpissimo/ips/axi/axi_slice/src/axi_ar_buffer.sv
    Info (12023): Found entity 1: axi_ar_buffer File: /home/victor/pulp_shared_vm/pulp_box/pulpissimo/ips/axi/axi_slice/src/axi_ar_buffer.sv Line: 13
Info (12021): Found 1 design units, including 1 entities, in source file /home/victor/pulp_shared_vm/pulp_box/pulpissimo/ips/axi/axi_slice/src/axi_aw_buffer.sv
    Info (12023): Found entity 1: axi_aw_buffer File: /home/victor/pulp_shared_vm/pulp_box/pulpissimo/ips/axi/axi_slice/src/axi_aw_buffer.sv Line: 13
Info (12021): Found 1 design units, including 1 entities, in source file /home/victor/pulp_shared_vm/pulp_box/pulpissimo/ips/axi/axi_slice/src/axi_b_buffer.sv
    Info (12023): Found entity 1: axi_b_buffer File: /home/victor/pulp_shared_vm/pulp_box/pulpissimo/ips/axi/axi_slice/src/axi_b_buffer.sv Line: 13
Info (12021): Found 1 design units, including 1 entities, in source file /home/victor/pulp_shared_vm/pulp_box/pulpissimo/ips/axi/axi_slice/src/axi_r_buffer.sv
    Info (12023): Found entity 1: axi_r_buffer File: /home/victor/pulp_shared_vm/pulp_box/pulpissimo/ips/axi/axi_slice/src/axi_r_buffer.sv Line: 13
Info (12021): Found 1 design units, including 1 entities, in source file /home/victor/pulp_shared_vm/pulp_box/pulpissimo/ips/axi/axi_slice/src/axi_slice.sv
    Info (12023): Found entity 1: axi_slice File: /home/victor/pulp_shared_vm/pulp_box/pulpissimo/ips/axi/axi_slice/src/axi_slice.sv Line: 13
Info (12021): Found 1 design units, including 1 entities, in source file /home/victor/pulp_shared_vm/pulp_box/pulpissimo/ips/axi/axi_slice/src/axi_w_buffer.sv
    Info (12023): Found entity 1: axi_w_buffer File: /home/victor/pulp_shared_vm/pulp_box/pulpissimo/ips/axi/axi_slice/src/axi_w_buffer.sv Line: 13
Info (12021): Found 1 design units, including 1 entities, in source file /home/victor/pulp_shared_vm/pulp_box/pulpissimo/ips/axi/axi_slice/src/axi_slice_wrap.sv
    Info (12023): Found entity 1: axi_slice_wrap File: /home/victor/pulp_shared_vm/pulp_box/pulpissimo/ips/axi/axi_slice/src/axi_slice_wrap.sv Line: 1
Info (12021): Found 1 design units, including 1 entities, in source file /home/victor/pulp_shared_vm/pulp_box/pulpissimo/ips/axi/axi_slice_dc/src/axi_slice_dc_master.sv
    Info (12023): Found entity 1: axi_slice_dc_master File: /home/victor/pulp_shared_vm/pulp_box/pulpissimo/ips/axi/axi_slice_dc/src/axi_slice_dc_master.sv Line: 11
Info (12021): Found 1 design units, including 1 entities, in source file /home/victor/pulp_shared_vm/pulp_box/pulpissimo/ips/axi/axi_slice_dc/src/axi_slice_dc_slave.sv
    Info (12023): Found entity 1: axi_slice_dc_slave File: /home/victor/pulp_shared_vm/pulp_box/pulpissimo/ips/axi/axi_slice_dc/src/axi_slice_dc_slave.sv Line: 11
Info (12021): Found 1 design units, including 1 entities, in source file /home/victor/pulp_shared_vm/pulp_box/pulpissimo/ips/axi/axi_slice_dc/src/dc_data_buffer.sv
    Info (12023): Found entity 1: dc_data_buffer File: /home/victor/pulp_shared_vm/pulp_box/pulpissimo/ips/axi/axi_slice_dc/src/dc_data_buffer.sv Line: 11
Info (12021): Found 1 design units, including 1 entities, in source file /home/victor/pulp_shared_vm/pulp_box/pulpissimo/ips/axi/axi_slice_dc/src/dc_full_detector.v
    Info (12023): Found entity 1: dc_full_detector File: /home/victor/pulp_shared_vm/pulp_box/pulpissimo/ips/axi/axi_slice_dc/src/dc_full_detector.v Line: 11
Info (12021): Found 1 design units, including 1 entities, in source file /home/victor/pulp_shared_vm/pulp_box/pulpissimo/ips/axi/axi_slice_dc/src/dc_synchronizer.v
    Info (12023): Found entity 1: dc_synchronizer File: /home/victor/pulp_shared_vm/pulp_box/pulpissimo/ips/axi/axi_slice_dc/src/dc_synchronizer.v Line: 11
Info (12021): Found 1 design units, including 1 entities, in source file /home/victor/pulp_shared_vm/pulp_box/pulpissimo/ips/axi/axi_slice_dc/src/dc_token_ring_fifo_din.v
    Info (12023): Found entity 1: dc_token_ring_fifo_din File: /home/victor/pulp_shared_vm/pulp_box/pulpissimo/ips/axi/axi_slice_dc/src/dc_token_ring_fifo_din.v Line: 11
Info (12021): Found 1 design units, including 1 entities, in source file /home/victor/pulp_shared_vm/pulp_box/pulpissimo/ips/axi/axi_slice_dc/src/dc_token_ring_fifo_dout.v
    Info (12023): Found entity 1: dc_token_ring_fifo_dout File: /home/victor/pulp_shared_vm/pulp_box/pulpissimo/ips/axi/axi_slice_dc/src/dc_token_ring_fifo_dout.v Line: 11
Info (12021): Found 1 design units, including 1 entities, in source file /home/victor/pulp_shared_vm/pulp_box/pulpissimo/ips/axi/axi_slice_dc/src/dc_token_ring.v
    Info (12023): Found entity 1: dc_token_ring File: /home/victor/pulp_shared_vm/pulp_box/pulpissimo/ips/axi/axi_slice_dc/src/dc_token_ring.v Line: 11
Info (12021): Found 1 design units, including 1 entities, in source file /home/victor/pulp_shared_vm/pulp_box/pulpissimo/ips/axi/axi_slice_dc/src/axi_slice_dc_master_wrap.sv
    Info (12023): Found entity 1: axi_slice_dc_master_wrap File: /home/victor/pulp_shared_vm/pulp_box/pulpissimo/ips/axi/axi_slice_dc/src/axi_slice_dc_master_wrap.sv Line: 33
Info (12021): Found 1 design units, including 1 entities, in source file /home/victor/pulp_shared_vm/pulp_box/pulpissimo/ips/axi/axi_slice_dc/src/axi_slice_dc_slave_wrap.sv
    Info (12023): Found entity 1: axi_slice_dc_slave_wrap File: /home/victor/pulp_shared_vm/pulp_box/pulpissimo/ips/axi/axi_slice_dc/src/axi_slice_dc_slave_wrap.sv Line: 11
Info (12021): Found 1 design units, including 1 entities, in source file /home/victor/pulp_shared_vm/pulp_box/pulpissimo/ips/timer_unit/rtl/timer_unit.sv
    Info (12023): Found entity 1: timer_unit File: /home/victor/pulp_shared_vm/pulp_box/pulpissimo/ips/timer_unit/rtl/timer_unit.sv Line: 37
Info (12021): Found 1 design units, including 1 entities, in source file /home/victor/pulp_shared_vm/pulp_box/pulpissimo/ips/timer_unit/rtl/timer_unit_counter.sv
    Info (12023): Found entity 1: timer_unit_counter File: /home/victor/pulp_shared_vm/pulp_box/pulpissimo/ips/timer_unit/rtl/timer_unit_counter.sv Line: 13
Info (12021): Found 1 design units, including 1 entities, in source file /home/victor/pulp_shared_vm/pulp_box/pulpissimo/ips/timer_unit/rtl/timer_unit_counter_presc.sv
    Info (12023): Found entity 1: timer_unit_counter_presc File: /home/victor/pulp_shared_vm/pulp_box/pulpissimo/ips/timer_unit/rtl/timer_unit_counter_presc.sv Line: 13
Info (12021): Found 1 design units, including 0 entities, in source file /home/victor/pulp_shared_vm/pulp_box/pulpissimo/ips/fpu_div_sqrt_mvp/hdl/defs_div_sqrt_mvp.sv
    Info (12022): Found design unit 1: defs_div_sqrt_mvp (SystemVerilog) File: /home/victor/pulp_shared_vm/pulp_box/pulpissimo/ips/fpu_div_sqrt_mvp/hdl/defs_div_sqrt_mvp.sv Line: 14
Error (10644): Verilog HDL error at control_mvp.sv(2344): this block requires a name File: /home/victor/pulp_shared_vm/pulp_box/pulpissimo/ips/fpu_div_sqrt_mvp/hdl/control_mvp.sv Line: 2344
Error (10644): Verilog HDL error at control_mvp.sv(2342): this block requires a name File: /home/victor/pulp_shared_vm/pulp_box/pulpissimo/ips/fpu_div_sqrt_mvp/hdl/control_mvp.sv Line: 2342
Error (10112): Ignored design unit "control_mvp" at control_mvp.sv(43) due to previous errors File: /home/victor/pulp_shared_vm/pulp_box/pulpissimo/ips/fpu_div_sqrt_mvp/hdl/control_mvp.sv Line: 43
Info (12021): Found 0 design units, including 0 entities, in source file /home/victor/pulp_shared_vm/pulp_box/pulpissimo/ips/fpu_div_sqrt_mvp/hdl/control_mvp.sv
Info (12021): Found 1 design units, including 1 entities, in source file /home/victor/pulp_shared_vm/pulp_box/pulpissimo/ips/fpu_div_sqrt_mvp/hdl/div_sqrt_mvp_wrapper.sv
    Info (12023): Found entity 1: div_sqrt_mvp_wrapper File: /home/victor/pulp_shared_vm/pulp_box/pulpissimo/ips/fpu_div_sqrt_mvp/hdl/div_sqrt_mvp_wrapper.sv Line: 41
Info (12021): Found 1 design units, including 1 entities, in source file /home/victor/pulp_shared_vm/pulp_box/pulpissimo/ips/fpu_div_sqrt_mvp/hdl/div_sqrt_top_mvp.sv
    Info (12023): Found entity 1: div_sqrt_top_mvp File: /home/victor/pulp_shared_vm/pulp_box/pulpissimo/ips/fpu_div_sqrt_mvp/hdl/div_sqrt_top_mvp.sv Line: 37
Info (12021): Found 1 design units, including 1 entities, in source file /home/victor/pulp_shared_vm/pulp_box/pulpissimo/ips/fpu_div_sqrt_mvp/hdl/iteration_div_sqrt_mvp.sv
    Info (12023): Found entity 1: iteration_div_sqrt_mvp File: /home/victor/pulp_shared_vm/pulp_box/pulpissimo/ips/fpu_div_sqrt_mvp/hdl/iteration_div_sqrt_mvp.sv Line: 32
Info (12021): Found 1 design units, including 1 entities, in source file /home/victor/pulp_shared_vm/pulp_box/pulpissimo/ips/fpu_div_sqrt_mvp/hdl/norm_div_sqrt_mvp.sv
    Info (12023): Found entity 1: norm_div_sqrt_mvp File: /home/victor/pulp_shared_vm/pulp_box/pulpissimo/ips/fpu_div_sqrt_mvp/hdl/norm_div_sqrt_mvp.sv Line: 46
Info (12021): Found 1 design units, including 1 entities, in source file /home/victor/pulp_shared_vm/pulp_box/pulpissimo/ips/fpu_div_sqrt_mvp/hdl/nrbd_nrsc_mvp.sv
    Info (12023): Found entity 1: nrbd_nrsc_mvp File: /home/victor/pulp_shared_vm/pulp_box/pulpissimo/ips/fpu_div_sqrt_mvp/hdl/nrbd_nrsc_mvp.sv Line: 36
Info (12021): Found 1 design units, including 1 entities, in source file /home/victor/pulp_shared_vm/pulp_box/pulpissimo/ips/fpu_div_sqrt_mvp/hdl/preprocess_mvp.sv
    Info (12023): Found entity 1: preprocess_mvp File: /home/victor/pulp_shared_vm/pulp_box/pulpissimo/ips/fpu_div_sqrt_mvp/hdl/preprocess_mvp.sv Line: 37
Info (12021): Found 1 design units, including 0 entities, in source file /home/victor/pulp_shared_vm/pulp_box/pulpissimo/ips/fpnew/src/fpnew_pkg.sv
    Info (12022): Found design unit 1: fpnew_pkg (SystemVerilog) File: /home/victor/pulp_shared_vm/pulp_box/pulpissimo/ips/fpnew/src/fpnew_pkg.sv Line: 14
Error (10054): Verilog HDL File I/O error at fpnew_cast_multi.sv(14): can't open Verilog Design File "common_cells/registers.svh" File: /home/victor/pulp_shared_vm/pulp_box/pulpissimo/ips/fpnew/src/fpnew_cast_multi.sv Line: 14
Error (10170): Verilog HDL syntax error at fpnew_cast_multi.sv(22) near text: "type";  expecting an identifier ("type" is a reserved keyword ). Check for and fix any syntax errors that appear immediately before or at the specified keyword. The Intel FPGA Knowledge Database contains many articles with specific details on how to resolve this error. Visit the Knowledge Database at https://www.altera.com/support/support-resources/knowledge-base/search.html and search for this specific error message number. File: /home/victor/pulp_shared_vm/pulp_box/pulpissimo/ips/fpnew/src/fpnew_cast_multi.sv Line: 22
Info (12021): Found 0 design units, including 0 entities, in source file /home/victor/pulp_shared_vm/pulp_box/pulpissimo/ips/fpnew/src/fpnew_cast_multi.sv
Error (10170): Verilog HDL syntax error at fpnew_classifier.sv(18) near text: "localparam";  expecting an identifier ("localparam" is a reserved keyword ). Check for and fix any syntax errors that appear immediately before or at the specified keyword. The Intel FPGA Knowledge Database contains many articles with specific details on how to resolve this error. Visit the Knowledge Database at https://www.altera.com/support/support-resources/knowledge-base/search.html and search for this specific error message number. File: /home/victor/pulp_shared_vm/pulp_box/pulpissimo/ips/fpnew/src/fpnew_classifier.sv Line: 18
Info (12021): Found 0 design units, including 0 entities, in source file /home/victor/pulp_shared_vm/pulp_box/pulpissimo/ips/fpnew/src/fpnew_classifier.sv
Error (10054): Verilog HDL File I/O error at fpnew_divsqrt_multi.sv(14): can't open Verilog Design File "common_cells/registers.svh" File: /home/victor/pulp_shared_vm/pulp_box/pulpissimo/ips/fpnew/src/fpnew_divsqrt_multi.sv Line: 14
Error (10170): Verilog HDL syntax error at fpnew_divsqrt_multi.sv(21) near text: "type";  expecting an identifier ("type" is a reserved keyword ). Check for and fix any syntax errors that appear immediately before or at the specified keyword. The Intel FPGA Knowledge Database contains many articles with specific details on how to resolve this error. Visit the Knowledge Database at https://www.altera.com/support/support-resources/knowledge-base/search.html and search for this specific error message number. File: /home/victor/pulp_shared_vm/pulp_box/pulpissimo/ips/fpnew/src/fpnew_divsqrt_multi.sv Line: 21
Info (12021): Found 0 design units, including 0 entities, in source file /home/victor/pulp_shared_vm/pulp_box/pulpissimo/ips/fpnew/src/fpnew_divsqrt_multi.sv
Error (10054): Verilog HDL File I/O error at fpnew_fma_multi.sv(14): can't open Verilog Design File "common_cells/registers.svh" File: /home/victor/pulp_shared_vm/pulp_box/pulpissimo/ips/fpnew/src/fpnew_fma_multi.sv Line: 14
Error (10170): Verilog HDL syntax error at fpnew_fma_multi.sv(20) near text: "type";  expecting an identifier ("type" is a reserved keyword ). Check for and fix any syntax errors that appear immediately before or at the specified keyword. The Intel FPGA Knowledge Database contains many articles with specific details on how to resolve this error. Visit the Knowledge Database at https://www.altera.com/support/support-resources/knowledge-base/search.html and search for this specific error message number. File: /home/victor/pulp_shared_vm/pulp_box/pulpissimo/ips/fpnew/src/fpnew_fma_multi.sv Line: 20
Info (12021): Found 0 design units, including 0 entities, in source file /home/victor/pulp_shared_vm/pulp_box/pulpissimo/ips/fpnew/src/fpnew_fma_multi.sv
Error (10054): Verilog HDL File I/O error at fpnew_noncomp.sv(14): can't open Verilog Design File "common_cells/registers.svh" File: /home/victor/pulp_shared_vm/pulp_box/pulpissimo/ips/fpnew/src/fpnew_noncomp.sv Line: 14
Error (10170): Verilog HDL syntax error at fpnew_noncomp.sv(20) near text: "type";  expecting an identifier ("type" is a reserved keyword ). Check for and fix any syntax errors that appear immediately before or at the specified keyword. The Intel FPGA Knowledge Database contains many articles with specific details on how to resolve this error. Visit the Knowledge Database at https://www.altera.com/support/support-resources/knowledge-base/search.html and search for this specific error message number. File: /home/victor/pulp_shared_vm/pulp_box/pulpissimo/ips/fpnew/src/fpnew_noncomp.sv Line: 20
Info (12021): Found 0 design units, including 0 entities, in source file /home/victor/pulp_shared_vm/pulp_box/pulpissimo/ips/fpnew/src/fpnew_noncomp.sv
Error (10170): Verilog HDL syntax error at fpnew_opgroup_block.sv(24) near text: "type";  expecting an identifier ("type" is a reserved keyword ). Check for and fix any syntax errors that appear immediately before or at the specified keyword. The Intel FPGA Knowledge Database contains many articles with specific details on how to resolve this error. Visit the Knowledge Database at https://www.altera.com/support/support-resources/knowledge-base/search.html and search for this specific error message number. File: /home/victor/pulp_shared_vm/pulp_box/pulpissimo/ips/fpnew/src/fpnew_opgroup_block.sv Line: 24
Info (12021): Found 0 design units, including 0 entities, in source file /home/victor/pulp_shared_vm/pulp_box/pulpissimo/ips/fpnew/src/fpnew_opgroup_block.sv
Error (10170): Verilog HDL syntax error at fpnew_opgroup_fmt_slice.sv(22) near text: "type";  expecting an identifier ("type" is a reserved keyword ). Check for and fix any syntax errors that appear immediately before or at the specified keyword. The Intel FPGA Knowledge Database contains many articles with specific details on how to resolve this error. Visit the Knowledge Database at https://www.altera.com/support/support-resources/knowledge-base/search.html and search for this specific error message number. File: /home/victor/pulp_shared_vm/pulp_box/pulpissimo/ips/fpnew/src/fpnew_opgroup_fmt_slice.sv Line: 22
Info (12021): Found 0 design units, including 0 entities, in source file /home/victor/pulp_shared_vm/pulp_box/pulpissimo/ips/fpnew/src/fpnew_opgroup_fmt_slice.sv
Info (12021): Found 1 design units, including 1 entities, in source file /home/victor/pulp_shared_vm/pulp_box/pulpissimo/ips/fpnew/src/fpnew_rounding.sv
    Info (12023): Found entity 1: fpnew_rounding File: /home/victor/pulp_shared_vm/pulp_box/pulpissimo/ips/fpnew/src/fpnew_rounding.sv Line: 14
Info (12021): Found 1 design units, including 1 entities, in source file /home/victor/pulp_shared_vm/pulp_box/pulpissimo/ips/jtag_pulp/src/bscell.sv
    Info (12023): Found entity 1: bscell File: /home/victor/pulp_shared_vm/pulp_box/pulpissimo/ips/jtag_pulp/src/bscell.sv Line: 11
Info (12021): Found 1 design units, including 1 entities, in source file /home/victor/pulp_shared_vm/pulp_box/pulpissimo/ips/jtag_pulp/src/jtag_axi_wrap.sv
    Info (12023): Found entity 1: jtag_axi_wrap File: /home/victor/pulp_shared_vm/pulp_box/pulpissimo/ips/jtag_pulp/src/jtag_axi_wrap.sv Line: 12
Info (12021): Found 1 design units, including 1 entities, in source file /home/victor/pulp_shared_vm/pulp_box/pulpissimo/ips/jtag_pulp/src/jtag_enable.sv
    Info (12023): Found entity 1: jtag_enable File: /home/victor/pulp_shared_vm/pulp_box/pulpissimo/ips/jtag_pulp/src/jtag_enable.sv Line: 1
Info (12021): Found 1 design units, including 1 entities, in source file /home/victor/pulp_shared_vm/pulp_box/pulpissimo/ips/jtag_pulp/src/jtag_enable_synch.sv
    Info (12023): Found entity 1: jtag_enable_synch File: /home/victor/pulp_shared_vm/pulp_box/pulpissimo/ips/jtag_pulp/src/jtag_enable_synch.sv Line: 11
Error (10170): Verilog HDL syntax error at jtagreg.sv(51) near text: "genvar";  expecting an identifier ("genvar" is a reserved keyword ). Check for and fix any syntax errors that appear immediately before or at the specified keyword. The Intel FPGA Knowledge Database contains many articles with specific details on how to resolve this error. Visit the Knowledge Database at https://www.altera.com/support/support-resources/knowledge-base/search.html and search for this specific error message number. File: /home/victor/pulp_shared_vm/pulp_box/pulpissimo/ips/jtag_pulp/src/jtagreg.sv Line: 51
Error (10644): Verilog HDL error at jtagreg.sv(68): this block requires a name File: /home/victor/pulp_shared_vm/pulp_box/pulpissimo/ips/jtag_pulp/src/jtagreg.sv Line: 68
Error (10112): Ignored design unit "jtagreg" at jtagreg.sv(11) due to previous errors File: /home/victor/pulp_shared_vm/pulp_box/pulpissimo/ips/jtag_pulp/src/jtagreg.sv Line: 11
Info (12021): Found 0 design units, including 0 entities, in source file /home/victor/pulp_shared_vm/pulp_box/pulpissimo/ips/jtag_pulp/src/jtagreg.sv
Info (12021): Found 1 design units, including 1 entities, in source file /home/victor/pulp_shared_vm/pulp_box/pulpissimo/ips/jtag_pulp/src/jtag_rst_synch.sv
    Info (12023): Found entity 1: jtag_rst_synch File: /home/victor/pulp_shared_vm/pulp_box/pulpissimo/ips/jtag_pulp/src/jtag_rst_synch.sv Line: 11
Info (12021): Found 1 design units, including 1 entities, in source file /home/victor/pulp_shared_vm/pulp_box/pulpissimo/ips/jtag_pulp/src/jtag_sync.sv
    Info (12023): Found entity 1: jtag_sync File: /home/victor/pulp_shared_vm/pulp_box/pulpissimo/ips/jtag_pulp/src/jtag_sync.sv Line: 11
Warning (10274): Verilog HDL macro warning at tap_top.v(17): overriding existing definition for macro "IDCODE_VALUE", which was defined in "../ips/adv_dbg_if/rtl/adbg_tap_defines.v", line 64 File: /home/victor/pulp_shared_vm/pulp_box/pulpissimo/ips/jtag_pulp/src/tap_top.v Line: 17
Warning (10274): Verilog HDL macro warning at tap_top.v(30): overriding existing definition for macro "IR_LENGTH", which was defined in "../ips/adv_dbg_if/rtl/adbg_tap_defines.v", line 71 File: /home/victor/pulp_shared_vm/pulp_box/pulpissimo/ips/jtag_pulp/src/tap_top.v Line: 30
Warning (10274): Verilog HDL macro warning at tap_top.v(33): overriding existing definition for macro "IDCODE", which was defined in "../ips/adv_dbg_if/rtl/adbg_tap_defines.v", line 76 File: /home/victor/pulp_shared_vm/pulp_box/pulpissimo/ips/jtag_pulp/src/tap_top.v Line: 33
Warning (10274): Verilog HDL macro warning at tap_top.v(40): overriding existing definition for macro "BYPASS", which was defined in "../ips/adv_dbg_if/rtl/adbg_tap_defines.v", line 79 File: /home/victor/pulp_shared_vm/pulp_box/pulpissimo/ips/jtag_pulp/src/tap_top.v Line: 40
Info (12021): Found 1 design units, including 1 entities, in source file /home/victor/pulp_shared_vm/pulp_box/pulpissimo/ips/jtag_pulp/src/tap_top.v
    Info (12023): Found entity 1: tap_top File: /home/victor/pulp_shared_vm/pulp_box/pulpissimo/ips/jtag_pulp/src/tap_top.v Line: 42
Info (12021): Found 1 design units, including 0 entities, in source file /home/victor/pulp_shared_vm/pulp_box/pulpissimo/ips/riscv/rtl/include/apu_core_package.sv
    Info (12022): Found design unit 1: apu_core_package (SystemVerilog) File: /home/victor/pulp_shared_vm/pulp_box/pulpissimo/ips/riscv/rtl/include/apu_core_package.sv Line: 22
Info (12021): Found 1 design units, including 0 entities, in source file /home/victor/pulp_shared_vm/pulp_box/pulpissimo/ips/riscv/rtl/include/riscv_defines.sv
    Info (12022): Found design unit 1: riscv_defines (SystemVerilog) File: /home/victor/pulp_shared_vm/pulp_box/pulpissimo/ips/riscv/rtl/include/riscv_defines.sv Line: 26
Info (12021): Found 1 design units, including 0 entities, in source file /home/victor/pulp_shared_vm/pulp_box/pulpissimo/ips/riscv/rtl/include/riscv_tracer_defines.sv
    Info (12022): Found design unit 1: riscv_tracer_defines (SystemVerilog) File: /home/victor/pulp_shared_vm/pulp_box/pulpissimo/ips/riscv/rtl/include/riscv_tracer_defines.sv Line: 12
Error (10644): Verilog HDL error at riscv_alu.sv(70): this block requires a name File: /home/victor/pulp_shared_vm/pulp_box/pulpissimo/ips/riscv/rtl/riscv_alu.sv Line: 70
Error (10644): Verilog HDL error at riscv_alu.sv(79): this block requires a name File: /home/victor/pulp_shared_vm/pulp_box/pulpissimo/ips/riscv/rtl/riscv_alu.sv Line: 79
Error (10644): Verilog HDL error at riscv_alu.sv(299): this block requires a name File: /home/victor/pulp_shared_vm/pulp_box/pulpissimo/ips/riscv/rtl/riscv_alu.sv Line: 299
Error (10644): Verilog HDL error at riscv_alu.sv(376): this block requires a name File: /home/victor/pulp_shared_vm/pulp_box/pulpissimo/ips/riscv/rtl/riscv_alu.sv Line: 376
Error (10170): Verilog HDL syntax error at riscv_alu.sv(475) near text: "if";  expecting "endmodule". Check for and fix any syntax errors that appear immediately before or at the specified keyword. The Intel FPGA Knowledge Database contains many articles with specific details on how to resolve this error. Visit the Knowledge Database at https://www.altera.com/support/support-resources/knowledge-base/search.html and search for this specific error message number. File: /home/victor/pulp_shared_vm/pulp_box/pulpissimo/ips/riscv/rtl/riscv_alu.sv Line: 475
Error (10170): Verilog HDL syntax error at riscv_alu.sv(524) near text: "end";  expecting "endmodule". Check for and fix any syntax errors that appear immediately before or at the specified keyword. The Intel FPGA Knowledge Database contains many articles with specific details on how to resolve this error. Visit the Knowledge Database at https://www.altera.com/support/support-resources/knowledge-base/search.html and search for this specific error message number. File: /home/victor/pulp_shared_vm/pulp_box/pulpissimo/ips/riscv/rtl/riscv_alu.sv Line: 524
Error (10170): Verilog HDL syntax error at riscv_alu.sv(530) near text: "end";  expecting "endmodule". Check for and fix any syntax errors that appear immediately before or at the specified keyword. The Intel FPGA Knowledge Database contains many articles with specific details on how to resolve this error. Visit the Knowledge Database at https://www.altera.com/support/support-resources/knowledge-base/search.html and search for this specific error message number. File: /home/victor/pulp_shared_vm/pulp_box/pulpissimo/ips/riscv/rtl/riscv_alu.sv Line: 530
Error (10644): Verilog HDL error at riscv_alu.sv(974): this block requires a name File: /home/victor/pulp_shared_vm/pulp_box/pulpissimo/ips/riscv/rtl/riscv_alu.sv Line: 974
Error (10644): Verilog HDL error at riscv_alu.sv(979): this block requires a name File: /home/victor/pulp_shared_vm/pulp_box/pulpissimo/ips/riscv/rtl/riscv_alu.sv Line: 979
Error (10644): Verilog HDL error at riscv_alu.sv(984): this block requires a name File: /home/victor/pulp_shared_vm/pulp_box/pulpissimo/ips/riscv/rtl/riscv_alu.sv Line: 984
Error (10170): Verilog HDL syntax error at riscv_alu.sv(1016) near text: "if";  expecting "endmodule". Check for and fix any syntax errors that appear immediately before or at the specified keyword. The Intel FPGA Knowledge Database contains many articles with specific details on how to resolve this error. Visit the Knowledge Database at https://www.altera.com/support/support-resources/knowledge-base/search.html and search for this specific error message number. File: /home/victor/pulp_shared_vm/pulp_box/pulpissimo/ips/riscv/rtl/riscv_alu.sv Line: 1016
Error (10170): Verilog HDL syntax error at riscv_alu.sv(1022) near text: "end";  expecting "endmodule". Check for and fix any syntax errors that appear immediately before or at the specified keyword. The Intel FPGA Knowledge Database contains many articles with specific details on how to resolve this error. Visit the Knowledge Database at https://www.altera.com/support/support-resources/knowledge-base/search.html and search for this specific error message number. File: /home/victor/pulp_shared_vm/pulp_box/pulpissimo/ips/riscv/rtl/riscv_alu.sv Line: 1022
Error (10170): Verilog HDL syntax error at riscv_alu.sv(1063) near text: "end";  expecting "endmodule". Check for and fix any syntax errors that appear immediately before or at the specified keyword. The Intel FPGA Knowledge Database contains many articles with specific details on how to resolve this error. Visit the Knowledge Database at https://www.altera.com/support/support-resources/knowledge-base/search.html and search for this specific error message number. File: /home/victor/pulp_shared_vm/pulp_box/pulpissimo/ips/riscv/rtl/riscv_alu.sv Line: 1063
Error (10112): Ignored design unit "riscv_alu" at riscv_alu.sv(31) due to previous errors File: /home/victor/pulp_shared_vm/pulp_box/pulpissimo/ips/riscv/rtl/riscv_alu.sv Line: 31
Error (10644): Verilog HDL error at riscv_alu.sv(1181): this block requires a name File: /home/victor/pulp_shared_vm/pulp_box/pulpissimo/ips/riscv/rtl/riscv_alu.sv Line: 1181
Error (10644): Verilog HDL error at riscv_alu.sv(1193): this block requires a name File: /home/victor/pulp_shared_vm/pulp_box/pulpissimo/ips/riscv/rtl/riscv_alu.sv Line: 1193
Error (10644): Verilog HDL error at riscv_alu.sv(1201): this block requires a name File: /home/victor/pulp_shared_vm/pulp_box/pulpissimo/ips/riscv/rtl/riscv_alu.sv Line: 1201
Error (10644): Verilog HDL error at riscv_alu.sv(1190): this block requires a name File: /home/victor/pulp_shared_vm/pulp_box/pulpissimo/ips/riscv/rtl/riscv_alu.sv Line: 1190
Error (10112): Ignored design unit "alu_ff" at riscv_alu.sv(1157) due to previous errors File: /home/victor/pulp_shared_vm/pulp_box/pulpissimo/ips/riscv/rtl/riscv_alu.sv Line: 1157
Info (12021): Found 0 design units, including 0 entities, in source file /home/victor/pulp_shared_vm/pulp_box/pulpissimo/ips/riscv/rtl/riscv_alu.sv
Error (10644): Verilog HDL error at riscv_alu_basic.sv(62): this block requires a name File: /home/victor/pulp_shared_vm/pulp_box/pulpissimo/ips/riscv/rtl/riscv_alu_basic.sv Line: 62
Error (10644): Verilog HDL error at riscv_alu_basic.sv(71): this block requires a name File: /home/victor/pulp_shared_vm/pulp_box/pulpissimo/ips/riscv/rtl/riscv_alu_basic.sv Line: 71
Error (10644): Verilog HDL error at riscv_alu_basic.sv(152): this block requires a name File: /home/victor/pulp_shared_vm/pulp_box/pulpissimo/ips/riscv/rtl/riscv_alu_basic.sv Line: 152
Error (10644): Verilog HDL error at riscv_alu_basic.sv(209): this block requires a name File: /home/victor/pulp_shared_vm/pulp_box/pulpissimo/ips/riscv/rtl/riscv_alu_basic.sv Line: 209
Error (10112): Ignored design unit "riscv_alu_basic" at riscv_alu_basic.sv(30) due to previous errors File: /home/victor/pulp_shared_vm/pulp_box/pulpissimo/ips/riscv/rtl/riscv_alu_basic.sv Line: 30
Info (12021): Found 0 design units, including 0 entities, in source file /home/victor/pulp_shared_vm/pulp_box/pulpissimo/ips/riscv/rtl/riscv_alu_basic.sv
Info (12021): Found 1 design units, including 1 entities, in source file /home/victor/pulp_shared_vm/pulp_box/pulpissimo/ips/riscv/rtl/riscv_alu_div.sv
    Info (12023): Found entity 1: riscv_alu_div File: /home/victor/pulp_shared_vm/pulp_box/pulpissimo/ips/riscv/rtl/riscv_alu_div.sv Line: 26
Info (12021): Found 1 design units, including 1 entities, in source file /home/victor/pulp_shared_vm/pulp_box/pulpissimo/ips/riscv/rtl/riscv_compressed_decoder.sv
    Info (12023): Found entity 1: riscv_compressed_decoder File: /home/victor/pulp_shared_vm/pulp_box/pulpissimo/ips/riscv/rtl/riscv_compressed_decoder.sv Line: 30
Info (12021): Found 1 design units, including 1 entities, in source file /home/victor/pulp_shared_vm/pulp_box/pulpissimo/ips/riscv/rtl/riscv_controller.sv
    Info (12023): Found entity 1: riscv_controller File: /home/victor/pulp_shared_vm/pulp_box/pulpissimo/ips/riscv/rtl/riscv_controller.sv Line: 32
Error (10170): Verilog HDL syntax error at riscv_cs_registers.sv(305) near text: "if";  expecting "endmodule". Check for and fix any syntax errors that appear immediately before or at the specified keyword. The Intel FPGA Knowledge Database contains many articles with specific details on how to resolve this error. Visit the Knowledge Database at https://www.altera.com/support/support-resources/knowledge-base/search.html and search for this specific error message number. File: /home/victor/pulp_shared_vm/pulp_box/pulpissimo/ips/riscv/rtl/riscv_cs_registers.sv Line: 305
Error (10149): Verilog HDL Declaration error at riscv_cs_registers.sv(311): identifier "fflags_q" is already declared in the present scope File: /home/victor/pulp_shared_vm/pulp_box/pulpissimo/ips/riscv/rtl/riscv_cs_registers.sv Line: 311
Error (10149): Verilog HDL Declaration error at riscv_cs_registers.sv(312): identifier "frm_q" is already declared in the present scope File: /home/victor/pulp_shared_vm/pulp_box/pulpissimo/ips/riscv/rtl/riscv_cs_registers.sv Line: 312
Error (10149): Verilog HDL Declaration error at riscv_cs_registers.sv(313): identifier "frm_q" is already declared in the present scope File: /home/victor/pulp_shared_vm/pulp_box/pulpissimo/ips/riscv/rtl/riscv_cs_registers.sv Line: 313
Error (10149): Verilog HDL Declaration error at riscv_cs_registers.sv(313): identifier "fflags_q" is already declared in the present scope File: /home/victor/pulp_shared_vm/pulp_box/pulpissimo/ips/riscv/rtl/riscv_cs_registers.sv Line: 313
Error (10170): Verilog HDL syntax error at riscv_cs_registers.sv(313) near text: "}";  expecting ";". Check for and fix any syntax errors that appear immediately before or at the specified keyword. The Intel FPGA Knowledge Database contains many articles with specific details on how to resolve this error. Visit the Knowledge Database at https://www.altera.com/support/support-resources/knowledge-base/search.html and search for this specific error message number. File: /home/victor/pulp_shared_vm/pulp_box/pulpissimo/ips/riscv/rtl/riscv_cs_registers.sv Line: 313
Error (10149): Verilog HDL Declaration error at riscv_cs_registers.sv(314): identifier "fprec_q" is already declared in the present scope File: /home/victor/pulp_shared_vm/pulp_box/pulpissimo/ips/riscv/rtl/riscv_cs_registers.sv Line: 314
Error (10149): Verilog HDL Declaration error at riscv_cs_registers.sv(318): identifier "mstatus_q" is already declared in the present scope File: /home/victor/pulp_shared_vm/pulp_box/pulpissimo/ips/riscv/rtl/riscv_cs_registers.sv Line: 318
Error (10149): Verilog HDL Declaration error at riscv_cs_registers.sv(320): identifier "mstatus_q" is already declared in the present scope File: /home/victor/pulp_shared_vm/pulp_box/pulpissimo/ips/riscv/rtl/riscv_cs_registers.sv Line: 320
Error (10149): Verilog HDL Declaration error at riscv_cs_registers.sv(322): identifier "mstatus_q" is already declared in the present scope File: /home/victor/pulp_shared_vm/pulp_box/pulpissimo/ips/riscv/rtl/riscv_cs_registers.sv Line: 322
Error (10149): Verilog HDL Declaration error at riscv_cs_registers.sv(324): identifier "mstatus_q" is already declared in the present scope File: /home/victor/pulp_shared_vm/pulp_box/pulpissimo/ips/riscv/rtl/riscv_cs_registers.sv Line: 324
Error (10149): Verilog HDL Declaration error at riscv_cs_registers.sv(325): identifier "mstatus_q" is already declared in the present scope File: /home/victor/pulp_shared_vm/pulp_box/pulpissimo/ips/riscv/rtl/riscv_cs_registers.sv Line: 325
Error (10149): Verilog HDL Declaration error at riscv_cs_registers.sv(327): identifier "mstatus_q" is already declared in the present scope File: /home/victor/pulp_shared_vm/pulp_box/pulpissimo/ips/riscv/rtl/riscv_cs_registers.sv Line: 327
Error (10149): Verilog HDL Declaration error at riscv_cs_registers.sv(333): identifier "MTVEC_MODE" is already declared in the present scope File: /home/victor/pulp_shared_vm/pulp_box/pulpissimo/ips/riscv/rtl/riscv_cs_registers.sv Line: 333
Error (10149): Verilog HDL Declaration error at riscv_cs_registers.sv(339): identifier "mcause_q" is already declared in the present scope File: /home/victor/pulp_shared_vm/pulp_box/pulpissimo/ips/riscv/rtl/riscv_cs_registers.sv Line: 339
Error (10170): Verilog HDL syntax error at riscv_cs_registers.sv(339) near text: "}";  expecting ";". Check for and fix any syntax errors that appear immediately before or at the specified keyword. The Intel FPGA Knowledge Database contains many articles with specific details on how to resolve this error. Visit the Knowledge Database at https://www.altera.com/support/support-resources/knowledge-base/search.html and search for this specific error message number. File: /home/victor/pulp_shared_vm/pulp_box/pulpissimo/ips/riscv/rtl/riscv_cs_registers.sv Line: 339
Error (10759): Verilog HDL error at riscv_cs_registers.sv(341): object cluster_id_i declared in a list of port declarations cannot be redeclared within the module body File: /home/victor/pulp_shared_vm/pulp_box/pulpissimo/ips/riscv/rtl/riscv_cs_registers.sv Line: 341
Error (10170): Verilog HDL syntax error at riscv_cs_registers.sv(341) near text: "1";  expecting an identifier. Check for and fix any syntax errors that appear immediately before or at the specified keyword. The Intel FPGA Knowledge Database contains many articles with specific details on how to resolve this error. Visit the Knowledge Database at https://www.altera.com/support/support-resources/knowledge-base/search.html and search for this specific error message number. File: /home/victor/pulp_shared_vm/pulp_box/pulpissimo/ips/riscv/rtl/riscv_cs_registers.sv Line: 341
Error (10759): Verilog HDL error at riscv_cs_registers.sv(341): object core_id_i declared in a list of port declarations cannot be redeclared within the module body File: /home/victor/pulp_shared_vm/pulp_box/pulpissimo/ips/riscv/rtl/riscv_cs_registers.sv Line: 341
Info (12021): Found 0 design units, including 0 entities, in source file /home/victor/pulp_shared_vm/pulp_box/pulpissimo/ips/riscv/rtl/riscv_cs_registers.sv
Error (10054): Verilog HDL File I/O error at riscv_decoder.sv(28): can't open Verilog Design File "apu_macros.sv" File: /home/victor/pulp_shared_vm/pulp_box/pulpissimo/ips/riscv/rtl/riscv_decoder.sv Line: 28
Error (10170): Verilog HDL syntax error at riscv_decoder.sv(718) near text: "inside";  expecting an operand. Check for and fix any syntax errors that appear immediately before or at the specified keyword. The Intel FPGA Knowledge Database contains many articles with specific details on how to resolve this error. Visit the Knowledge Database at https://www.altera.com/support/support-resources/knowledge-base/search.html and search for this specific error message number. File: /home/victor/pulp_shared_vm/pulp_box/pulpissimo/ips/riscv/rtl/riscv_decoder.sv Line: 718
Error (10170): Verilog HDL syntax error at riscv_decoder.sv(811) near text: "inside";  expecting an operand. Check for and fix any syntax errors that appear immediately before or at the specified keyword. The Intel FPGA Knowledge Database contains many articles with specific details on how to resolve this error. Visit the Knowledge Database at https://www.altera.com/support/support-resources/knowledge-base/search.html and search for this specific error message number. File: /home/victor/pulp_shared_vm/pulp_box/pulpissimo/ips/riscv/rtl/riscv_decoder.sv Line: 811
Error (10170): Verilog HDL syntax error at riscv_decoder.sv(1036) near text: "inside";  expecting an operand. Check for and fix any syntax errors that appear immediately before or at the specified keyword. The Intel FPGA Knowledge Database contains many articles with specific details on how to resolve this error. Visit the Knowledge Database at https://www.altera.com/support/support-resources/knowledge-base/search.html and search for this specific error message number. File: /home/victor/pulp_shared_vm/pulp_box/pulpissimo/ips/riscv/rtl/riscv_decoder.sv Line: 1036
Error (10170): Verilog HDL syntax error at riscv_decoder.sv(1037) near text: "]";  expecting ":", or ",". Check for and fix any syntax errors that appear immediately before or at the specified keyword. The Intel FPGA Knowledge Database contains many articles with specific details on how to resolve this error. Visit the Knowledge Database at https://www.altera.com/support/support-resources/knowledge-base/search.html and search for this specific error message number. File: /home/victor/pulp_shared_vm/pulp_box/pulpissimo/ips/riscv/rtl/riscv_decoder.sv Line: 1037
Critical Warning (10191): Verilog HDL Compiler Directive warning at riscv_decoder.sv(1139): text macro "USE_APU_INT_DIV" is undefined File: /home/victor/pulp_shared_vm/pulp_box/pulpissimo/ips/riscv/rtl/riscv_decoder.sv Line: 1139
Critical Warning (10191): Verilog HDL Compiler Directive warning at riscv_decoder.sv(1182): text macro "USE_APU_INT_MULT" is undefined File: /home/victor/pulp_shared_vm/pulp_box/pulpissimo/ips/riscv/rtl/riscv_decoder.sv Line: 1182
Error (10170): Verilog HDL syntax error at riscv_decoder.sv(1373) near text: "inside";  expecting ")". Check for and fix any syntax errors that appear immediately before or at the specified keyword. The Intel FPGA Knowledge Database contains many articles with specific details on how to resolve this error. Visit the Knowledge Database at https://www.altera.com/support/support-resources/knowledge-base/search.html and search for this specific error message number. File: /home/victor/pulp_shared_vm/pulp_box/pulpissimo/ips/riscv/rtl/riscv_decoder.sv Line: 1373
Error (10170): Verilog HDL syntax error at riscv_decoder.sv(1384) near text: "inside";  expecting ")". Check for and fix any syntax errors that appear immediately before or at the specified keyword. The Intel FPGA Knowledge Database contains many articles with specific details on how to resolve this error. Visit the Knowledge Database at https://www.altera.com/support/support-resources/knowledge-base/search.html and search for this specific error message number. File: /home/victor/pulp_shared_vm/pulp_box/pulpissimo/ips/riscv/rtl/riscv_decoder.sv Line: 1384
Error (10170): Verilog HDL syntax error at riscv_decoder.sv(1409) near text: "inside";  expecting ")". Check for and fix any syntax errors that appear immediately before or at the specified keyword. The Intel FPGA Knowledge Database contains many articles with specific details on how to resolve this error. Visit the Knowledge Database at https://www.altera.com/support/support-resources/knowledge-base/search.html and search for this specific error message number. File: /home/victor/pulp_shared_vm/pulp_box/pulpissimo/ips/riscv/rtl/riscv_decoder.sv Line: 1409
Error (10170): Verilog HDL syntax error at riscv_decoder.sv(1420) near text: "inside";  expecting ")". Check for and fix any syntax errors that appear immediately before or at the specified keyword. The Intel FPGA Knowledge Database contains many articles with specific details on how to resolve this error. Visit the Knowledge Database at https://www.altera.com/support/support-resources/knowledge-base/search.html and search for this specific error message number. File: /home/victor/pulp_shared_vm/pulp_box/pulpissimo/ips/riscv/rtl/riscv_decoder.sv Line: 1420
Error (10170): Verilog HDL syntax error at riscv_decoder.sv(1514) near text: "inside";  expecting ")". Check for and fix any syntax errors that appear immediately before or at the specified keyword. The Intel FPGA Knowledge Database contains many articles with specific details on how to resolve this error. Visit the Knowledge Database at https://www.altera.com/support/support-resources/knowledge-base/search.html and search for this specific error message number. File: /home/victor/pulp_shared_vm/pulp_box/pulpissimo/ips/riscv/rtl/riscv_decoder.sv Line: 1514
Error (10170): Verilog HDL syntax error at riscv_decoder.sv(1525) near text: "inside";  expecting ")". Check for and fix any syntax errors that appear immediately before or at the specified keyword. The Intel FPGA Knowledge Database contains many articles with specific details on how to resolve this error. Visit the Knowledge Database at https://www.altera.com/support/support-resources/knowledge-base/search.html and search for this specific error message number. File: /home/victor/pulp_shared_vm/pulp_box/pulpissimo/ips/riscv/rtl/riscv_decoder.sv Line: 1525
Error (10170): Verilog HDL syntax error at riscv_decoder.sv(1685) near text: "inside";  expecting an operand. Check for and fix any syntax errors that appear immediately before or at the specified keyword. The Intel FPGA Knowledge Database contains many articles with specific details on how to resolve this error. Visit the Knowledge Database at https://www.altera.com/support/support-resources/knowledge-base/search.html and search for this specific error message number. File: /home/victor/pulp_shared_vm/pulp_box/pulpissimo/ips/riscv/rtl/riscv_decoder.sv Line: 1685
Error (10170): Verilog HDL syntax error at riscv_decoder.sv(1686) near text: "]";  expecting ":", or ",". Check for and fix any syntax errors that appear immediately before or at the specified keyword. The Intel FPGA Knowledge Database contains many articles with specific details on how to resolve this error. Visit the Knowledge Database at https://www.altera.com/support/support-resources/knowledge-base/search.html and search for this specific error message number. File: /home/victor/pulp_shared_vm/pulp_box/pulpissimo/ips/riscv/rtl/riscv_decoder.sv Line: 1686
Error (10170): Verilog HDL syntax error at riscv_decoder.sv(1690) near text: "inside";  expecting an operand. Check for and fix any syntax errors that appear immediately before or at the specified keyword. The Intel FPGA Knowledge Database contains many articles with specific details on how to resolve this error. Visit the Knowledge Database at https://www.altera.com/support/support-resources/knowledge-base/search.html and search for this specific error message number. File: /home/victor/pulp_shared_vm/pulp_box/pulpissimo/ips/riscv/rtl/riscv_decoder.sv Line: 1690
Error (10170): Verilog HDL syntax error at riscv_decoder.sv(1691) near text: "]";  expecting ":", or ",". Check for and fix any syntax errors that appear immediately before or at the specified keyword. The Intel FPGA Knowledge Database contains many articles with specific details on how to resolve this error. Visit the Knowledge Database at https://www.altera.com/support/support-resources/knowledge-base/search.html and search for this specific error message number. File: /home/victor/pulp_shared_vm/pulp_box/pulpissimo/ips/riscv/rtl/riscv_decoder.sv Line: 1691
Error (10170): Verilog HDL syntax error at riscv_decoder.sv(1697) near text: "inside";  expecting an operand. Check for and fix any syntax errors that appear immediately before or at the specified keyword. The Intel FPGA Knowledge Database contains many articles with specific details on how to resolve this error. Visit the Knowledge Database at https://www.altera.com/support/support-resources/knowledge-base/search.html and search for this specific error message number. File: /home/victor/pulp_shared_vm/pulp_box/pulpissimo/ips/riscv/rtl/riscv_decoder.sv Line: 1697
Error (10170): Verilog HDL syntax error at riscv_decoder.sv(1698) near text: "]";  expecting ":", or ",". Check for and fix any syntax errors that appear immediately before or at the specified keyword. The Intel FPGA Knowledge Database contains many articles with specific details on how to resolve this error. Visit the Knowledge Database at https://www.altera.com/support/support-resources/knowledge-base/search.html and search for this specific error message number. File: /home/victor/pulp_shared_vm/pulp_box/pulpissimo/ips/riscv/rtl/riscv_decoder.sv Line: 1698
Error (10170): Verilog HDL syntax error at riscv_decoder.sv(1819) near text: "inside";  expecting an operand. Check for and fix any syntax errors that appear immediately before or at the specified keyword. The Intel FPGA Knowledge Database contains many articles with specific details on how to resolve this error. Visit the Knowledge Database at https://www.altera.com/support/support-resources/knowledge-base/search.html and search for this specific error message number. File: /home/victor/pulp_shared_vm/pulp_box/pulpissimo/ips/riscv/rtl/riscv_decoder.sv Line: 1819
Error (10170): Verilog HDL syntax error at riscv_decoder.sv(1820) near text: "]";  expecting ":", or ",". Check for and fix any syntax errors that appear immediately before or at the specified keyword. The Intel FPGA Knowledge Database contains many articles with specific details on how to resolve this error. Visit the Knowledge Database at https://www.altera.com/support/support-resources/knowledge-base/search.html and search for this specific error message number. File: /home/victor/pulp_shared_vm/pulp_box/pulpissimo/ips/riscv/rtl/riscv_decoder.sv Line: 1820
Info (12021): Found 0 design units, including 0 entities, in source file /home/victor/pulp_shared_vm/pulp_box/pulpissimo/ips/riscv/rtl/riscv_decoder.sv
Error (10170): Verilog HDL syntax error at riscv_int_controller.sv(60) near text: "if";  expecting "endmodule". Check for and fix any syntax errors that appear immediately before or at the specified keyword. The Intel FPGA Knowledge Database contains many articles with specific details on how to resolve this error. Visit the Knowledge Database at https://www.altera.com/support/support-resources/knowledge-base/search.html and search for this specific error message number. File: /home/victor/pulp_shared_vm/pulp_box/pulpissimo/ips/riscv/rtl/riscv_int_controller.sv Line: 60
Error (10112): Ignored design unit "riscv_int_controller" at riscv_int_controller.sv(26) due to previous errors File: /home/victor/pulp_shared_vm/pulp_box/pulpissimo/ips/riscv/rtl/riscv_int_controller.sv Line: 26
Info (12021): Found 0 design units, including 0 entities, in source file /home/victor/pulp_shared_vm/pulp_box/pulpissimo/ips/riscv/rtl/riscv_int_controller.sv
Error (10644): Verilog HDL error at riscv_hwloop_controller.sv(59): this block requires a name File: /home/victor/pulp_shared_vm/pulp_box/pulpissimo/ips/riscv/rtl/riscv_hwloop_controller.sv Line: 59
Error (10112): Ignored design unit "riscv_hwloop_controller" at riscv_hwloop_controller.sv(25) due to previous errors File: /home/victor/pulp_shared_vm/pulp_box/pulpissimo/ips/riscv/rtl/riscv_hwloop_controller.sv Line: 25
Info (12021): Found 0 design units, including 0 entities, in source file /home/victor/pulp_shared_vm/pulp_box/pulpissimo/ips/riscv/rtl/riscv_hwloop_controller.sv
Error (10170): Verilog HDL syntax error at riscv_hwloop_regs.sv(102) near text: "for";  expecting "endmodule". Check for and fix any syntax errors that appear immediately before or at the specified keyword. The Intel FPGA Knowledge Database contains many articles with specific details on how to resolve this error. Visit the Knowledge Database at https://www.altera.com/support/support-resources/knowledge-base/search.html and search for this specific error message number. File: /home/victor/pulp_shared_vm/pulp_box/pulpissimo/ips/riscv/rtl/riscv_hwloop_regs.sv Line: 102
Error (10112): Ignored design unit "riscv_hwloop_regs" at riscv_hwloop_regs.sv(25) due to previous errors File: /home/victor/pulp_shared_vm/pulp_box/pulpissimo/ips/riscv/rtl/riscv_hwloop_regs.sv Line: 25
Info (12021): Found 0 design units, including 0 entities, in source file /home/victor/pulp_shared_vm/pulp_box/pulpissimo/ips/riscv/rtl/riscv_hwloop_regs.sv
Error (10170): Verilog HDL syntax error at riscv_id_stage.sv(930) near text: "genvar";  expecting an identifier ("genvar" is a reserved keyword ). Check for and fix any syntax errors that appear immediately before or at the specified keyword. The Intel FPGA Knowledge Database contains many articles with specific details on how to resolve this error. Visit the Knowledge Database at https://www.altera.com/support/support-resources/knowledge-base/search.html and search for this specific error message number. File: /home/victor/pulp_shared_vm/pulp_box/pulpissimo/ips/riscv/rtl/riscv_id_stage.sv Line: 930
Error (10112): Ignored design unit "riscv_id_stage" at riscv_id_stage.sv(40) due to previous errors File: /home/victor/pulp_shared_vm/pulp_box/pulpissimo/ips/riscv/rtl/riscv_id_stage.sv Line: 40
Info (12021): Found 0 design units, including 0 entities, in source file /home/victor/pulp_shared_vm/pulp_box/pulpissimo/ips/riscv/rtl/riscv_id_stage.sv
Info (12021): Found 1 design units, including 1 entities, in source file /home/victor/pulp_shared_vm/pulp_box/pulpissimo/ips/riscv/rtl/riscv_if_stage.sv
    Info (12023): Found entity 1: riscv_if_stage File: /home/victor/pulp_shared_vm/pulp_box/pulpissimo/ips/riscv/rtl/riscv_if_stage.sv Line: 31
Info (12021): Found 1 design units, including 1 entities, in source file /home/victor/pulp_shared_vm/pulp_box/pulpissimo/ips/riscv/rtl/riscv_load_store_unit.sv
    Info (12023): Found entity 1: riscv_load_store_unit File: /home/victor/pulp_shared_vm/pulp_box/pulpissimo/ips/riscv/rtl/riscv_load_store_unit.sv Line: 27
Info (12021): Found 1 design units, including 1 entities, in source file /home/victor/pulp_shared_vm/pulp_box/pulpissimo/ips/riscv/rtl/riscv_mult.sv
    Info (12023): Found entity 1: riscv_mult File: /home/victor/pulp_shared_vm/pulp_box/pulpissimo/ips/riscv/rtl/riscv_mult.sv Line: 30
Info (12021): Found 1 design units, including 1 entities, in source file /home/victor/pulp_shared_vm/pulp_box/pulpissimo/ips/riscv/rtl/riscv_prefetch_buffer.sv
    Info (12023): Found entity 1: riscv_prefetch_buffer File: /home/victor/pulp_shared_vm/pulp_box/pulpissimo/ips/riscv/rtl/riscv_prefetch_buffer.sv Line: 27
Info (12021): Found 1 design units, including 1 entities, in source file /home/victor/pulp_shared_vm/pulp_box/pulpissimo/ips/riscv/rtl/riscv_prefetch_L0_buffer.sv
    Info (12023): Found entity 1: riscv_prefetch_L0_buffer File: /home/victor/pulp_shared_vm/pulp_box/pulpissimo/ips/riscv/rtl/riscv_prefetch_L0_buffer.sv Line: 26
Error (10054): Verilog HDL File I/O error at riscv_core.sv(34): can't open Verilog Design File "riscv_config.sv" File: /home/victor/pulp_shared_vm/pulp_box/pulpissimo/ips/riscv/rtl/riscv_core.sv Line: 34
Error (10112): Ignored design unit "riscv_core" at riscv_core.sv(38) due to previous errors File: /home/victor/pulp_shared_vm/pulp_box/pulpissimo/ips/riscv/rtl/riscv_core.sv Line: 38
Info (12021): Found 0 design units, including 0 entities, in source file /home/victor/pulp_shared_vm/pulp_box/pulpissimo/ips/riscv/rtl/riscv_core.sv
Error (10054): Verilog HDL File I/O error at riscv_apu_disp.sv(25): can't open Verilog Design File "apu_macros.sv" File: /home/victor/pulp_shared_vm/pulp_box/pulpissimo/ips/riscv/rtl/riscv_apu_disp.sv Line: 25
Error (10170): Verilog HDL syntax error at riscv_apu_disp.sv(169) near text: "genvar";  expecting an identifier ("genvar" is a reserved keyword ). Check for and fix any syntax errors that appear immediately before or at the specified keyword. The Intel FPGA Knowledge Database contains many articles with specific details on how to resolve this error. Visit the Knowledge Database at https://www.altera.com/support/support-resources/knowledge-base/search.html and search for this specific error message number. File: /home/victor/pulp_shared_vm/pulp_box/pulpissimo/ips/riscv/rtl/riscv_apu_disp.sv Line: 169
Error (10644): Verilog HDL error at riscv_apu_disp.sv(174): this block requires a name File: /home/victor/pulp_shared_vm/pulp_box/pulpissimo/ips/riscv/rtl/riscv_apu_disp.sv Line: 174
Error (10170): Verilog HDL syntax error at riscv_apu_disp.sv(177) near text: "genvar";  expecting an identifier ("genvar" is a reserved keyword ). Check for and fix any syntax errors that appear immediately before or at the specified keyword. The Intel FPGA Knowledge Database contains many articles with specific details on how to resolve this error. Visit the Knowledge Database at https://www.altera.com/support/support-resources/knowledge-base/search.html and search for this specific error message number. File: /home/victor/pulp_shared_vm/pulp_box/pulpissimo/ips/riscv/rtl/riscv_apu_disp.sv Line: 177
Error (10644): Verilog HDL error at riscv_apu_disp.sv(182): this block requires a name File: /home/victor/pulp_shared_vm/pulp_box/pulpissimo/ips/riscv/rtl/riscv_apu_disp.sv Line: 182
Error (10112): Ignored design unit "riscv_apu_disp" at riscv_apu_disp.sv(27) due to previous errors File: /home/victor/pulp_shared_vm/pulp_box/pulpissimo/ips/riscv/rtl/riscv_apu_disp.sv Line: 27
Info (12021): Found 0 design units, including 0 entities, in source file /home/victor/pulp_shared_vm/pulp_box/pulpissimo/ips/riscv/rtl/riscv_apu_disp.sv
Info (12021): Found 1 design units, including 1 entities, in source file /home/victor/pulp_shared_vm/pulp_box/pulpissimo/ips/riscv/rtl/riscv_fetch_fifo.sv
    Info (12023): Found entity 1: riscv_fetch_fifo File: /home/victor/pulp_shared_vm/pulp_box/pulpissimo/ips/riscv/rtl/riscv_fetch_fifo.sv Line: 25
Info (12021): Found 1 design units, including 1 entities, in source file /home/victor/pulp_shared_vm/pulp_box/pulpissimo/ips/riscv/rtl/riscv_L0_buffer.sv
    Info (12023): Found entity 1: riscv_L0_buffer File: /home/victor/pulp_shared_vm/pulp_box/pulpissimo/ips/riscv/rtl/riscv_L0_buffer.sv Line: 11
Info (12021): Found 1 design units, including 1 entities, in source file /home/victor/pulp_shared_vm/pulp_box/pulpissimo/ips/riscv/rtl/riscv_pmp.sv
    Info (12023): Found entity 1: riscv_pmp File: /home/victor/pulp_shared_vm/pulp_box/pulpissimo/ips/riscv/rtl/riscv_pmp.sv Line: 106
Info (12021): Found 1 design units, including 1 entities, in source file /home/victor/pulp_shared_vm/pulp_box/pulpissimo/ips/riscv/rtl/register_file_test_wrap.sv
    Info (12023): Found entity 1: register_file_test_wrap File: /home/victor/pulp_shared_vm/pulp_box/pulpissimo/ips/riscv/rtl/register_file_test_wrap.sv Line: 35
Error (10170): Verilog HDL syntax error at riscv_register_file.sv(91) near text: "if";  expecting "endmodule". Check for and fix any syntax errors that appear immediately before or at the specified keyword. The Intel FPGA Knowledge Database contains many articles with specific details on how to resolve this error. Visit the Knowledge Database at https://www.altera.com/support/support-resources/knowledge-base/search.html and search for this specific error message number. File: /home/victor/pulp_shared_vm/pulp_box/pulpissimo/ips/riscv/rtl/riscv_register_file.sv Line: 91
Error (10170): Verilog HDL syntax error at riscv_register_file.sv(95) near text: "end";  expecting "endmodule". Check for and fix any syntax errors that appear immediately before or at the specified keyword. The Intel FPGA Knowledge Database contains many articles with specific details on how to resolve this error. Visit the Knowledge Database at https://www.altera.com/support/support-resources/knowledge-base/search.html and search for this specific error message number. File: /home/victor/pulp_shared_vm/pulp_box/pulpissimo/ips/riscv/rtl/riscv_register_file.sv Line: 95
Error (10170): Verilog HDL syntax error at riscv_register_file.sv(99) near text: "end";  expecting "endmodule". Check for and fix any syntax errors that appear immediately before or at the specified keyword. The Intel FPGA Knowledge Database contains many articles with specific details on how to resolve this error. Visit the Knowledge Database at https://www.altera.com/support/support-resources/knowledge-base/search.html and search for this specific error message number. File: /home/victor/pulp_shared_vm/pulp_box/pulpissimo/ips/riscv/rtl/riscv_register_file.sv Line: 99
Error (10644): Verilog HDL error at riscv_register_file.sv(166): this block requires a name File: /home/victor/pulp_shared_vm/pulp_box/pulpissimo/ips/riscv/rtl/riscv_register_file.sv Line: 166
Error (10112): Ignored design unit "riscv_register_file" at riscv_register_file.sv(30) due to previous errors File: /home/victor/pulp_shared_vm/pulp_box/pulpissimo/ips/riscv/rtl/riscv_register_file.sv Line: 30
Info (12021): Found 0 design units, including 0 entities, in source file /home/victor/pulp_shared_vm/pulp_box/pulpissimo/ips/riscv/rtl/riscv_register_file.sv
Info (12021): Found 1 design units, including 0 entities, in source file /home/victor/pulp_shared_vm/pulp_box/pulpissimo/ips/ibex/rtl/ibex_pkg.sv
    Info (12022): Found design unit 1: ibex_pkg (SystemVerilog) File: /home/victor/pulp_shared_vm/pulp_box/pulpissimo/ips/ibex/rtl/ibex_pkg.sv Line: 9
Error (10170): Verilog HDL syntax error at ibex_alu.sv(40) near text: "for";  expecting "endmodule". Check for and fix any syntax errors that appear immediately before or at the specified keyword. The Intel FPGA Knowledge Database contains many articles with specific details on how to resolve this error. Visit the Knowledge Database at https://www.altera.com/support/support-resources/knowledge-base/search.html and search for this specific error message number. File: /home/victor/pulp_shared_vm/pulp_box/pulpissimo/ips/ibex/rtl/ibex_alu.sv Line: 40
Error (10170): Verilog HDL syntax error at ibex_alu.sv(344) near text: "if";  expecting "endmodule". Check for and fix any syntax errors that appear immediately before or at the specified keyword. The Intel FPGA Knowledge Database contains many articles with specific details on how to resolve this error. Visit the Knowledge Database at https://www.altera.com/support/support-resources/knowledge-base/search.html and search for this specific error message number. File: /home/victor/pulp_shared_vm/pulp_box/pulpissimo/ips/ibex/rtl/ibex_alu.sv Line: 344
Error (10170): Verilog HDL syntax error at ibex_alu.sv(376) near text: ":";  expecting ";". Check for and fix any syntax errors that appear immediately before or at the specified keyword. The Intel FPGA Knowledge Database contains many articles with specific details on how to resolve this error. Visit the Knowledge Database at https://www.altera.com/support/support-resources/knowledge-base/search.html and search for this specific error message number. File: /home/victor/pulp_shared_vm/pulp_box/pulpissimo/ips/ibex/rtl/ibex_alu.sv Line: 376
Error (10170): Verilog HDL syntax error at ibex_alu.sv(445) near text: "end";  expecting "endmodule". Check for and fix any syntax errors that appear immediately before or at the specified keyword. The Intel FPGA Knowledge Database contains many articles with specific details on how to resolve this error. Visit the Knowledge Database at https://www.altera.com/support/support-resources/knowledge-base/search.html and search for this specific error message number. File: /home/victor/pulp_shared_vm/pulp_box/pulpissimo/ips/ibex/rtl/ibex_alu.sv Line: 445
Error (10170): Verilog HDL syntax error at ibex_alu.sv(454) near text: "end";  expecting "endmodule". Check for and fix any syntax errors that appear immediately before or at the specified keyword. The Intel FPGA Knowledge Database contains many articles with specific details on how to resolve this error. Visit the Knowledge Database at https://www.altera.com/support/support-resources/knowledge-base/search.html and search for this specific error message number. File: /home/victor/pulp_shared_vm/pulp_box/pulpissimo/ips/ibex/rtl/ibex_alu.sv Line: 454
Error (10112): Ignored design unit "ibex_alu" at ibex_alu.sv(9) due to previous errors File: /home/victor/pulp_shared_vm/pulp_box/pulpissimo/ips/ibex/rtl/ibex_alu.sv Line: 9
Info (12021): Found 0 design units, including 0 entities, in source file /home/victor/pulp_shared_vm/pulp_box/pulpissimo/ips/ibex/rtl/ibex_alu.sv
Error (10054): Verilog HDL File I/O error at ibex_compressed_decoder.sv(14): can't open Verilog Design File "prim_assert.sv" File: /home/victor/pulp_shared_vm/pulp_box/pulpissimo/ips/ibex/rtl/ibex_compressed_decoder.sv Line: 14
Critical Warning (10191): Verilog HDL Compiler Directive warning at ibex_compressed_decoder.sv(286): text macro "ASSERT" is undefined File: /home/victor/pulp_shared_vm/pulp_box/pulpissimo/ips/ibex/rtl/ibex_compressed_decoder.sv Line: 286
Error (10170): Verilog HDL syntax error at ibex_compressed_decoder.sv(286) near text: "(";  expecting "endmodule". Check for and fix any syntax errors that appear immediately before or at the specified keyword. The Intel FPGA Knowledge Database contains many articles with specific details on how to resolve this error. Visit the Knowledge Database at https://www.altera.com/support/support-resources/knowledge-base/search.html and search for this specific error message number. File: /home/victor/pulp_shared_vm/pulp_box/pulpissimo/ips/ibex/rtl/ibex_compressed_decoder.sv Line: 286
Error (10759): Verilog HDL error at ibex_compressed_decoder.sv(286): object valid_i declared in a list of port declarations cannot be redeclared within the module body File: /home/victor/pulp_shared_vm/pulp_box/pulpissimo/ips/ibex/rtl/ibex_compressed_decoder.sv Line: 286
Error (10759): Verilog HDL error at ibex_compressed_decoder.sv(296): object instr_i declared in a list of port declarations cannot be redeclared within the module body File: /home/victor/pulp_shared_vm/pulp_box/pulpissimo/ips/ibex/rtl/ibex_compressed_decoder.sv Line: 296
Error (10170): Verilog HDL syntax error at ibex_compressed_decoder.sv(296) near text: "}";  expecting ";". Check for and fix any syntax errors that appear immediately before or at the specified keyword. The Intel FPGA Knowledge Database contains many articles with specific details on how to resolve this error. Visit the Knowledge Database at https://www.altera.com/support/support-resources/knowledge-base/search.html and search for this specific error message number. File: /home/victor/pulp_shared_vm/pulp_box/pulpissimo/ips/ibex/rtl/ibex_compressed_decoder.sv Line: 296
Info (12021): Found 0 design units, including 0 entities, in source file /home/victor/pulp_shared_vm/pulp_box/pulpissimo/ips/ibex/rtl/ibex_compressed_decoder.sv
Error (10054): Verilog HDL File I/O error at ibex_controller.sv(10): can't open Verilog Design File "prim_assert.sv" File: /home/victor/pulp_shared_vm/pulp_box/pulpissimo/ips/ibex/rtl/ibex_controller.sv Line: 10
Critical Warning (10191): Verilog HDL Compiler Directive warning at ibex_controller.sv(220): text macro "ASSERT" is undefined File: /home/victor/pulp_shared_vm/pulp_box/pulpissimo/ips/ibex/rtl/ibex_controller.sv Line: 220
Error (10170): Verilog HDL syntax error at ibex_controller.sv(220) near text: "(";  expecting "endmodule". Check for and fix any syntax errors that appear immediately before or at the specified keyword. The Intel FPGA Knowledge Database contains many articles with specific details on how to resolve this error. Visit the Knowledge Database at https://www.altera.com/support/support-resources/knowledge-base/search.html and search for this specific error message number. File: /home/victor/pulp_shared_vm/pulp_box/pulpissimo/ips/ibex/rtl/ibex_controller.sv Line: 220
Error (10149): Verilog HDL Declaration error at ibex_controller.sv(221): identifier "special_req_branch" is already declared in the present scope File: /home/victor/pulp_shared_vm/pulp_box/pulpissimo/ips/ibex/rtl/ibex_controller.sv Line: 221
Error (10149): Verilog HDL Declaration error at ibex_controller.sv(224): identifier "special_req_all" is already declared in the present scope File: /home/victor/pulp_shared_vm/pulp_box/pulpissimo/ips/ibex/rtl/ibex_controller.sv Line: 224
Error (10170): Verilog HDL syntax error at ibex_controller.sv(231) near text: "end";  expecting "endmodule". Check for and fix any syntax errors that appear immediately before or at the specified keyword. The Intel FPGA Knowledge Database contains many articles with specific details on how to resolve this error. Visit the Knowledge Database at https://www.altera.com/support/support-resources/knowledge-base/search.html and search for this specific error message number. File: /home/victor/pulp_shared_vm/pulp_box/pulpissimo/ips/ibex/rtl/ibex_controller.sv Line: 231
Error (10170): Verilog HDL syntax error at ibex_controller.sv(769) near text: "(";  expecting "endmodule". Check for and fix any syntax errors that appear immediately before or at the specified keyword. The Intel FPGA Knowledge Database contains many articles with specific details on how to resolve this error. Visit the Knowledge Database at https://www.altera.com/support/support-resources/knowledge-base/search.html and search for this specific error message number. File: /home/victor/pulp_shared_vm/pulp_box/pulpissimo/ips/ibex/rtl/ibex_controller.sv Line: 769
Error (10149): Verilog HDL Declaration error at ibex_controller.sv(769): identifier "ctrl_fsm_cs" is already declared in the present scope File: /home/victor/pulp_shared_vm/pulp_box/pulpissimo/ips/ibex/rtl/ibex_controller.sv Line: 769
Error (10149): Verilog HDL Declaration error at ibex_controller.sv(770): identifier "BOOT_SET" is already declared in the present scope File: /home/victor/pulp_shared_vm/pulp_box/pulpissimo/ips/ibex/rtl/ibex_controller.sv Line: 770
Error (10149): Verilog HDL Declaration error at ibex_controller.sv(770): identifier "WAIT_SLEEP" is already declared in the present scope File: /home/victor/pulp_shared_vm/pulp_box/pulpissimo/ips/ibex/rtl/ibex_controller.sv Line: 770
Error (10149): Verilog HDL Declaration error at ibex_controller.sv(770): identifier "SLEEP" is already declared in the present scope File: /home/victor/pulp_shared_vm/pulp_box/pulpissimo/ips/ibex/rtl/ibex_controller.sv Line: 770
Error (10149): Verilog HDL Declaration error at ibex_controller.sv(770): identifier "FIRST_FETCH" is already declared in the present scope File: /home/victor/pulp_shared_vm/pulp_box/pulpissimo/ips/ibex/rtl/ibex_controller.sv Line: 770
Error (10149): Verilog HDL Declaration error at ibex_controller.sv(770): identifier "DECODE" is already declared in the present scope File: /home/victor/pulp_shared_vm/pulp_box/pulpissimo/ips/ibex/rtl/ibex_controller.sv Line: 770
Error (10149): Verilog HDL Declaration error at ibex_controller.sv(770): identifier "FLUSH" is already declared in the present scope File: /home/victor/pulp_shared_vm/pulp_box/pulpissimo/ips/ibex/rtl/ibex_controller.sv Line: 770
Error (10149): Verilog HDL Declaration error at ibex_controller.sv(771): identifier "IRQ_TAKEN" is already declared in the present scope File: /home/victor/pulp_shared_vm/pulp_box/pulpissimo/ips/ibex/rtl/ibex_controller.sv Line: 771
Error (10149): Verilog HDL Declaration error at ibex_controller.sv(771): identifier "DBG_TAKEN_IF" is already declared in the present scope File: /home/victor/pulp_shared_vm/pulp_box/pulpissimo/ips/ibex/rtl/ibex_controller.sv Line: 771
Error (10149): Verilog HDL Declaration error at ibex_controller.sv(771): identifier "DBG_TAKEN_ID" is already declared in the present scope File: /home/victor/pulp_shared_vm/pulp_box/pulpissimo/ips/ibex/rtl/ibex_controller.sv Line: 771
Error (10170): Verilog HDL syntax error at ibex_controller.sv(771) near text: "}";  expecting ";". Check for and fix any syntax errors that appear immediately before or at the specified keyword. The Intel FPGA Knowledge Database contains many articles with specific details on how to resolve this error. Visit the Knowledge Database at https://www.altera.com/support/support-resources/knowledge-base/search.html and search for this specific error message number. File: /home/victor/pulp_shared_vm/pulp_box/pulpissimo/ips/ibex/rtl/ibex_controller.sv Line: 771
Info (12021): Found 0 design units, including 0 entities, in source file /home/victor/pulp_shared_vm/pulp_box/pulpissimo/ips/ibex/rtl/ibex_controller.sv
Error (10054): Verilog HDL File I/O error at ibex_cs_registers.sv(13): can't open Verilog Design File "prim_assert.sv" File: /home/victor/pulp_shared_vm/pulp_box/pulpissimo/ips/ibex/rtl/ibex_cs_registers.sv Line: 13
Error (10170): Verilog HDL syntax error at ibex_cs_registers.sv(663) near text: "inside";  expecting ")". Check for and fix any syntax errors that appear immediately before or at the specified keyword. The Intel FPGA Knowledge Database contains many articles with specific details on how to resolve this error. Visit the Knowledge Database at https://www.altera.com/support/support-resources/knowledge-base/search.html and search for this specific error message number. File: /home/victor/pulp_shared_vm/pulp_box/pulpissimo/ips/ibex/rtl/ibex_cs_registers.sv Line: 663
Error (10170): Verilog HDL syntax error at ibex_cs_registers.sv(767) near text: "if";  expecting "endmodule". Check for and fix any syntax errors that appear immediately before or at the specified keyword. The Intel FPGA Knowledge Database contains many articles with specific details on how to resolve this error. Visit the Knowledge Database at https://www.altera.com/support/support-resources/knowledge-base/search.html and search for this specific error message number. File: /home/victor/pulp_shared_vm/pulp_box/pulpissimo/ips/ibex/rtl/ibex_cs_registers.sv Line: 767
Error (10170): Verilog HDL syntax error at ibex_cs_registers.sv(775) near text: "for";  expecting "endmodule". Check for and fix any syntax errors that appear immediately before or at the specified keyword. The Intel FPGA Knowledge Database contains many articles with specific details on how to resolve this error. Visit the Knowledge Database at https://www.altera.com/support/support-resources/knowledge-base/search.html and search for this specific error message number. File: /home/victor/pulp_shared_vm/pulp_box/pulpissimo/ips/ibex/rtl/ibex_cs_registers.sv Line: 775
Error (10170): Verilog HDL syntax error at ibex_cs_registers.sv(778) near text: ".";  expecting ";". Check for and fix any syntax errors that appear immediately before or at the specified keyword. The Intel FPGA Knowledge Database contains many articles with specific details on how to resolve this error. Visit the Knowledge Database at https://www.altera.com/support/support-resources/knowledge-base/search.html and search for this specific error message number. File: /home/victor/pulp_shared_vm/pulp_box/pulpissimo/ips/ibex/rtl/ibex_cs_registers.sv Line: 778
Error (10149): Verilog HDL Declaration error at ibex_cs_registers.sv(779): identifier "pmp_cfg" is already declared in the present scope File: /home/victor/pulp_shared_vm/pulp_box/pulpissimo/ips/ibex/rtl/ibex_cs_registers.sv Line: 779
Error (10170): Verilog HDL syntax error at ibex_cs_registers.sv(779) near text: ".";  expecting ";". Check for and fix any syntax errors that appear immediately before or at the specified keyword. The Intel FPGA Knowledge Database contains many articles with specific details on how to resolve this error. Visit the Knowledge Database at https://www.altera.com/support/support-resources/knowledge-base/search.html and search for this specific error message number. File: /home/victor/pulp_shared_vm/pulp_box/pulpissimo/ips/ibex/rtl/ibex_cs_registers.sv Line: 779
Error (10170): Verilog HDL syntax error at ibex_cs_registers.sv(791) near text: "==";  expecting ".", or "(". Check for and fix any syntax errors that appear immediately before or at the specified keyword. The Intel FPGA Knowledge Database contains many articles with specific details on how to resolve this error. Visit the Knowledge Database at https://www.altera.com/support/support-resources/knowledge-base/search.html and search for this specific error message number. File: /home/victor/pulp_shared_vm/pulp_box/pulpissimo/ips/ibex/rtl/ibex_cs_registers.sv Line: 791
Error (10170): Verilog HDL syntax error at ibex_cs_registers.sv(800) near text: "==";  expecting ".", or "(". Check for and fix any syntax errors that appear immediately before or at the specified keyword. The Intel FPGA Knowledge Database contains many articles with specific details on how to resolve this error. Visit the Knowledge Database at https://www.altera.com/support/support-resources/knowledge-base/search.html and search for this specific error message number. File: /home/victor/pulp_shared_vm/pulp_box/pulpissimo/ips/ibex/rtl/ibex_cs_registers.sv Line: 800
Error (10170): Verilog HDL syntax error at ibex_cs_registers.sv(803) near text: "==";  expecting ".", or "(". Check for and fix any syntax errors that appear immediately before or at the specified keyword. The Intel FPGA Knowledge Database contains many articles with specific details on how to resolve this error. Visit the Knowledge Database at https://www.altera.com/support/support-resources/knowledge-base/search.html and search for this specific error message number. File: /home/victor/pulp_shared_vm/pulp_box/pulpissimo/ips/ibex/rtl/ibex_cs_registers.sv Line: 803
Error (10170): Verilog HDL syntax error at ibex_cs_registers.sv(814) near text: "end";  expecting "endmodule". Check for and fix any syntax errors that appear immediately before or at the specified keyword. The Intel FPGA Knowledge Database contains many articles with specific details on how to resolve this error. Visit the Knowledge Database at https://www.altera.com/support/support-resources/knowledge-base/search.html and search for this specific error message number. File: /home/victor/pulp_shared_vm/pulp_box/pulpissimo/ips/ibex/rtl/ibex_cs_registers.sv Line: 814
Error (10149): Verilog HDL Declaration error at ibex_cs_registers.sv(818): identifier "i" is already declared in the present scope File: /home/victor/pulp_shared_vm/pulp_box/pulpissimo/ips/ibex/rtl/ibex_cs_registers.sv Line: 818
Error (10170): Verilog HDL syntax error at ibex_cs_registers.sv(854) near text: "if";  expecting "endmodule". Check for and fix any syntax errors that appear immediately before or at the specified keyword. The Intel FPGA Knowledge Database contains many articles with specific details on how to resolve this error. Visit the Knowledge Database at https://www.altera.com/support/support-resources/knowledge-base/search.html and search for this specific error message number. File: /home/victor/pulp_shared_vm/pulp_box/pulpissimo/ips/ibex/rtl/ibex_cs_registers.sv Line: 854
Error (10170): Verilog HDL syntax error at ibex_cs_registers.sv(872) near text: "end";  expecting "endmodule". Check for and fix any syntax errors that appear immediately before or at the specified keyword. The Intel FPGA Knowledge Database contains many articles with specific details on how to resolve this error. Visit the Knowledge Database at https://www.altera.com/support/support-resources/knowledge-base/search.html and search for this specific error message number. File: /home/victor/pulp_shared_vm/pulp_box/pulpissimo/ips/ibex/rtl/ibex_cs_registers.sv Line: 872
Error (10170): Verilog HDL syntax error at ibex_cs_registers.sv(879) near text: "end";  expecting "endmodule". Check for and fix any syntax errors that appear immediately before or at the specified keyword. The Intel FPGA Knowledge Database contains many articles with specific details on how to resolve this error. Visit the Knowledge Database at https://www.altera.com/support/support-resources/knowledge-base/search.html and search for this specific error message number. File: /home/victor/pulp_shared_vm/pulp_box/pulpissimo/ips/ibex/rtl/ibex_cs_registers.sv Line: 879
Error (10149): Verilog HDL Declaration error at ibex_cs_registers.sv(880): identifier "i" is already declared in the present scope File: /home/victor/pulp_shared_vm/pulp_box/pulpissimo/ips/ibex/rtl/ibex_cs_registers.sv Line: 880
Error (10170): Verilog HDL syntax error at ibex_cs_registers.sv(883) near text: "end";  expecting "endmodule". Check for and fix any syntax errors that appear immediately before or at the specified keyword. The Intel FPGA Knowledge Database contains many articles with specific details on how to resolve this error. Visit the Knowledge Database at https://www.altera.com/support/support-resources/knowledge-base/search.html and search for this specific error message number. File: /home/victor/pulp_shared_vm/pulp_box/pulpissimo/ips/ibex/rtl/ibex_cs_registers.sv Line: 883
Error (10170): Verilog HDL syntax error at ibex_cs_registers.sv(989) near text: "if";  expecting "endmodule". Check for and fix any syntax errors that appear immediately before or at the specified keyword. The Intel FPGA Knowledge Database contains many articles with specific details on how to resolve this error. Visit the Knowledge Database at https://www.altera.com/support/support-resources/knowledge-base/search.html and search for this specific error message number. File: /home/victor/pulp_shared_vm/pulp_box/pulpissimo/ips/ibex/rtl/ibex_cs_registers.sv Line: 989
Error (10149): Verilog HDL Declaration error at ibex_cs_registers.sv(990): identifier "mcountinhibit_q" is already declared in the present scope File: /home/victor/pulp_shared_vm/pulp_box/pulpissimo/ips/ibex/rtl/ibex_cs_registers.sv Line: 990
Info (12021): Found 0 design units, including 0 entities, in source file /home/victor/pulp_shared_vm/pulp_box/pulpissimo/ips/ibex/rtl/ibex_cs_registers.sv
Error (10170): Verilog HDL syntax error at ibex_counters.sv(19) near text: "for";  expecting "endmodule". Check for and fix any syntax errors that appear immediately before or at the specified keyword. The Intel FPGA Knowledge Database contains many articles with specific details on how to resolve this error. Visit the Knowledge Database at https://www.altera.com/support/support-resources/knowledge-base/search.html and search for this specific error message number. File: /home/victor/pulp_shared_vm/pulp_box/pulpissimo/ips/ibex/rtl/ibex_counters.sv Line: 19
Error (10170): Verilog HDL syntax error at ibex_counters.sv(75) near text: "if";  expecting "endmodule". Check for and fix any syntax errors that appear immediately before or at the specified keyword. The Intel FPGA Knowledge Database contains many articles with specific details on how to resolve this error. Visit the Knowledge Database at https://www.altera.com/support/support-resources/knowledge-base/search.html and search for this specific error message number. File: /home/victor/pulp_shared_vm/pulp_box/pulpissimo/ips/ibex/rtl/ibex_counters.sv Line: 75
Error (10170): Verilog HDL syntax error at ibex_counters.sv(78) near text: "end";  expecting "endmodule". Check for and fix any syntax errors that appear immediately before or at the specified keyword. The Intel FPGA Knowledge Database contains many articles with specific details on how to resolve this error. Visit the Knowledge Database at https://www.altera.com/support/support-resources/knowledge-base/search.html and search for this specific error message number. File: /home/victor/pulp_shared_vm/pulp_box/pulpissimo/ips/ibex/rtl/ibex_counters.sv Line: 78
Error (10112): Ignored design unit "ibex_counters" at ibex_counters.sv(1) due to previous errors File: /home/victor/pulp_shared_vm/pulp_box/pulpissimo/ips/ibex/rtl/ibex_counters.sv Line: 1
Info (12021): Found 0 design units, including 0 entities, in source file /home/victor/pulp_shared_vm/pulp_box/pulpissimo/ips/ibex/rtl/ibex_counters.sv
Error (10054): Verilog HDL File I/O error at ibex_decoder.sv(19): can't open Verilog Design File "prim_assert.sv" File: /home/victor/pulp_shared_vm/pulp_box/pulpissimo/ips/ibex/rtl/ibex_decoder.sv Line: 19
Error (10170): Verilog HDL syntax error at ibex_decoder.sv(152) near text: "if";  expecting "endmodule". Check for and fix any syntax errors that appear immediately before or at the specified keyword. The Intel FPGA Knowledge Database contains many articles with specific details on how to resolve this error. Visit the Knowledge Database at https://www.altera.com/support/support-resources/knowledge-base/search.html and search for this specific error message number. File: /home/victor/pulp_shared_vm/pulp_box/pulpissimo/ips/ibex/rtl/ibex_decoder.sv Line: 152
Critical Warning (10191): Verilog HDL Compiler Directive warning at ibex_decoder.sv(993): text macro "ASSERT" is undefined File: /home/victor/pulp_shared_vm/pulp_box/pulpissimo/ips/ibex/rtl/ibex_decoder.sv Line: 993
Error (10170): Verilog HDL syntax error at ibex_decoder.sv(993) near text: "(";  expecting "endmodule". Check for and fix any syntax errors that appear immediately before or at the specified keyword. The Intel FPGA Knowledge Database contains many articles with specific details on how to resolve this error. Visit the Knowledge Database at https://www.altera.com/support/support-resources/knowledge-base/search.html and search for this specific error message number. File: /home/victor/pulp_shared_vm/pulp_box/pulpissimo/ips/ibex/rtl/ibex_decoder.sv Line: 993
Info (12021): Found 0 design units, including 0 entities, in source file /home/victor/pulp_shared_vm/pulp_box/pulpissimo/ips/ibex/rtl/ibex_decoder.sv
Error (10170): Verilog HDL syntax error at ibex_ex_block.sv(78) near text: "if";  expecting "endmodule". Check for and fix any syntax errors that appear immediately before or at the specified keyword. The Intel FPGA Knowledge Database contains many articles with specific details on how to resolve this error. Visit the Knowledge Database at https://www.altera.com/support/support-resources/knowledge-base/search.html and search for this specific error message number. File: /home/victor/pulp_shared_vm/pulp_box/pulpissimo/ips/ibex/rtl/ibex_ex_block.sv Line: 78
Error (10170): Verilog HDL syntax error at ibex_ex_block.sv(89) near text: "if";  expecting "endmodule". Check for and fix any syntax errors that appear immediately before or at the specified keyword. The Intel FPGA Knowledge Database contains many articles with specific details on how to resolve this error. Visit the Knowledge Database at https://www.altera.com/support/support-resources/knowledge-base/search.html and search for this specific error message number. File: /home/victor/pulp_shared_vm/pulp_box/pulpissimo/ips/ibex/rtl/ibex_ex_block.sv Line: 89
Error (10170): Verilog HDL syntax error at ibex_ex_block.sv(97) near text: "end";  expecting "endmodule". Check for and fix any syntax errors that appear immediately before or at the specified keyword. The Intel FPGA Knowledge Database contains many articles with specific details on how to resolve this error. Visit the Knowledge Database at https://www.altera.com/support/support-resources/knowledge-base/search.html and search for this specific error message number. File: /home/victor/pulp_shared_vm/pulp_box/pulpissimo/ips/ibex/rtl/ibex_ex_block.sv Line: 97
Error (10170): Verilog HDL syntax error at ibex_ex_block.sv(105) near text: "end";  expecting "endmodule". Check for and fix any syntax errors that appear immediately before or at the specified keyword. The Intel FPGA Knowledge Database contains many articles with specific details on how to resolve this error. Visit the Knowledge Database at https://www.altera.com/support/support-resources/knowledge-base/search.html and search for this specific error message number. File: /home/victor/pulp_shared_vm/pulp_box/pulpissimo/ips/ibex/rtl/ibex_ex_block.sv Line: 105
Error (10170): Verilog HDL syntax error at ibex_ex_block.sv(135) near text: "if";  expecting "endmodule". Check for and fix any syntax errors that appear immediately before or at the specified keyword. The Intel FPGA Knowledge Database contains many articles with specific details on how to resolve this error. Visit the Knowledge Database at https://www.altera.com/support/support-resources/knowledge-base/search.html and search for this specific error message number. File: /home/victor/pulp_shared_vm/pulp_box/pulpissimo/ips/ibex/rtl/ibex_ex_block.sv Line: 135
Error (10112): Ignored design unit "ibex_ex_block" at ibex_ex_block.sv(11) due to previous errors File: /home/victor/pulp_shared_vm/pulp_box/pulpissimo/ips/ibex/rtl/ibex_ex_block.sv Line: 11
Info (12021): Found 0 design units, including 0 entities, in source file /home/victor/pulp_shared_vm/pulp_box/pulpissimo/ips/ibex/rtl/ibex_ex_block.sv
Error (10054): Verilog HDL File I/O error at ibex_id_stage.sv(17): can't open Verilog Design File "prim_assert.sv" File: /home/victor/pulp_shared_vm/pulp_box/pulpissimo/ips/ibex/rtl/ibex_id_stage.sv Line: 17
Error (10170): Verilog HDL syntax error at ibex_id_stage.sv(297) near text: "if";  expecting "endmodule". Check for and fix any syntax errors that appear immediately before or at the specified keyword. The Intel FPGA Knowledge Database contains many articles with specific details on how to resolve this error. Visit the Knowledge Database at https://www.altera.com/support/support-resources/knowledge-base/search.html and search for this specific error message number. File: /home/victor/pulp_shared_vm/pulp_box/pulpissimo/ips/ibex/rtl/ibex_id_stage.sv Line: 297
Error (10170): Verilog HDL syntax error at ibex_id_stage.sv(302) near text: "bt_a_operand_o";  expecting "assert". Check for and fix any syntax errors that appear immediately before or at the specified keyword. The Intel FPGA Knowledge Database contains many articles with specific details on how to resolve this error. Visit the Knowledge Database at https://www.altera.com/support/support-resources/knowledge-base/search.html and search for this specific error message number. File: /home/victor/pulp_shared_vm/pulp_box/pulpissimo/ips/ibex/rtl/ibex_id_stage.sv Line: 302
Error (10170): Verilog HDL syntax error at ibex_id_stage.sv(329) near text: "end";  expecting "endmodule". Check for and fix any syntax errors that appear immediately before or at the specified keyword. The Intel FPGA Knowledge Database contains many articles with specific details on how to resolve this error. Visit the Knowledge Database at https://www.altera.com/support/support-resources/knowledge-base/search.html and search for this specific error message number. File: /home/victor/pulp_shared_vm/pulp_box/pulpissimo/ips/ibex/rtl/ibex_id_stage.sv Line: 329
Error (10149): Verilog HDL Declaration error at ibex_id_stage.sv(339): identifier "immediate_b_mux" is already declared in the present scope File: /home/victor/pulp_shared_vm/pulp_box/pulpissimo/ips/ibex/rtl/ibex_id_stage.sv Line: 339
Error (10170): Verilog HDL syntax error at ibex_id_stage.sv(351) near text: "end";  expecting "endmodule". Check for and fix any syntax errors that appear immediately before or at the specified keyword. The Intel FPGA Knowledge Database contains many articles with specific details on how to resolve this error. Visit the Knowledge Database at https://www.altera.com/support/support-resources/knowledge-base/search.html and search for this specific error message number. File: /home/victor/pulp_shared_vm/pulp_box/pulpissimo/ips/ibex/rtl/ibex_id_stage.sv Line: 351
Error (10170): Verilog HDL syntax error at ibex_id_stage.sv(623) near text: "if";  expecting "endmodule". Check for and fix any syntax errors that appear immediately before or at the specified keyword. The Intel FPGA Knowledge Database contains many articles with specific details on how to resolve this error. Visit the Knowledge Database at https://www.altera.com/support/support-resources/knowledge-base/search.html and search for this specific error message number. File: /home/victor/pulp_shared_vm/pulp_box/pulpissimo/ips/ibex/rtl/ibex_id_stage.sv Line: 623
Error (10170): Verilog HDL syntax error at ibex_id_stage.sv(644) near text: "end";  expecting "endmodule". Check for and fix any syntax errors that appear immediately before or at the specified keyword. The Intel FPGA Knowledge Database contains many articles with specific details on how to resolve this error. Visit the Knowledge Database at https://www.altera.com/support/support-resources/knowledge-base/search.html and search for this specific error message number. File: /home/victor/pulp_shared_vm/pulp_box/pulpissimo/ips/ibex/rtl/ibex_id_stage.sv Line: 644
Error (10170): Verilog HDL syntax error at ibex_id_stage.sv(661) near text: "end";  expecting "endmodule". Check for and fix any syntax errors that appear immediately before or at the specified keyword. The Intel FPGA Knowledge Database contains many articles with specific details on how to resolve this error. Visit the Knowledge Database at https://www.altera.com/support/support-resources/knowledge-base/search.html and search for this specific error message number. File: /home/victor/pulp_shared_vm/pulp_box/pulpissimo/ips/ibex/rtl/ibex_id_stage.sv Line: 661
Critical Warning (10191): Verilog HDL Compiler Directive warning at ibex_id_stage.sv(671): text macro "ASSERT" is undefined File: /home/victor/pulp_shared_vm/pulp_box/pulpissimo/ips/ibex/rtl/ibex_id_stage.sv Line: 671
Error (10149): Verilog HDL Declaration error at ibex_id_stage.sv(671): identifier "branch_set" is already declared in the present scope File: /home/victor/pulp_shared_vm/pulp_box/pulpissimo/ips/ibex/rtl/ibex_id_stage.sv Line: 671
Error (10170): Verilog HDL syntax error at ibex_id_stage.sv(778) near text: "(";  expecting "endmodule". Check for and fix any syntax errors that appear immediately before or at the specified keyword. The Intel FPGA Knowledge Database contains many articles with specific details on how to resolve this error. Visit the Knowledge Database at https://www.altera.com/support/support-resources/knowledge-base/search.html and search for this specific error message number. File: /home/victor/pulp_shared_vm/pulp_box/pulpissimo/ips/ibex/rtl/ibex_id_stage.sv Line: 778
Error (10170): Verilog HDL syntax error at ibex_id_stage.sv(786) near text: "if";  expecting "endmodule". Check for and fix any syntax errors that appear immediately before or at the specified keyword. The Intel FPGA Knowledge Database contains many articles with specific details on how to resolve this error. Visit the Knowledge Database at https://www.altera.com/support/support-resources/knowledge-base/search.html and search for this specific error message number. File: /home/victor/pulp_shared_vm/pulp_box/pulpissimo/ips/ibex/rtl/ibex_id_stage.sv Line: 786
Error (10170): Verilog HDL syntax error at ibex_id_stage.sv(790) near text: "end";  expecting "endmodule". Check for and fix any syntax errors that appear immediately before or at the specified keyword. The Intel FPGA Knowledge Database contains many articles with specific details on how to resolve this error. Visit the Knowledge Database at https://www.altera.com/support/support-resources/knowledge-base/search.html and search for this specific error message number. File: /home/victor/pulp_shared_vm/pulp_box/pulpissimo/ips/ibex/rtl/ibex_id_stage.sv Line: 790
Error (10170): Verilog HDL syntax error at ibex_id_stage.sv(799) near text: "if";  expecting "endmodule". Check for and fix any syntax errors that appear immediately before or at the specified keyword. The Intel FPGA Knowledge Database contains many articles with specific details on how to resolve this error. Visit the Knowledge Database at https://www.altera.com/support/support-resources/knowledge-base/search.html and search for this specific error message number. File: /home/victor/pulp_shared_vm/pulp_box/pulpissimo/ips/ibex/rtl/ibex_id_stage.sv Line: 799
Error (10170): Verilog HDL syntax error at ibex_id_stage.sv(862) near text: "(";  expecting "endmodule". Check for and fix any syntax errors that appear immediately before or at the specified keyword. The Intel FPGA Knowledge Database contains many articles with specific details on how to resolve this error. Visit the Knowledge Database at https://www.altera.com/support/support-resources/knowledge-base/search.html and search for this specific error message number. File: /home/victor/pulp_shared_vm/pulp_box/pulpissimo/ips/ibex/rtl/ibex_id_stage.sv Line: 862
Error (10759): Verilog HDL error at ibex_id_stage.sv(863): object instr_valid_i declared in a list of port declarations cannot be redeclared within the module body File: /home/victor/pulp_shared_vm/pulp_box/pulpissimo/ips/ibex/rtl/ibex_id_stage.sv Line: 863
Error (10170): Verilog HDL syntax error at ibex_id_stage.sv(901) near text: "end";  expecting "endmodule". Check for and fix any syntax errors that appear immediately before or at the specified keyword. The Intel FPGA Knowledge Database contains many articles with specific details on how to resolve this error. Visit the Knowledge Database at https://www.altera.com/support/support-resources/knowledge-base/search.html and search for this specific error message number. File: /home/victor/pulp_shared_vm/pulp_box/pulpissimo/ips/ibex/rtl/ibex_id_stage.sv Line: 901
Error (10170): Verilog HDL syntax error at ibex_id_stage.sv(915) near text: "(";  expecting "endmodule". Check for and fix any syntax errors that appear immediately before or at the specified keyword. The Intel FPGA Knowledge Database contains many articles with specific details on how to resolve this error. Visit the Knowledge Database at https://www.altera.com/support/support-resources/knowledge-base/search.html and search for this specific error message number. File: /home/victor/pulp_shared_vm/pulp_box/pulpissimo/ips/ibex/rtl/ibex_id_stage.sv Line: 915
Error (10759): Verilog HDL error at ibex_id_stage.sv(916): object instr_valid_i declared in a list of port declarations cannot be redeclared within the module body File: /home/victor/pulp_shared_vm/pulp_box/pulpissimo/ips/ibex/rtl/ibex_id_stage.sv Line: 916
Info (12021): Found 0 design units, including 0 entities, in source file /home/victor/pulp_shared_vm/pulp_box/pulpissimo/ips/ibex/rtl/ibex_id_stage.sv
Error (10054): Verilog HDL File I/O error at ibex_if_stage.sv(13): can't open Verilog Design File "prim_assert.sv" File: /home/victor/pulp_shared_vm/pulp_box/pulpissimo/ips/ibex/rtl/ibex_if_stage.sv Line: 13
Error (10170): Verilog HDL syntax error at ibex_if_stage.sv(146) near text: "if";  expecting "endmodule". Check for and fix any syntax errors that appear immediately before or at the specified keyword. The Intel FPGA Knowledge Database contains many articles with specific details on how to resolve this error. Visit the Knowledge Database at https://www.altera.com/support/support-resources/knowledge-base/search.html and search for this specific error message number. File: /home/victor/pulp_shared_vm/pulp_box/pulpissimo/ips/ibex/rtl/ibex_if_stage.sv Line: 146
Error (10170): Verilog HDL syntax error at ibex_if_stage.sv(210) near text: "end";  expecting "endmodule". Check for and fix any syntax errors that appear immediately before or at the specified keyword. The Intel FPGA Knowledge Database contains many articles with specific details on how to resolve this error. Visit the Knowledge Database at https://www.altera.com/support/support-resources/knowledge-base/search.html and search for this specific error message number. File: /home/victor/pulp_shared_vm/pulp_box/pulpissimo/ips/ibex/rtl/ibex_if_stage.sv Line: 210
Critical Warning (10191): Verilog HDL Compiler Directive warning at ibex_if_stage.sv(280): text macro "ASSERT_KNOWN" is undefined File: /home/victor/pulp_shared_vm/pulp_box/pulpissimo/ips/ibex/rtl/ibex_if_stage.sv Line: 280
Error (10170): Verilog HDL syntax error at ibex_if_stage.sv(280) near text: "(";  expecting "endmodule". Check for and fix any syntax errors that appear immediately before or at the specified keyword. The Intel FPGA Knowledge Database contains many articles with specific details on how to resolve this error. Visit the Knowledge Database at https://www.altera.com/support/support-resources/knowledge-base/search.html and search for this specific error message number. File: /home/victor/pulp_shared_vm/pulp_box/pulpissimo/ips/ibex/rtl/ibex_if_stage.sv Line: 280
Error (10759): Verilog HDL error at ibex_if_stage.sv(280): object exc_pc_mux_i declared in a list of port declarations cannot be redeclared within the module body File: /home/victor/pulp_shared_vm/pulp_box/pulpissimo/ips/ibex/rtl/ibex_if_stage.sv Line: 280
Critical Warning (10191): Verilog HDL Compiler Directive warning at ibex_if_stage.sv(281): text macro "ASSERT" is undefined File: /home/victor/pulp_shared_vm/pulp_box/pulpissimo/ips/ibex/rtl/ibex_if_stage.sv Line: 281
Error (10759): Verilog HDL error at ibex_if_stage.sv(281): object pc_mux_i declared in a list of port declarations cannot be redeclared within the module body File: /home/victor/pulp_shared_vm/pulp_box/pulpissimo/ips/ibex/rtl/ibex_if_stage.sv Line: 281
Error (10170): Verilog HDL syntax error at ibex_if_stage.sv(286) near text: "}";  expecting ";". Check for and fix any syntax errors that appear immediately before or at the specified keyword. The Intel FPGA Knowledge Database contains many articles with specific details on how to resolve this error. Visit the Knowledge Database at https://www.altera.com/support/support-resources/knowledge-base/search.html and search for this specific error message number. File: /home/victor/pulp_shared_vm/pulp_box/pulpissimo/ips/ibex/rtl/ibex_if_stage.sv Line: 286
Error (10759): Verilog HDL error at ibex_if_stage.sv(289): object boot_addr_i declared in a list of port declarations cannot be redeclared within the module body File: /home/victor/pulp_shared_vm/pulp_box/pulpissimo/ips/ibex/rtl/ibex_if_stage.sv Line: 289
Error (10170): Verilog HDL syntax error at ibex_if_stage.sv(289) near text: "==";  expecting ";". Check for and fix any syntax errors that appear immediately before or at the specified keyword. The Intel FPGA Knowledge Database contains many articles with specific details on how to resolve this error. Visit the Knowledge Database at https://www.altera.com/support/support-resources/knowledge-base/search.html and search for this specific error message number. File: /home/victor/pulp_shared_vm/pulp_box/pulpissimo/ips/ibex/rtl/ibex_if_stage.sv Line: 289
Error (10759): Verilog HDL error at ibex_if_stage.sv(292): object instr_err_i declared in a list of port declarations cannot be redeclared within the module body File: /home/victor/pulp_shared_vm/pulp_box/pulpissimo/ips/ibex/rtl/ibex_if_stage.sv Line: 292
Error (10759): Verilog HDL error at ibex_if_stage.sv(295): object instr_req_o declared in a list of port declarations cannot be redeclared within the module body File: /home/victor/pulp_shared_vm/pulp_box/pulpissimo/ips/ibex/rtl/ibex_if_stage.sv Line: 295
Error (10759): Verilog HDL error at ibex_if_stage.sv(298): object instr_req_o declared in a list of port declarations cannot be redeclared within the module body File: /home/victor/pulp_shared_vm/pulp_box/pulpissimo/ips/ibex/rtl/ibex_if_stage.sv Line: 298
Info (12021): Found 0 design units, including 0 entities, in source file /home/victor/pulp_shared_vm/pulp_box/pulpissimo/ips/ibex/rtl/ibex_if_stage.sv
Error (10054): Verilog HDL File I/O error at ibex_wb_stage.sv(14): can't open Verilog Design File "prim_assert.sv" File: /home/victor/pulp_shared_vm/pulp_box/pulpissimo/ips/ibex/rtl/ibex_wb_stage.sv Line: 14
Error (10170): Verilog HDL syntax error at ibex_wb_stage.sv(57) near text: "if";  expecting "endmodule". Check for and fix any syntax errors that appear immediately before or at the specified keyword. The Intel FPGA Knowledge Database contains many articles with specific details on how to resolve this error. Visit the Knowledge Database at https://www.altera.com/support/support-resources/knowledge-base/search.html and search for this specific error message number. File: /home/victor/pulp_shared_vm/pulp_box/pulpissimo/ips/ibex/rtl/ibex_wb_stage.sv Line: 57
Error (10170): Verilog HDL syntax error at ibex_wb_stage.sv(118) near text: "end";  expecting "endmodule". Check for and fix any syntax errors that appear immediately before or at the specified keyword. The Intel FPGA Knowledge Database contains many articles with specific details on how to resolve this error. Visit the Knowledge Database at https://www.altera.com/support/support-resources/knowledge-base/search.html and search for this specific error message number. File: /home/victor/pulp_shared_vm/pulp_box/pulpissimo/ips/ibex/rtl/ibex_wb_stage.sv Line: 118
Error (10170): Verilog HDL syntax error at ibex_wb_stage.sv(150) near text: "end";  expecting "endmodule". Check for and fix any syntax errors that appear immediately before or at the specified keyword. The Intel FPGA Knowledge Database contains many articles with specific details on how to resolve this error. Visit the Knowledge Database at https://www.altera.com/support/support-resources/knowledge-base/search.html and search for this specific error message number. File: /home/victor/pulp_shared_vm/pulp_box/pulpissimo/ips/ibex/rtl/ibex_wb_stage.sv Line: 150
Critical Warning (10191): Verilog HDL Compiler Directive warning at ibex_wb_stage.sv(160): text macro "ASSERT" is undefined File: /home/victor/pulp_shared_vm/pulp_box/pulpissimo/ips/ibex/rtl/ibex_wb_stage.sv Line: 160
Error (10170): Verilog HDL syntax error at ibex_wb_stage.sv(160) near text: "(";  expecting "endmodule". Check for and fix any syntax errors that appear immediately before or at the specified keyword. The Intel FPGA Knowledge Database contains many articles with specific details on how to resolve this error. Visit the Knowledge Database at https://www.altera.com/support/support-resources/knowledge-base/search.html and search for this specific error message number. File: /home/victor/pulp_shared_vm/pulp_box/pulpissimo/ips/ibex/rtl/ibex_wb_stage.sv Line: 160
Info (12021): Found 0 design units, including 0 entities, in source file /home/victor/pulp_shared_vm/pulp_box/pulpissimo/ips/ibex/rtl/ibex_wb_stage.sv
Error (10054): Verilog HDL File I/O error at ibex_load_store_unit.sv(14): can't open Verilog Design File "prim_assert.sv" File: /home/victor/pulp_shared_vm/pulp_box/pulpissimo/ips/ibex/rtl/ibex_load_store_unit.sv Line: 14
Critical Warning (10191): Verilog HDL Compiler Directive warning at ibex_load_store_unit.sv(514): text macro "ASSERT" is undefined File: /home/victor/pulp_shared_vm/pulp_box/pulpissimo/ips/ibex/rtl/ibex_load_store_unit.sv Line: 514
Error (10170): Verilog HDL syntax error at ibex_load_store_unit.sv(514) near text: "(";  expecting "endmodule". Check for and fix any syntax errors that appear immediately before or at the specified keyword. The Intel FPGA Knowledge Database contains many articles with specific details on how to resolve this error. Visit the Knowledge Database at https://www.altera.com/support/support-resources/knowledge-base/search.html and search for this specific error message number. File: /home/victor/pulp_shared_vm/pulp_box/pulpissimo/ips/ibex/rtl/ibex_load_store_unit.sv Line: 514
Critical Warning (10191): Verilog HDL Compiler Directive warning at ibex_load_store_unit.sv(516): text macro "ASSERT_KNOWN" is undefined File: /home/victor/pulp_shared_vm/pulp_box/pulpissimo/ips/ibex/rtl/ibex_load_store_unit.sv Line: 516
Error (10149): Verilog HDL Declaration error at ibex_load_store_unit.sv(516): identifier "rdata_offset_q" is already declared in the present scope File: /home/victor/pulp_shared_vm/pulp_box/pulpissimo/ips/ibex/rtl/ibex_load_store_unit.sv Line: 516
Error (10149): Verilog HDL Declaration error at ibex_load_store_unit.sv(517): identifier "data_type_q" is already declared in the present scope File: /home/victor/pulp_shared_vm/pulp_box/pulpissimo/ips/ibex/rtl/ibex_load_store_unit.sv Line: 517
Error (10149): Verilog HDL Declaration error at ibex_load_store_unit.sv(518): identifier "ls_fsm_cs" is already declared in the present scope File: /home/victor/pulp_shared_vm/pulp_box/pulpissimo/ips/ibex/rtl/ibex_load_store_unit.sv Line: 518
Error (10149): Verilog HDL Declaration error at ibex_load_store_unit.sv(519): identifier "WAIT_GNT_MIS" is already declared in the present scope File: /home/victor/pulp_shared_vm/pulp_box/pulpissimo/ips/ibex/rtl/ibex_load_store_unit.sv Line: 519
Error (10149): Verilog HDL Declaration error at ibex_load_store_unit.sv(519): identifier "WAIT_RVALID_MIS" is already declared in the present scope File: /home/victor/pulp_shared_vm/pulp_box/pulpissimo/ips/ibex/rtl/ibex_load_store_unit.sv Line: 519
Error (10149): Verilog HDL Declaration error at ibex_load_store_unit.sv(519): identifier "WAIT_GNT" is already declared in the present scope File: /home/victor/pulp_shared_vm/pulp_box/pulpissimo/ips/ibex/rtl/ibex_load_store_unit.sv Line: 519
Error (10149): Verilog HDL Declaration error at ibex_load_store_unit.sv(520): identifier "WAIT_RVALID_MIS_GNTS_DONE" is already declared in the present scope File: /home/victor/pulp_shared_vm/pulp_box/pulpissimo/ips/ibex/rtl/ibex_load_store_unit.sv Line: 520
Error (10170): Verilog HDL syntax error at ibex_load_store_unit.sv(520) near text: "}";  expecting ";". Check for and fix any syntax errors that appear immediately before or at the specified keyword. The Intel FPGA Knowledge Database contains many articles with specific details on how to resolve this error. Visit the Knowledge Database at https://www.altera.com/support/support-resources/knowledge-base/search.html and search for this specific error message number. File: /home/victor/pulp_shared_vm/pulp_box/pulpissimo/ips/ibex/rtl/ibex_load_store_unit.sv Line: 520
Error (10759): Verilog HDL error at ibex_load_store_unit.sv(523): object data_err_i declared in a list of port declarations cannot be redeclared within the module body File: /home/victor/pulp_shared_vm/pulp_box/pulpissimo/ips/ibex/rtl/ibex_load_store_unit.sv Line: 523
Error (10759): Verilog HDL error at ibex_load_store_unit.sv(526): object data_req_o declared in a list of port declarations cannot be redeclared within the module body File: /home/victor/pulp_shared_vm/pulp_box/pulpissimo/ips/ibex/rtl/ibex_load_store_unit.sv Line: 526
Error (10759): Verilog HDL error at ibex_load_store_unit.sv(529): object data_req_o declared in a list of port declarations cannot be redeclared within the module body File: /home/victor/pulp_shared_vm/pulp_box/pulpissimo/ips/ibex/rtl/ibex_load_store_unit.sv Line: 529
Info (12021): Found 0 design units, including 0 entities, in source file /home/victor/pulp_shared_vm/pulp_box/pulpissimo/ips/ibex/rtl/ibex_load_store_unit.sv
Error (10054): Verilog HDL File I/O error at ibex_multdiv_slow.sv(12): can't open Verilog Design File "prim_assert.sv" File: /home/victor/pulp_shared_vm/pulp_box/pulpissimo/ips/ibex/rtl/ibex_multdiv_slow.sv Line: 12
Critical Warning (10191): Verilog HDL Compiler Directive warning at ibex_multdiv_slow.sv(315): text macro "ASSERT" is undefined File: /home/victor/pulp_shared_vm/pulp_box/pulpissimo/ips/ibex/rtl/ibex_multdiv_slow.sv Line: 315
Error (10170): Verilog HDL syntax error at ibex_multdiv_slow.sv(315) near text: "(";  expecting "endmodule". Check for and fix any syntax errors that appear immediately before or at the specified keyword. The Intel FPGA Knowledge Database contains many articles with specific details on how to resolve this error. Visit the Knowledge Database at https://www.altera.com/support/support-resources/knowledge-base/search.html and search for this specific error message number. File: /home/victor/pulp_shared_vm/pulp_box/pulpissimo/ips/ibex/rtl/ibex_multdiv_slow.sv Line: 315
Error (10149): Verilog HDL Declaration error at ibex_multdiv_slow.sv(315): identifier "md_state_q" is already declared in the present scope File: /home/victor/pulp_shared_vm/pulp_box/pulpissimo/ips/ibex/rtl/ibex_multdiv_slow.sv Line: 315
Error (10149): Verilog HDL Declaration error at ibex_multdiv_slow.sv(316): identifier "MD_ABS_A" is already declared in the present scope File: /home/victor/pulp_shared_vm/pulp_box/pulpissimo/ips/ibex/rtl/ibex_multdiv_slow.sv Line: 316
Error (10149): Verilog HDL Declaration error at ibex_multdiv_slow.sv(316): identifier "MD_ABS_B" is already declared in the present scope File: /home/victor/pulp_shared_vm/pulp_box/pulpissimo/ips/ibex/rtl/ibex_multdiv_slow.sv Line: 316
Error (10149): Verilog HDL Declaration error at ibex_multdiv_slow.sv(316): identifier "MD_COMP" is already declared in the present scope File: /home/victor/pulp_shared_vm/pulp_box/pulpissimo/ips/ibex/rtl/ibex_multdiv_slow.sv Line: 316
Error (10149): Verilog HDL Declaration error at ibex_multdiv_slow.sv(316): identifier "MD_LAST" is already declared in the present scope File: /home/victor/pulp_shared_vm/pulp_box/pulpissimo/ips/ibex/rtl/ibex_multdiv_slow.sv Line: 316
Error (10149): Verilog HDL Declaration error at ibex_multdiv_slow.sv(316): identifier "MD_CHANGE_SIGN" is already declared in the present scope File: /home/victor/pulp_shared_vm/pulp_box/pulpissimo/ips/ibex/rtl/ibex_multdiv_slow.sv Line: 316
Error (10149): Verilog HDL Declaration error at ibex_multdiv_slow.sv(317): identifier "MD_FINISH" is already declared in the present scope File: /home/victor/pulp_shared_vm/pulp_box/pulpissimo/ips/ibex/rtl/ibex_multdiv_slow.sv Line: 317
Error (10170): Verilog HDL syntax error at ibex_multdiv_slow.sv(317) near text: "}";  expecting ";". Check for and fix any syntax errors that appear immediately before or at the specified keyword. The Intel FPGA Knowledge Database contains many articles with specific details on how to resolve this error. Visit the Knowledge Database at https://www.altera.com/support/support-resources/knowledge-base/search.html and search for this specific error message number. File: /home/victor/pulp_shared_vm/pulp_box/pulpissimo/ips/ibex/rtl/ibex_multdiv_slow.sv Line: 317
Error (10759): Verilog HDL error at ibex_multdiv_slow.sv(317): object clk_i declared in a list of port declarations cannot be redeclared within the module body File: /home/victor/pulp_shared_vm/pulp_box/pulpissimo/ips/ibex/rtl/ibex_multdiv_slow.sv Line: 317
Error (10170): Verilog HDL syntax error at ibex_multdiv_slow.sv(317) near text: "!";  expecting an identifier. Check for and fix any syntax errors that appear immediately before or at the specified keyword. The Intel FPGA Knowledge Database contains many articles with specific details on how to resolve this error. Visit the Knowledge Database at https://www.altera.com/support/support-resources/knowledge-base/search.html and search for this specific error message number. File: /home/victor/pulp_shared_vm/pulp_box/pulpissimo/ips/ibex/rtl/ibex_multdiv_slow.sv Line: 317
Info (12021): Found 0 design units, including 0 entities, in source file /home/victor/pulp_shared_vm/pulp_box/pulpissimo/ips/ibex/rtl/ibex_multdiv_slow.sv
Error (10054): Verilog HDL File I/O error at ibex_multdiv_fast.sv(15): can't open Verilog Design File "prim_assert.sv" File: /home/victor/pulp_shared_vm/pulp_box/pulpissimo/ips/ibex/rtl/ibex_multdiv_fast.sv Line: 15
Critical Warning (10191): Verilog HDL Compiler Directive warning at ibex_multdiv_fast.sv(109): text macro "ASSERT_KNOWN" is undefined File: /home/victor/pulp_shared_vm/pulp_box/pulpissimo/ips/ibex/rtl/ibex_multdiv_fast.sv Line: 109
Error (10170): Verilog HDL syntax error at ibex_multdiv_fast.sv(109) near text: "(";  expecting "endmodule". Check for and fix any syntax errors that appear immediately before or at the specified keyword. The Intel FPGA Knowledge Database contains many articles with specific details on how to resolve this error. Visit the Knowledge Database at https://www.altera.com/support/support-resources/knowledge-base/search.html and search for this specific error message number. File: /home/victor/pulp_shared_vm/pulp_box/pulpissimo/ips/ibex/rtl/ibex_multdiv_fast.sv Line: 109
Error (10149): Verilog HDL Declaration error at ibex_multdiv_fast.sv(109): identifier "div_en_internal" is already declared in the present scope File: /home/victor/pulp_shared_vm/pulp_box/pulpissimo/ips/ibex/rtl/ibex_multdiv_fast.sv Line: 109
Error (10149): Verilog HDL Declaration error at ibex_multdiv_fast.sv(110): identifier "mult_en_internal" is already declared in the present scope File: /home/victor/pulp_shared_vm/pulp_box/pulpissimo/ips/ibex/rtl/ibex_multdiv_fast.sv Line: 110
Error (10149): Verilog HDL Declaration error at ibex_multdiv_fast.sv(111): identifier "multdiv_en" is already declared in the present scope File: /home/victor/pulp_shared_vm/pulp_box/pulpissimo/ips/ibex/rtl/ibex_multdiv_fast.sv Line: 111
Error (10170): Verilog HDL syntax error at ibex_multdiv_fast.sv(123) near text: "if";  expecting "endmodule". Check for and fix any syntax errors that appear immediately before or at the specified keyword. The Intel FPGA Knowledge Database contains many articles with specific details on how to resolve this error. Visit the Knowledge Database at https://www.altera.com/support/support-resources/knowledge-base/search.html and search for this specific error message number. File: /home/victor/pulp_shared_vm/pulp_box/pulpissimo/ips/ibex/rtl/ibex_multdiv_fast.sv Line: 123
Error (10170): Verilog HDL syntax error at ibex_multdiv_fast.sv(236) near text: "(";  expecting "endmodule". Check for and fix any syntax errors that appear immediately before or at the specified keyword. The Intel FPGA Knowledge Database contains many articles with specific details on how to resolve this error. Visit the Knowledge Database at https://www.altera.com/support/support-resources/knowledge-base/search.html and search for this specific error message number. File: /home/victor/pulp_shared_vm/pulp_box/pulpissimo/ips/ibex/rtl/ibex_multdiv_fast.sv Line: 236
Error (10149): Verilog HDL Declaration error at ibex_multdiv_fast.sv(236): identifier "mult_state_q" is already declared in the present scope File: /home/victor/pulp_shared_vm/pulp_box/pulpissimo/ips/ibex/rtl/ibex_multdiv_fast.sv Line: 236
Error (10149): Verilog HDL Declaration error at ibex_multdiv_fast.sv(247): identifier "mult_state_q" is already declared in the present scope File: /home/victor/pulp_shared_vm/pulp_box/pulpissimo/ips/ibex/rtl/ibex_multdiv_fast.sv Line: 247
Error (10149): Verilog HDL Declaration error at ibex_multdiv_fast.sv(247): identifier "mult_state_d" is already declared in the present scope File: /home/victor/pulp_shared_vm/pulp_box/pulpissimo/ips/ibex/rtl/ibex_multdiv_fast.sv Line: 247
Error (10170): Verilog HDL syntax error at ibex_multdiv_fast.sv(354) near text: "(";  expecting "endmodule". Check for and fix any syntax errors that appear immediately before or at the specified keyword. The Intel FPGA Knowledge Database contains many articles with specific details on how to resolve this error. Visit the Knowledge Database at https://www.altera.com/support/support-resources/knowledge-base/search.html and search for this specific error message number. File: /home/victor/pulp_shared_vm/pulp_box/pulpissimo/ips/ibex/rtl/ibex_multdiv_fast.sv Line: 354
Error (10149): Verilog HDL Declaration error at ibex_multdiv_fast.sv(354): identifier "mult_state_q" is already declared in the present scope File: /home/victor/pulp_shared_vm/pulp_box/pulpissimo/ips/ibex/rtl/ibex_multdiv_fast.sv Line: 354
Critical Warning (10191): Verilog HDL Compiler Directive warning at ibex_multdiv_fast.sv(493): text macro "ASSERT" is undefined File: /home/victor/pulp_shared_vm/pulp_box/pulpissimo/ips/ibex/rtl/ibex_multdiv_fast.sv Line: 493
Error (10170): Verilog HDL syntax error at ibex_multdiv_fast.sv(493) near text: "(";  expecting "endmodule". Check for and fix any syntax errors that appear immediately before or at the specified keyword. The Intel FPGA Knowledge Database contains many articles with specific details on how to resolve this error. Visit the Knowledge Database at https://www.altera.com/support/support-resources/knowledge-base/search.html and search for this specific error message number. File: /home/victor/pulp_shared_vm/pulp_box/pulpissimo/ips/ibex/rtl/ibex_multdiv_fast.sv Line: 493
Error (10149): Verilog HDL Declaration error at ibex_multdiv_fast.sv(493): identifier "md_state_q" is already declared in the present scope File: /home/victor/pulp_shared_vm/pulp_box/pulpissimo/ips/ibex/rtl/ibex_multdiv_fast.sv Line: 493
Error (10149): Verilog HDL Declaration error at ibex_multdiv_fast.sv(494): identifier "MD_ABS_A" is already declared in the present scope File: /home/victor/pulp_shared_vm/pulp_box/pulpissimo/ips/ibex/rtl/ibex_multdiv_fast.sv Line: 494
Error (10149): Verilog HDL Declaration error at ibex_multdiv_fast.sv(494): identifier "MD_ABS_B" is already declared in the present scope File: /home/victor/pulp_shared_vm/pulp_box/pulpissimo/ips/ibex/rtl/ibex_multdiv_fast.sv Line: 494
Error (10149): Verilog HDL Declaration error at ibex_multdiv_fast.sv(494): identifier "MD_COMP" is already declared in the present scope File: /home/victor/pulp_shared_vm/pulp_box/pulpissimo/ips/ibex/rtl/ibex_multdiv_fast.sv Line: 494
Error (10149): Verilog HDL Declaration error at ibex_multdiv_fast.sv(494): identifier "MD_LAST" is already declared in the present scope File: /home/victor/pulp_shared_vm/pulp_box/pulpissimo/ips/ibex/rtl/ibex_multdiv_fast.sv Line: 494
Error (10149): Verilog HDL Declaration error at ibex_multdiv_fast.sv(494): identifier "MD_CHANGE_SIGN" is already declared in the present scope File: /home/victor/pulp_shared_vm/pulp_box/pulpissimo/ips/ibex/rtl/ibex_multdiv_fast.sv Line: 494
Info (12021): Found 0 design units, including 0 entities, in source file /home/victor/pulp_shared_vm/pulp_box/pulpissimo/ips/ibex/rtl/ibex_multdiv_fast.sv
Error (10170): Verilog HDL syntax error at ibex_prefetch_buffer.sv(184) near text: "for";  expecting "endmodule". Check for and fix any syntax errors that appear immediately before or at the specified keyword. The Intel FPGA Knowledge Database contains many articles with specific details on how to resolve this error. Visit the Knowledge Database at https://www.altera.com/support/support-resources/knowledge-base/search.html and search for this specific error message number. File: /home/victor/pulp_shared_vm/pulp_box/pulpissimo/ips/ibex/rtl/ibex_prefetch_buffer.sv Line: 184
Error (10170): Verilog HDL syntax error at ibex_prefetch_buffer.sv(199) near text: "end";  expecting "endmodule". Check for and fix any syntax errors that appear immediately before or at the specified keyword. The Intel FPGA Knowledge Database contains many articles with specific details on how to resolve this error. Visit the Knowledge Database at https://www.altera.com/support/support-resources/knowledge-base/search.html and search for this specific error message number. File: /home/victor/pulp_shared_vm/pulp_box/pulpissimo/ips/ibex/rtl/ibex_prefetch_buffer.sv Line: 199
Error (10170): Verilog HDL syntax error at ibex_prefetch_buffer.sv(212) near text: "end";  expecting "endmodule". Check for and fix any syntax errors that appear immediately before or at the specified keyword. The Intel FPGA Knowledge Database contains many articles with specific details on how to resolve this error. Visit the Knowledge Database at https://www.altera.com/support/support-resources/knowledge-base/search.html and search for this specific error message number. File: /home/victor/pulp_shared_vm/pulp_box/pulpissimo/ips/ibex/rtl/ibex_prefetch_buffer.sv Line: 212
Error (10112): Ignored design unit "ibex_prefetch_buffer" at ibex_prefetch_buffer.sv(12) due to previous errors File: /home/victor/pulp_shared_vm/pulp_box/pulpissimo/ips/ibex/rtl/ibex_prefetch_buffer.sv Line: 12
Info (12021): Found 0 design units, including 0 entities, in source file /home/victor/pulp_shared_vm/pulp_box/pulpissimo/ips/ibex/rtl/ibex_prefetch_buffer.sv
Error (10054): Verilog HDL File I/O error at ibex_fetch_fifo.sv(13): can't open Verilog Design File "prim_assert.sv" File: /home/victor/pulp_shared_vm/pulp_box/pulpissimo/ips/ibex/rtl/ibex_fetch_fifo.sv Line: 13
Error (10170): Verilog HDL syntax error at ibex_fetch_fifo.sv(177) near text: "for";  expecting "endmodule". Check for and fix any syntax errors that appear immediately before or at the specified keyword. The Intel FPGA Knowledge Database contains many articles with specific details on how to resolve this error. Visit the Knowledge Database at https://www.altera.com/support/support-resources/knowledge-base/search.html and search for this specific error message number. File: /home/victor/pulp_shared_vm/pulp_box/pulpissimo/ips/ibex/rtl/ibex_fetch_fifo.sv Line: 177
Error (10170): Verilog HDL syntax error at ibex_fetch_fifo.sv(201) near text: "end";  expecting "endmodule". Check for and fix any syntax errors that appear immediately before or at the specified keyword. The Intel FPGA Knowledge Database contains many articles with specific details on how to resolve this error. Visit the Knowledge Database at https://www.altera.com/support/support-resources/knowledge-base/search.html and search for this specific error message number. File: /home/victor/pulp_shared_vm/pulp_box/pulpissimo/ips/ibex/rtl/ibex_fetch_fifo.sv Line: 201
Error (10170): Verilog HDL syntax error at ibex_fetch_fifo.sv(223) near text: "for";  expecting "endmodule". Check for and fix any syntax errors that appear immediately before or at the specified keyword. The Intel FPGA Knowledge Database contains many articles with specific details on how to resolve this error. Visit the Knowledge Database at https://www.altera.com/support/support-resources/knowledge-base/search.html and search for this specific error message number. File: /home/victor/pulp_shared_vm/pulp_box/pulpissimo/ips/ibex/rtl/ibex_fetch_fifo.sv Line: 223
Error (10149): Verilog HDL Declaration error at ibex_fetch_fifo.sv(223): identifier "i" is already declared in the present scope File: /home/victor/pulp_shared_vm/pulp_box/pulpissimo/ips/ibex/rtl/ibex_fetch_fifo.sv Line: 223
Error (10170): Verilog HDL syntax error at ibex_fetch_fifo.sv(227) near text: "<=";  expecting ".", or an identifier. Check for and fix any syntax errors that appear immediately before or at the specified keyword. The Intel FPGA Knowledge Database contains many articles with specific details on how to resolve this error. Visit the Knowledge Database at https://www.altera.com/support/support-resources/knowledge-base/search.html and search for this specific error message number. File: /home/victor/pulp_shared_vm/pulp_box/pulpissimo/ips/ibex/rtl/ibex_fetch_fifo.sv Line: 227
Critical Warning (10191): Verilog HDL Compiler Directive warning at ibex_fetch_fifo.sv(237): text macro "ASSERT" is undefined File: /home/victor/pulp_shared_vm/pulp_box/pulpissimo/ips/ibex/rtl/ibex_fetch_fifo.sv Line: 237
Info (12021): Found 0 design units, including 0 entities, in source file /home/victor/pulp_shared_vm/pulp_box/pulpissimo/ips/ibex/rtl/ibex_fetch_fifo.sv
Error (10170): Verilog HDL syntax error at ibex_pmp.sv(46) near text: "for";  expecting "endmodule". Check for and fix any syntax errors that appear immediately before or at the specified keyword. The Intel FPGA Knowledge Database contains many articles with specific details on how to resolve this error. Visit the Knowledge Database at https://www.altera.com/support/support-resources/knowledge-base/search.html and search for this specific error message number. File: /home/victor/pulp_shared_vm/pulp_box/pulpissimo/ips/ibex/rtl/ibex_pmp.sv Line: 46
Error (10170): Verilog HDL syntax error at ibex_pmp.sv(88) near text: "end";  expecting "endmodule". Check for and fix any syntax errors that appear immediately before or at the specified keyword. The Intel FPGA Knowledge Database contains many articles with specific details on how to resolve this error. Visit the Knowledge Database at https://www.altera.com/support/support-resources/knowledge-base/search.html and search for this specific error message number. File: /home/victor/pulp_shared_vm/pulp_box/pulpissimo/ips/ibex/rtl/ibex_pmp.sv Line: 88
Error (10170): Verilog HDL syntax error at ibex_pmp.sv(110) near text: "end";  expecting "endmodule". Check for and fix any syntax errors that appear immediately before or at the specified keyword. The Intel FPGA Knowledge Database contains many articles with specific details on how to resolve this error. Visit the Knowledge Database at https://www.altera.com/support/support-resources/knowledge-base/search.html and search for this specific error message number. File: /home/victor/pulp_shared_vm/pulp_box/pulpissimo/ips/ibex/rtl/ibex_pmp.sv Line: 110
Error (10112): Ignored design unit "ibex_pmp" at ibex_pmp.sv(5) due to previous errors File: /home/victor/pulp_shared_vm/pulp_box/pulpissimo/ips/ibex/rtl/ibex_pmp.sv Line: 5
Info (12021): Found 0 design units, including 0 entities, in source file /home/victor/pulp_shared_vm/pulp_box/pulpissimo/ips/ibex/rtl/ibex_pmp.sv
Error (10054): Verilog HDL File I/O error at ibex_core.sv(10): can't open Verilog Design File "prim_assert.sv" File: /home/victor/pulp_shared_vm/pulp_box/pulpissimo/ips/ibex/rtl/ibex_core.sv Line: 10
Critical Warning (10191): Verilog HDL Compiler Directive warning at ibex_core.sv(903): text macro "ASSERT" is undefined File: /home/victor/pulp_shared_vm/pulp_box/pulpissimo/ips/ibex/rtl/ibex_core.sv Line: 903
Error (10170): Verilog HDL syntax error at ibex_core.sv(903) near text: "(";  expecting "endmodule". Check for and fix any syntax errors that appear immediately before or at the specified keyword. The Intel FPGA Knowledge Database contains many articles with specific details on how to resolve this error. Visit the Knowledge Database at https://www.altera.com/support/support-resources/knowledge-base/search.html and search for this specific error message number. File: /home/victor/pulp_shared_vm/pulp_box/pulpissimo/ips/ibex/rtl/ibex_core.sv Line: 903
Error (10149): Verilog HDL Declaration error at ibex_core.sv(903): identifier "instr_valid_id" is already declared in the present scope File: /home/victor/pulp_shared_vm/pulp_box/pulpissimo/ips/ibex/rtl/ibex_core.sv Line: 903
Error (10170): Verilog HDL syntax error at ibex_core.sv(908) near text: "}";  expecting ";". Check for and fix any syntax errors that appear immediately before or at the specified keyword. The Intel FPGA Knowledge Database contains many articles with specific details on how to resolve this error. Visit the Knowledge Database at https://www.altera.com/support/support-resources/knowledge-base/search.html and search for this specific error message number. File: /home/victor/pulp_shared_vm/pulp_box/pulpissimo/ips/ibex/rtl/ibex_core.sv Line: 908
Critical Warning (10191): Verilog HDL Compiler Directive warning at ibex_core.sv(909): text macro "ASSERT_KNOWN_IF" is undefined File: /home/victor/pulp_shared_vm/pulp_box/pulpissimo/ips/ibex/rtl/ibex_core.sv Line: 909
Error (10149): Verilog HDL Declaration error at ibex_core.sv(909): identifier "cs_registers_i" is already declared in the present scope File: /home/victor/pulp_shared_vm/pulp_box/pulpissimo/ips/ibex/rtl/ibex_core.sv Line: 909
Error (10149): Verilog HDL Declaration error at ibex_core.sv(909): identifier "csr_access" is already declared in the present scope File: /home/victor/pulp_shared_vm/pulp_box/pulpissimo/ips/ibex/rtl/ibex_core.sv Line: 909
Error (10170): Verilog HDL syntax error at ibex_core.sv(939) near text: "end";  expecting "endmodule". Check for and fix any syntax errors that appear immediately before or at the specified keyword. The Intel FPGA Knowledge Database contains many articles with specific details on how to resolve this error. Visit the Knowledge Database at https://www.altera.com/support/support-resources/knowledge-base/search.html and search for this specific error message number. File: /home/victor/pulp_shared_vm/pulp_box/pulpissimo/ips/ibex/rtl/ibex_core.sv Line: 939
Error (10170): Verilog HDL syntax error at ibex_core.sv(952) near text: "end";  expecting "endmodule". Check for and fix any syntax errors that appear immediately before or at the specified keyword. The Intel FPGA Knowledge Database contains many articles with specific details on how to resolve this error. Visit the Knowledge Database at https://www.altera.com/support/support-resources/knowledge-base/search.html and search for this specific error message number. File: /home/victor/pulp_shared_vm/pulp_box/pulpissimo/ips/ibex/rtl/ibex_core.sv Line: 952
Error (10112): Ignored design unit "ibex_core" at ibex_core.sv(15) due to previous errors File: /home/victor/pulp_shared_vm/pulp_box/pulpissimo/ips/ibex/rtl/ibex_core.sv Line: 15
Info (12021): Found 0 design units, including 0 entities, in source file /home/victor/pulp_shared_vm/pulp_box/pulpissimo/ips/ibex/rtl/ibex_core.sv
Error (10115): Verilog HDL Macro Definition syntax error at prim_assert.sv(90): illegal character in macro parameter near "= `ASSERT_DEFAULT_CLK, __rst = `ASSERT_DEFAULT_RST)" File: /home/victor/pulp_shared_vm/pulp_box/pulpissimo/ips/ibex/shared/rtl/prim_assert.sv Line: 90
Error (10115): Verilog HDL Macro Definition syntax error at prim_assert.sv(103): illegal character in macro parameter near "= `ASSERT_DEFAULT_CLK, __rst = `ASSERT_DEFAULT_RST)" File: /home/victor/pulp_shared_vm/pulp_box/pulpissimo/ips/ibex/shared/rtl/prim_assert.sv Line: 103
Error (10115): Verilog HDL Macro Definition syntax error at prim_assert.sv(113): illegal character in macro parameter near "= `ASSERT_DEFAULT_CLK, __rst = `ASSERT_DEFAULT_RST)" File: /home/victor/pulp_shared_vm/pulp_box/pulpissimo/ips/ibex/shared/rtl/prim_assert.sv Line: 113
Error (10115): Verilog HDL Macro Definition syntax error at prim_assert.sv(119): illegal character in macro parameter near "= `ASSERT_DEFAULT_CLK, __rst = `ASSERT_DEFAULT_RST)" File: /home/victor/pulp_shared_vm/pulp_box/pulpissimo/ips/ibex/shared/rtl/prim_assert.sv Line: 119
Error (10115): Verilog HDL Macro Definition syntax error at prim_assert.sv(129): illegal character in macro parameter near "= `ASSERT_DEFAULT_CLK, __rst = `ASSERT_DEFAULT_RST)" File: /home/victor/pulp_shared_vm/pulp_box/pulpissimo/ips/ibex/shared/rtl/prim_assert.sv Line: 129
Error (10115): Verilog HDL Macro Definition syntax error at prim_assert.sv(136): illegal character in macro parameter near "= `ASSERT_DEFAULT_CLK, __rst = `ASSERT_DEFAULT_RST)" File: /home/victor/pulp_shared_vm/pulp_box/pulpissimo/ips/ibex/shared/rtl/prim_assert.sv Line: 136
Error (10115): Verilog HDL Macro Definition syntax error at prim_assert.sv(143): illegal character in macro parameter near "= `ASSERT_DEFAULT_CLK, __rst = `ASSERT_DEFAULT_RST)" File: /home/victor/pulp_shared_vm/pulp_box/pulpissimo/ips/ibex/shared/rtl/prim_assert.sv Line: 143
Error (10115): Verilog HDL Macro Definition syntax error at prim_assert.sv(154): illegal character in macro parameter near "= `ASSERT_DEFAULT_CLK, __rst = `ASSERT_DEFAULT_RST)" File: /home/victor/pulp_shared_vm/pulp_box/pulpissimo/ips/ibex/shared/rtl/prim_assert.sv Line: 154
Error (10115): Verilog HDL Macro Definition syntax error at prim_assert.sv(180): illegal character in macro parameter near "= `ASSERT_DEFAULT_CLK, __rst = `ASSERT_DEFAULT_RST)" File: /home/victor/pulp_shared_vm/pulp_box/pulpissimo/ips/ibex/shared/rtl/prim_assert.sv Line: 180
Error (10115): Verilog HDL Macro Definition syntax error at prim_assert.sv(194): illegal character in macro parameter near "= `ASSERT_DEFAULT_CLK, __rst = `ASSERT_DEFAULT_RST)" File: /home/victor/pulp_shared_vm/pulp_box/pulpissimo/ips/ibex/shared/rtl/prim_assert.sv Line: 194
Info (12021): Found 0 design units, including 0 entities, in source file /home/victor/pulp_shared_vm/pulp_box/pulpissimo/ips/ibex/shared/rtl/prim_assert.sv
Info (12021): Found 1 design units, including 1 entities, in source file /home/victor/pulp_shared_vm/pulp_box/pulpissimo/ips/ibex/rtl/ibex_register_file_fpga.sv
    Info (12023): Found entity 1: ibex_register_file File: /home/victor/pulp_shared_vm/pulp_box/pulpissimo/ips/ibex/rtl/ibex_register_file_fpga.sv Line: 14
Warning (10335): Unrecognized synthesis attribute "ram_style" at ../ips/scm/fpga_scm/register_file_1r_1w_all.sv(36) File: /home/victor/pulp_shared_vm/pulp_box/pulpissimo/ips/scm/fpga_scm/register_file_1r_1w_all.sv Line: 36
Info (12021): Found 1 design units, including 1 entities, in source file /home/victor/pulp_shared_vm/pulp_box/pulpissimo/ips/scm/fpga_scm/register_file_1r_1w_all.sv
    Info (12023): Found entity 1: register_file_1r_1w_all File: /home/victor/pulp_shared_vm/pulp_box/pulpissimo/ips/scm/fpga_scm/register_file_1r_1w_all.sv Line: 15
Info (12021): Found 1 design units, including 1 entities, in source file /home/victor/pulp_shared_vm/pulp_box/pulpissimo/ips/scm/fpga_scm/register_file_1r_1w_be.sv
    Info (12023): Found entity 1: register_file_1r_1w_be File: /home/victor/pulp_shared_vm/pulp_box/pulpissimo/ips/scm/fpga_scm/register_file_1r_1w_be.sv Line: 15
Warning (10335): Unrecognized synthesis attribute "ram_style" at ../ips/scm/fpga_scm/register_file_1r_1w.sv(39) File: /home/victor/pulp_shared_vm/pulp_box/pulpissimo/ips/scm/fpga_scm/register_file_1r_1w.sv Line: 39
Info (12021): Found 1 design units, including 1 entities, in source file /home/victor/pulp_shared_vm/pulp_box/pulpissimo/ips/scm/fpga_scm/register_file_1r_1w.sv
    Info (12023): Found entity 1: register_file_1r_1w File: /home/victor/pulp_shared_vm/pulp_box/pulpissimo/ips/scm/fpga_scm/register_file_1r_1w.sv Line: 15
Warning (10335): Unrecognized synthesis attribute "ram_style" at ../ips/scm/fpga_scm/register_file_1r_1w_1row.sv(34) File: /home/victor/pulp_shared_vm/pulp_box/pulpissimo/ips/scm/fpga_scm/register_file_1r_1w_1row.sv Line: 34
Info (12021): Found 1 design units, including 1 entities, in source file /home/victor/pulp_shared_vm/pulp_box/pulpissimo/ips/scm/fpga_scm/register_file_1r_1w_1row.sv
    Info (12023): Found entity 1: register_file_1r_1w_1row File: /home/victor/pulp_shared_vm/pulp_box/pulpissimo/ips/scm/fpga_scm/register_file_1r_1w_1row.sv Line: 15
Warning (10335): Unrecognized synthesis attribute "ram_style" at ../ips/scm/fpga_scm/register_file_1r_1w_raw.sv(39) File: /home/victor/pulp_shared_vm/pulp_box/pulpissimo/ips/scm/fpga_scm/register_file_1r_1w_raw.sv Line: 39
Info (12021): Found 1 design units, including 1 entities, in source file /home/victor/pulp_shared_vm/pulp_box/pulpissimo/ips/scm/fpga_scm/register_file_1r_1w_raw.sv
    Info (12023): Found entity 1: register_file_1r_1w_raw File: /home/victor/pulp_shared_vm/pulp_box/pulpissimo/ips/scm/fpga_scm/register_file_1r_1w_raw.sv Line: 15
Info (12021): Found 1 design units, including 1 entities, in source file /home/victor/pulp_shared_vm/pulp_box/pulpissimo/ips/scm/fpga_scm/register_file_1w_multi_port_read.sv
    Info (12023): Found entity 1: register_file_1w_multi_port_read File: /home/victor/pulp_shared_vm/pulp_box/pulpissimo/ips/scm/fpga_scm/register_file_1w_multi_port_read.sv Line: 11
Info (12021): Found 1 design units, including 1 entities, in source file /home/victor/pulp_shared_vm/pulp_box/pulpissimo/ips/scm/fpga_scm/register_file_1w_64b_multi_port_read_32b.sv
    Info (12023): Found entity 1: register_file_1w_64b_multi_port_read_32b File: /home/victor/pulp_shared_vm/pulp_box/pulpissimo/ips/scm/fpga_scm/register_file_1w_64b_multi_port_read_32b.sv Line: 15
Info (12021): Found 1 design units, including 1 entities, in source file /home/victor/pulp_shared_vm/pulp_box/pulpissimo/ips/scm/fpga_scm/register_file_1w_64b_1r_32b.sv
    Info (12023): Found entity 1: register_file_1w_64b_1r_32b File: /home/victor/pulp_shared_vm/pulp_box/pulpissimo/ips/scm/fpga_scm/register_file_1w_64b_1r_32b.sv Line: 15
Warning (10335): Unrecognized synthesis attribute "ram_style" at ../ips/scm/fpga_scm/register_file_2r_1w_asymm.sv(46) File: /home/victor/pulp_shared_vm/pulp_box/pulpissimo/ips/scm/fpga_scm/register_file_2r_1w_asymm.sv Line: 46
Info (12021): Found 1 design units, including 1 entities, in source file /home/victor/pulp_shared_vm/pulp_box/pulpissimo/ips/scm/fpga_scm/register_file_2r_1w_asymm.sv
    Info (12023): Found entity 1: register_file_2r_1w_asymm File: /home/victor/pulp_shared_vm/pulp_box/pulpissimo/ips/scm/fpga_scm/register_file_2r_1w_asymm.sv Line: 15
Info (12021): Found 1 design units, including 1 entities, in source file /home/victor/pulp_shared_vm/pulp_box/pulpissimo/ips/scm/fpga_scm/register_file_2r_1w_asymm_test_wrap.sv
    Info (12023): Found entity 1: register_file_2r_1w_asymm_test_wrap File: /home/victor/pulp_shared_vm/pulp_box/pulpissimo/ips/scm/fpga_scm/register_file_2r_1w_asymm_test_wrap.sv Line: 43
Warning (10335): Unrecognized synthesis attribute "ram_style" at ../ips/scm/fpga_scm/register_file_2r_2w.sv(45) File: /home/victor/pulp_shared_vm/pulp_box/pulpissimo/ips/scm/fpga_scm/register_file_2r_2w.sv Line: 45
Info (12021): Found 1 design units, including 1 entities, in source file /home/victor/pulp_shared_vm/pulp_box/pulpissimo/ips/scm/fpga_scm/register_file_2r_2w.sv
    Info (12023): Found entity 1: register_file_2r_2w File: /home/victor/pulp_shared_vm/pulp_box/pulpissimo/ips/scm/fpga_scm/register_file_2r_2w.sv Line: 14
Warning (10335): Unrecognized synthesis attribute "ram_style" at ../ips/scm/fpga_scm/register_file_3r_2w.sv(50) File: /home/victor/pulp_shared_vm/pulp_box/pulpissimo/ips/scm/fpga_scm/register_file_3r_2w.sv Line: 50
Info (12021): Found 1 design units, including 1 entities, in source file /home/victor/pulp_shared_vm/pulp_box/pulpissimo/ips/scm/fpga_scm/register_file_3r_2w.sv
    Info (12023): Found entity 1: register_file_3r_2w File: /home/victor/pulp_shared_vm/pulp_box/pulpissimo/ips/scm/fpga_scm/register_file_3r_2w.sv Line: 15
Warning (10335): Unrecognized synthesis attribute "ram_style" at ../ips/scm/fpga_scm/register_file_3r_2w_be.sv(56) File: /home/victor/pulp_shared_vm/pulp_box/pulpissimo/ips/scm/fpga_scm/register_file_3r_2w_be.sv Line: 56
Warning (10335): Unrecognized synthesis attribute "ram_style" at ../ips/scm/fpga_scm/register_file_3r_2w_be.sv(57) File: /home/victor/pulp_shared_vm/pulp_box/pulpissimo/ips/scm/fpga_scm/register_file_3r_2w_be.sv Line: 57
Warning (10335): Unrecognized synthesis attribute "ram_style" at ../ips/scm/fpga_scm/register_file_3r_2w_be.sv(58) File: /home/victor/pulp_shared_vm/pulp_box/pulpissimo/ips/scm/fpga_scm/register_file_3r_2w_be.sv Line: 58
Info (12021): Found 1 design units, including 1 entities, in source file /home/victor/pulp_shared_vm/pulp_box/pulpissimo/ips/scm/fpga_scm/register_file_3r_2w_be.sv
    Info (12023): Found entity 1: register_file_3r_2w_be File: /home/victor/pulp_shared_vm/pulp_box/pulpissimo/ips/scm/fpga_scm/register_file_3r_2w_be.sv Line: 15
Info (12021): Found 1 design units, including 1 entities, in source file /home/victor/pulp_shared_vm/pulp_box/pulpissimo/ips/tech_cells_generic/src/deprecated/pulp_clock_gating_async.sv
    Info (12023): Found entity 1: pulp_clock_gating_async File: /home/victor/pulp_shared_vm/pulp_box/pulpissimo/ips/tech_cells_generic/src/deprecated/pulp_clock_gating_async.sv Line: 13
Info (12021): Found 6 design units, including 6 entities, in source file /home/victor/pulp_shared_vm/pulp_box/pulpissimo/ips/tech_cells_generic/src/deprecated/cluster_clk_cells_xilinx.sv
    Info (12023): Found entity 1: cluster_clock_and2 File: /home/victor/pulp_shared_vm/pulp_box/pulpissimo/ips/tech_cells_generic/src/deprecated/cluster_clk_cells_xilinx.sv Line: 11
    Info (12023): Found entity 2: cluster_clock_buffer File: /home/victor/pulp_shared_vm/pulp_box/pulpissimo/ips/tech_cells_generic/src/deprecated/cluster_clk_cells_xilinx.sv Line: 21
    Info (12023): Found entity 3: cluster_clock_gating File: /home/victor/pulp_shared_vm/pulp_box/pulpissimo/ips/tech_cells_generic/src/deprecated/cluster_clk_cells_xilinx.sv Line: 31
    Info (12023): Found entity 4: cluster_clock_inverter File: /home/victor/pulp_shared_vm/pulp_box/pulpissimo/ips/tech_cells_generic/src/deprecated/cluster_clk_cells_xilinx.sv Line: 42
    Info (12023): Found entity 5: pulp_clock_mux2 File: /home/victor/pulp_shared_vm/pulp_box/pulpissimo/ips/tech_cells_generic/src/deprecated/cluster_clk_cells_xilinx.sv Line: 51
    Info (12023): Found entity 6: cluster_clock_xor2 File: /home/victor/pulp_shared_vm/pulp_box/pulpissimo/ips/tech_cells_generic/src/deprecated/cluster_clk_cells_xilinx.sv Line: 69
Info (12021): Found 5 design units, including 5 entities, in source file /home/victor/pulp_shared_vm/pulp_box/pulpissimo/ips/tech_cells_generic/src/deprecated/cluster_pwr_cells.sv
    Info (12023): Found entity 1: cluster_level_shifter_in File: /home/victor/pulp_shared_vm/pulp_box/pulpissimo/ips/tech_cells_generic/src/deprecated/cluster_pwr_cells.sv Line: 14
    Info (12023): Found entity 2: cluster_level_shifter_in_clamp File: /home/victor/pulp_shared_vm/pulp_box/pulpissimo/ips/tech_cells_generic/src/deprecated/cluster_pwr_cells.sv Line: 23
    Info (12023): Found entity 3: cluster_level_shifter_inout File: /home/victor/pulp_shared_vm/pulp_box/pulpissimo/ips/tech_cells_generic/src/deprecated/cluster_pwr_cells.sv Line: 33
    Info (12023): Found entity 4: cluster_level_shifter_out File: /home/victor/pulp_shared_vm/pulp_box/pulpissimo/ips/tech_cells_generic/src/deprecated/cluster_pwr_cells.sv Line: 42
    Info (12023): Found entity 5: cluster_level_shifter_out_clamp File: /home/victor/pulp_shared_vm/pulp_box/pulpissimo/ips/tech_cells_generic/src/deprecated/cluster_pwr_cells.sv Line: 51
Info (12021): Found 8 design units, including 8 entities, in source file /home/victor/pulp_shared_vm/pulp_box/pulpissimo/ips/tech_cells_generic/src/deprecated/pulp_pwr_cells.sv
    Info (12023): Found entity 1: pulp_level_shifter_in File: /home/victor/pulp_shared_vm/pulp_box/pulpissimo/ips/tech_cells_generic/src/deprecated/pulp_pwr_cells.sv Line: 14
    Info (12023): Found entity 2: pulp_level_shifter_in_clamp File: /home/victor/pulp_shared_vm/pulp_box/pulpissimo/ips/tech_cells_generic/src/deprecated/pulp_pwr_cells.sv Line: 23
    Info (12023): Found entity 3: pulp_level_shifter_inout File: /home/victor/pulp_shared_vm/pulp_box/pulpissimo/ips/tech_cells_generic/src/deprecated/pulp_pwr_cells.sv Line: 33
    Info (12023): Found entity 4: pulp_level_shifter_out File: /home/victor/pulp_shared_vm/pulp_box/pulpissimo/ips/tech_cells_generic/src/deprecated/pulp_pwr_cells.sv Line: 42
    Info (12023): Found entity 5: pulp_level_shifter_out_clamp File: /home/victor/pulp_shared_vm/pulp_box/pulpissimo/ips/tech_cells_generic/src/deprecated/pulp_pwr_cells.sv Line: 51
    Info (12023): Found entity 6: pulp_power_gating File: /home/victor/pulp_shared_vm/pulp_box/pulpissimo/ips/tech_cells_generic/src/deprecated/pulp_pwr_cells.sv Line: 61
    Info (12023): Found entity 7: pulp_isolation_0 File: /home/victor/pulp_shared_vm/pulp_box/pulpissimo/ips/tech_cells_generic/src/deprecated/pulp_pwr_cells.sv Line: 70
    Info (12023): Found entity 8: pulp_isolation_1 File: /home/victor/pulp_shared_vm/pulp_box/pulpissimo/ips/tech_cells_generic/src/deprecated/pulp_pwr_cells.sv Line: 80
Info (12021): Found 1 design units, including 1 entities, in source file /home/victor/pulp_shared_vm/pulp_box/pulpissimo/ips/tech_cells_generic/src/deprecated/pulp_buffer.sv
    Info (12023): Found entity 1: pulp_buffer File: /home/victor/pulp_shared_vm/pulp_box/pulpissimo/ips/tech_cells_generic/src/deprecated/pulp_buffer.sv Line: 11
Info (12021): Found 6 design units, including 6 entities, in source file /home/victor/pulp_shared_vm/pulp_box/pulpissimo/ips/tech_cells_generic/src/fpga/tc_clk_xilinx.sv
    Info (12023): Found entity 1: tc_clk_and2 File: /home/victor/pulp_shared_vm/pulp_box/pulpissimo/ips/tech_cells_generic/src/fpga/tc_clk_xilinx.sv Line: 13
    Info (12023): Found entity 2: tc_clk_buffer File: /home/victor/pulp_shared_vm/pulp_box/pulpissimo/ips/tech_cells_generic/src/fpga/tc_clk_xilinx.sv Line: 23
    Info (12023): Found entity 3: tc_clk_gating File: /home/victor/pulp_shared_vm/pulp_box/pulpissimo/ips/tech_cells_generic/src/fpga/tc_clk_xilinx.sv Line: 33
    Info (12023): Found entity 4: tc_clk_inverter File: /home/victor/pulp_shared_vm/pulp_box/pulpissimo/ips/tech_cells_generic/src/fpga/tc_clk_xilinx.sv Line: 44
    Info (12023): Found entity 5: tc_clk_mux2 File: /home/victor/pulp_shared_vm/pulp_box/pulpissimo/ips/tech_cells_generic/src/fpga/tc_clk_xilinx.sv Line: 53
    Info (12023): Found entity 6: tc_clk_xor2 File: /home/victor/pulp_shared_vm/pulp_box/pulpissimo/ips/tech_cells_generic/src/fpga/tc_clk_xilinx.sv Line: 69
Info (12021): Found 9 design units, including 9 entities, in source file /home/victor/pulp_shared_vm/pulp_box/pulpissimo/ips/tech_cells_generic/src/tc_pwr.sv
    Info (12023): Found entity 1: tc_pwr_level_shifter_in File: /home/victor/pulp_shared_vm/pulp_box/pulpissimo/ips/tech_cells_generic/src/tc_pwr.sv Line: 15
    Info (12023): Found entity 2: tc_pwr_level_shifter_in_clamp_lo File: /home/victor/pulp_shared_vm/pulp_box/pulpissimo/ips/tech_cells_generic/src/tc_pwr.sv Line: 24
    Info (12023): Found entity 3: tc_pwr_level_shifter_in_clamp_hi File: /home/victor/pulp_shared_vm/pulp_box/pulpissimo/ips/tech_cells_generic/src/tc_pwr.sv Line: 34
    Info (12023): Found entity 4: tc_pwr_level_shifter_out File: /home/victor/pulp_shared_vm/pulp_box/pulpissimo/ips/tech_cells_generic/src/tc_pwr.sv Line: 44
    Info (12023): Found entity 5: tc_pwr_level_shifter_out_clamp_lo File: /home/victor/pulp_shared_vm/pulp_box/pulpissimo/ips/tech_cells_generic/src/tc_pwr.sv Line: 53
    Info (12023): Found entity 6: tc_pwr_level_shifter_out_clamp_hi File: /home/victor/pulp_shared_vm/pulp_box/pulpissimo/ips/tech_cells_generic/src/tc_pwr.sv Line: 63
    Info (12023): Found entity 7: tc_pwr_power_gating File: /home/victor/pulp_shared_vm/pulp_box/pulpissimo/ips/tech_cells_generic/src/tc_pwr.sv Line: 73
    Info (12023): Found entity 8: tc_pwr_isolation_lo File: /home/victor/pulp_shared_vm/pulp_box/pulpissimo/ips/tech_cells_generic/src/tc_pwr.sv Line: 82
    Info (12023): Found entity 9: tc_pwr_isolation_hi File: /home/victor/pulp_shared_vm/pulp_box/pulpissimo/ips/tech_cells_generic/src/tc_pwr.sv Line: 92
Info (12021): Found 1 design units, including 1 entities, in source file /home/victor/pulp_shared_vm/pulp_box/pulpissimo/ips/udma/udma_core/rtl/core/udma_ch_addrgen.sv
    Info (12023): Found entity 1: udma_ch_addrgen File: /home/victor/pulp_shared_vm/pulp_box/pulpissimo/ips/udma/udma_core/rtl/core/udma_ch_addrgen.sv Line: 21
Info (12021): Found 1 design units, including 1 entities, in source file /home/victor/pulp_shared_vm/pulp_box/pulpissimo/ips/udma/udma_core/rtl/core/udma_arbiter.sv
    Info (12023): Found entity 1: udma_arbiter File: /home/victor/pulp_shared_vm/pulp_box/pulpissimo/ips/udma/udma_core/rtl/core/udma_arbiter.sv Line: 21
Error (10644): Verilog HDL error at udma_core.sv(392): this block requires a name File: /home/victor/pulp_shared_vm/pulp_box/pulpissimo/ips/udma/udma_core/rtl/core/udma_core.sv Line: 392
Error (10112): Ignored design unit "udma_core" at udma_core.sv(22) due to previous errors File: /home/victor/pulp_shared_vm/pulp_box/pulpissimo/ips/udma/udma_core/rtl/core/udma_core.sv Line: 22
Info (12021): Found 0 design units, including 0 entities, in source file /home/victor/pulp_shared_vm/pulp_box/pulpissimo/ips/udma/udma_core/rtl/core/udma_core.sv
Error (10644): Verilog HDL error at udma_rx_channels.sv(300): this block requires a name File: /home/victor/pulp_shared_vm/pulp_box/pulpissimo/ips/udma/udma_core/rtl/core/udma_rx_channels.sv Line: 300
Error (10644): Verilog HDL error at udma_rx_channels.sv(335): this block requires a name File: /home/victor/pulp_shared_vm/pulp_box/pulpissimo/ips/udma/udma_core/rtl/core/udma_rx_channels.sv Line: 335
Error (10112): Ignored design unit "udma_rx_channels" at udma_rx_channels.sv(22) due to previous errors File: /home/victor/pulp_shared_vm/pulp_box/pulpissimo/ips/udma/udma_core/rtl/core/udma_rx_channels.sv Line: 22
Info (12021): Found 0 design units, including 0 entities, in source file /home/victor/pulp_shared_vm/pulp_box/pulpissimo/ips/udma/udma_core/rtl/core/udma_rx_channels.sv
Error (10644): Verilog HDL error at udma_tx_channels.sv(221): this block requires a name File: /home/victor/pulp_shared_vm/pulp_box/pulpissimo/ips/udma/udma_core/rtl/core/udma_tx_channels.sv Line: 221
Error (10112): Ignored design unit "udma_tx_channels" at udma_tx_channels.sv(22) due to previous errors File: /home/victor/pulp_shared_vm/pulp_box/pulpissimo/ips/udma/udma_core/rtl/core/udma_tx_channels.sv Line: 22
Info (12021): Found 0 design units, including 0 entities, in source file /home/victor/pulp_shared_vm/pulp_box/pulpissimo/ips/udma/udma_core/rtl/core/udma_tx_channels.sv
Info (12021): Found 1 design units, including 1 entities, in source file /home/victor/pulp_shared_vm/pulp_box/pulpissimo/ips/udma/udma_core/rtl/core/udma_stream_unit.sv
    Info (12023): Found entity 1: udma_stream_unit File: /home/victor/pulp_shared_vm/pulp_box/pulpissimo/ips/udma/udma_core/rtl/core/udma_stream_unit.sv Line: 1
Info (12021): Found 1 design units, including 1 entities, in source file /home/victor/pulp_shared_vm/pulp_box/pulpissimo/ips/udma/udma_core/rtl/common/udma_ctrl.sv
    Info (12023): Found entity 1: udma_ctrl File: /home/victor/pulp_shared_vm/pulp_box/pulpissimo/ips/udma/udma_core/rtl/common/udma_ctrl.sv Line: 27
Info (12021): Found 1 design units, including 1 entities, in source file /home/victor/pulp_shared_vm/pulp_box/pulpissimo/ips/udma/udma_core/rtl/common/udma_apb_if.sv
    Info (12023): Found entity 1: udma_apb_if File: /home/victor/pulp_shared_vm/pulp_box/pulpissimo/ips/udma/udma_core/rtl/common/udma_apb_if.sv Line: 23
Info (12021): Found 1 design units, including 1 entities, in source file /home/victor/pulp_shared_vm/pulp_box/pulpissimo/ips/udma/udma_core/rtl/common/io_clk_gen.sv
    Info (12023): Found entity 1: io_clk_gen File: /home/victor/pulp_shared_vm/pulp_box/pulpissimo/ips/udma/udma_core/rtl/common/io_clk_gen.sv Line: 21
Info (12021): Found 1 design units, including 1 entities, in source file /home/victor/pulp_shared_vm/pulp_box/pulpissimo/ips/udma/udma_core/rtl/common/io_event_counter.sv
    Info (12023): Found entity 1: io_event_counter File: /home/victor/pulp_shared_vm/pulp_box/pulpissimo/ips/udma/udma_core/rtl/common/io_event_counter.sv Line: 20
Info (12021): Found 1 design units, including 1 entities, in source file /home/victor/pulp_shared_vm/pulp_box/pulpissimo/ips/udma/udma_core/rtl/common/io_generic_fifo.sv
    Info (12023): Found entity 1: io_generic_fifo File: /home/victor/pulp_shared_vm/pulp_box/pulpissimo/ips/udma/udma_core/rtl/common/io_generic_fifo.sv Line: 22
Info (12021): Found 1 design units, including 1 entities, in source file /home/victor/pulp_shared_vm/pulp_box/pulpissimo/ips/udma/udma_core/rtl/common/io_tx_fifo.sv
    Info (12023): Found entity 1: io_tx_fifo File: /home/victor/pulp_shared_vm/pulp_box/pulpissimo/ips/udma/udma_core/rtl/common/io_tx_fifo.sv Line: 21
Info (12021): Found 1 design units, including 1 entities, in source file /home/victor/pulp_shared_vm/pulp_box/pulpissimo/ips/udma/udma_core/rtl/common/io_tx_fifo_mark.sv
    Info (12023): Found entity 1: io_tx_fifo_mark File: /home/victor/pulp_shared_vm/pulp_box/pulpissimo/ips/udma/udma_core/rtl/common/io_tx_fifo_mark.sv Line: 21
Info (12021): Found 1 design units, including 1 entities, in source file /home/victor/pulp_shared_vm/pulp_box/pulpissimo/ips/udma/udma_core/rtl/common/io_tx_fifo_dc.sv
    Info (12023): Found entity 1: io_tx_fifo_dc File: /home/victor/pulp_shared_vm/pulp_box/pulpissimo/ips/udma/udma_core/rtl/common/io_tx_fifo_dc.sv Line: 22
Info (12021): Found 1 design units, including 1 entities, in source file /home/victor/pulp_shared_vm/pulp_box/pulpissimo/ips/udma/udma_core/rtl/common/io_shiftreg.sv
    Info (12023): Found entity 1: io_shiftreg File: /home/victor/pulp_shared_vm/pulp_box/pulpissimo/ips/udma/udma_core/rtl/common/io_shiftreg.sv Line: 20
Info (12021): Found 1 design units, including 1 entities, in source file /home/victor/pulp_shared_vm/pulp_box/pulpissimo/ips/udma/udma_core/rtl/common/udma_dc_fifo.sv
    Info (12023): Found entity 1: udma_dc_fifo File: /home/victor/pulp_shared_vm/pulp_box/pulpissimo/ips/udma/udma_core/rtl/common/udma_dc_fifo.sv Line: 21
Info (12021): Found 1 design units, including 1 entities, in source file /home/victor/pulp_shared_vm/pulp_box/pulpissimo/ips/udma/udma_core/rtl/common/udma_clkgen.sv
    Info (12023): Found entity 1: udma_clkgen File: /home/victor/pulp_shared_vm/pulp_box/pulpissimo/ips/udma/udma_core/rtl/common/udma_clkgen.sv Line: 20
Info (12021): Found 1 design units, including 1 entities, in source file /home/victor/pulp_shared_vm/pulp_box/pulpissimo/ips/udma/udma_core/rtl/common/udma_clk_div_cnt.sv
    Info (12023): Found entity 1: udma_clk_div_cnt File: /home/victor/pulp_shared_vm/pulp_box/pulpissimo/ips/udma/udma_core/rtl/common/udma_clk_div_cnt.sv Line: 21
Info (12021): Found 1 design units, including 1 entities, in source file /home/victor/pulp_shared_vm/pulp_box/pulpissimo/ips/udma/udma_uart/rtl/udma_uart_reg_if.sv
    Info (12023): Found entity 1: udma_uart_reg_if File: /home/victor/pulp_shared_vm/pulp_box/pulpissimo/ips/udma/udma_uart/rtl/udma_uart_reg_if.sv Line: 39
Info (12021): Found 1 design units, including 1 entities, in source file /home/victor/pulp_shared_vm/pulp_box/pulpissimo/ips/udma/udma_uart/rtl/udma_uart_top.sv
    Info (12023): Found entity 1: udma_uart_top File: /home/victor/pulp_shared_vm/pulp_box/pulpissimo/ips/udma/udma_uart/rtl/udma_uart_top.sv Line: 21
Info (12021): Found 1 design units, including 1 entities, in source file /home/victor/pulp_shared_vm/pulp_box/pulpissimo/ips/udma/udma_uart/rtl/udma_uart_rx.sv
    Info (12023): Found entity 1: udma_uart_rx File: /home/victor/pulp_shared_vm/pulp_box/pulpissimo/ips/udma/udma_uart/rtl/udma_uart_rx.sv Line: 21
Info (12021): Found 1 design units, including 1 entities, in source file /home/victor/pulp_shared_vm/pulp_box/pulpissimo/ips/udma/udma_uart/rtl/udma_uart_tx.sv
    Info (12023): Found entity 1: udma_uart_tx File: /home/victor/pulp_shared_vm/pulp_box/pulpissimo/ips/udma/udma_uart/rtl/udma_uart_tx.sv Line: 20
Info (12021): Found 1 design units, including 1 entities, in source file /home/victor/pulp_shared_vm/pulp_box/pulpissimo/ips/udma/udma_i2c/rtl/udma_i2c_reg_if.sv
    Info (12023): Found entity 1: udma_i2c_reg_if File: /home/victor/pulp_shared_vm/pulp_box/pulpissimo/ips/udma/udma_i2c/rtl/udma_i2c_reg_if.sv Line: 39
Info (12021): Found 1 design units, including 1 entities, in source file /home/victor/pulp_shared_vm/pulp_box/pulpissimo/ips/udma/udma_i2c/rtl/udma_i2c_bus_ctrl.sv
    Info (12023): Found entity 1: udma_i2c_bus_ctrl File: /home/victor/pulp_shared_vm/pulp_box/pulpissimo/ips/udma/udma_i2c/rtl/udma_i2c_bus_ctrl.sv Line: 20
Warning (10274): Verilog HDL macro warning at udma_i2c_control.sv(12): overriding existing definition for macro "I2C_CMD_START", which was defined in "../ips/udma/udma_i2c/rtl/udma_i2c_bus_ctrl.sv", line 13 File: /home/victor/pulp_shared_vm/pulp_box/pulpissimo/ips/udma/udma_i2c/rtl/udma_i2c_control.sv Line: 12
Warning (10274): Verilog HDL macro warning at udma_i2c_control.sv(13): overriding existing definition for macro "I2C_CMD_STOP", which was defined in "../ips/udma/udma_i2c/rtl/udma_i2c_bus_ctrl.sv", line 14 File: /home/victor/pulp_shared_vm/pulp_box/pulpissimo/ips/udma/udma_i2c/rtl/udma_i2c_control.sv Line: 13
Warning (10274): Verilog HDL macro warning at udma_i2c_control.sv(17): overriding existing definition for macro "I2C_CMD_WAIT", which was defined in "../ips/udma/udma_i2c/rtl/udma_i2c_bus_ctrl.sv", line 17 File: /home/victor/pulp_shared_vm/pulp_box/pulpissimo/ips/udma/udma_i2c/rtl/udma_i2c_control.sv Line: 17
Info (12021): Found 1 design units, including 1 entities, in source file /home/victor/pulp_shared_vm/pulp_box/pulpissimo/ips/udma/udma_i2c/rtl/udma_i2c_control.sv
    Info (12023): Found entity 1: udma_i2c_control File: /home/victor/pulp_shared_vm/pulp_box/pulpissimo/ips/udma/udma_i2c/rtl/udma_i2c_control.sv Line: 29
Info (12021): Found 1 design units, including 1 entities, in source file /home/victor/pulp_shared_vm/pulp_box/pulpissimo/ips/udma/udma_i2c/rtl/udma_i2c_top.sv
    Info (12023): Found entity 1: udma_i2c_top File: /home/victor/pulp_shared_vm/pulp_box/pulpissimo/ips/udma/udma_i2c/rtl/udma_i2c_top.sv Line: 29
Info (12021): Found 1 design units, including 1 entities, in source file /home/victor/pulp_shared_vm/pulp_box/pulpissimo/ips/udma/udma_i2s/rtl/i2s_clk_gen.sv
    Info (12023): Found entity 1: i2s_clk_gen File: /home/victor/pulp_shared_vm/pulp_box/pulpissimo/ips/udma/udma_i2s/rtl/i2s_clk_gen.sv Line: 21
Info (12021): Found 1 design units, including 1 entities, in source file /home/victor/pulp_shared_vm/pulp_box/pulpissimo/ips/udma/udma_i2s/rtl/i2s_rx_channel.sv
    Info (12023): Found entity 1: i2s_rx_channel File: /home/victor/pulp_shared_vm/pulp_box/pulpissimo/ips/udma/udma_i2s/rtl/i2s_rx_channel.sv Line: 25
Info (12021): Found 1 design units, including 1 entities, in source file /home/victor/pulp_shared_vm/pulp_box/pulpissimo/ips/udma/udma_i2s/rtl/i2s_tx_channel.sv
    Info (12023): Found entity 1: i2s_tx_channel File: /home/victor/pulp_shared_vm/pulp_box/pulpissimo/ips/udma/udma_i2s/rtl/i2s_tx_channel.sv Line: 21
Info (12021): Found 1 design units, including 1 entities, in source file /home/victor/pulp_shared_vm/pulp_box/pulpissimo/ips/udma/udma_i2s/rtl/i2s_ws_gen.sv
    Info (12023): Found entity 1: i2s_ws_gen File: /home/victor/pulp_shared_vm/pulp_box/pulpissimo/ips/udma/udma_i2s/rtl/i2s_ws_gen.sv Line: 22
Info (12021): Found 1 design units, including 1 entities, in source file /home/victor/pulp_shared_vm/pulp_box/pulpissimo/ips/udma/udma_i2s/rtl/i2s_clkws_gen.sv
    Info (12023): Found entity 1: i2s_clkws_gen File: /home/victor/pulp_shared_vm/pulp_box/pulpissimo/ips/udma/udma_i2s/rtl/i2s_clkws_gen.sv Line: 1
Info (12021): Found 1 design units, including 1 entities, in source file /home/victor/pulp_shared_vm/pulp_box/pulpissimo/ips/udma/udma_i2s/rtl/i2s_txrx.sv
    Info (12023): Found entity 1: i2s_txrx File: /home/victor/pulp_shared_vm/pulp_box/pulpissimo/ips/udma/udma_i2s/rtl/i2s_txrx.sv Line: 22
Info (12021): Found 1 design units, including 1 entities, in source file /home/victor/pulp_shared_vm/pulp_box/pulpissimo/ips/udma/udma_i2s/rtl/cic_top.sv
    Info (12023): Found entity 1: varcic File: /home/victor/pulp_shared_vm/pulp_box/pulpissimo/ips/udma/udma_i2s/rtl/cic_top.sv Line: 20
Info (12021): Found 1 design units, including 1 entities, in source file /home/victor/pulp_shared_vm/pulp_box/pulpissimo/ips/udma/udma_i2s/rtl/cic_integrator.sv
    Info (12023): Found entity 1: cic_integrator File: /home/victor/pulp_shared_vm/pulp_box/pulpissimo/ips/udma/udma_i2s/rtl/cic_integrator.sv Line: 20
Info (12021): Found 1 design units, including 1 entities, in source file /home/victor/pulp_shared_vm/pulp_box/pulpissimo/ips/udma/udma_i2s/rtl/cic_comb.sv
    Info (12023): Found entity 1: cic_comb File: /home/victor/pulp_shared_vm/pulp_box/pulpissimo/ips/udma/udma_i2s/rtl/cic_comb.sv Line: 21
Info (12021): Found 1 design units, including 1 entities, in source file /home/victor/pulp_shared_vm/pulp_box/pulpissimo/ips/udma/udma_i2s/rtl/pdm_top.sv
    Info (12023): Found entity 1: pdm_top File: /home/victor/pulp_shared_vm/pulp_box/pulpissimo/ips/udma/udma_i2s/rtl/pdm_top.sv Line: 6
Info (12021): Found 1 design units, including 1 entities, in source file /home/victor/pulp_shared_vm/pulp_box/pulpissimo/ips/udma/udma_i2s/rtl/udma_i2s_reg_if.sv
    Info (12023): Found entity 1: udma_i2s_reg_if File: /home/victor/pulp_shared_vm/pulp_box/pulpissimo/ips/udma/udma_i2s/rtl/udma_i2s_reg_if.sv Line: 37
Info (12021): Found 1 design units, including 1 entities, in source file /home/victor/pulp_shared_vm/pulp_box/pulpissimo/ips/udma/udma_i2s/rtl/udma_i2s_top.sv
    Info (12023): Found entity 1: udma_i2s_top File: /home/victor/pulp_shared_vm/pulp_box/pulpissimo/ips/udma/udma_i2s/rtl/udma_i2s_top.sv Line: 26
Warning (10274): Verilog HDL macro warning at udma_spim_defines.sv(38): overriding existing definition for macro "REG_STATUS", which was defined in "../ips/udma/udma_uart/rtl/udma_uart_reg_if.sv", line 33 File: /home/victor/pulp_shared_vm/pulp_box/pulpissimo/ips/udma/udma_qspi/rtl/udma_spim_defines.sv Line: 38
Info (12021): Found 1 design units, including 1 entities, in source file /home/victor/pulp_shared_vm/pulp_box/pulpissimo/ips/udma/udma_qspi/rtl/udma_spim_reg_if.sv
    Info (12023): Found entity 1: udma_spim_reg_if File: /home/victor/pulp_shared_vm/pulp_box/pulpissimo/ips/udma/udma_qspi/rtl/udma_spim_reg_if.sv Line: 27
Info (12021): Found 1 design units, including 1 entities, in source file /home/victor/pulp_shared_vm/pulp_box/pulpissimo/ips/udma/udma_qspi/rtl/udma_spim_ctrl.sv
    Info (12023): Found entity 1: udma_spim_ctrl File: /home/victor/pulp_shared_vm/pulp_box/pulpissimo/ips/udma/udma_qspi/rtl/udma_spim_ctrl.sv Line: 26
Info (12021): Found 1 design units, including 1 entities, in source file /home/victor/pulp_shared_vm/pulp_box/pulpissimo/ips/udma/udma_qspi/rtl/udma_spim_txrx.sv
    Info (12023): Found entity 1: udma_spim_txrx File: /home/victor/pulp_shared_vm/pulp_box/pulpissimo/ips/udma/udma_qspi/rtl/udma_spim_txrx.sv Line: 28
Error (10644): Verilog HDL error at udma_spim_top.sv(186): this block requires a name File: /home/victor/pulp_shared_vm/pulp_box/pulpissimo/ips/udma/udma_qspi/rtl/udma_spim_top.sv Line: 186
Error (10112): Ignored design unit "udma_spim_top" at udma_spim_top.sv(26) due to previous errors File: /home/victor/pulp_shared_vm/pulp_box/pulpissimo/ips/udma/udma_qspi/rtl/udma_spim_top.sv Line: 26
Info (12021): Found 0 design units, including 0 entities, in source file /home/victor/pulp_shared_vm/pulp_box/pulpissimo/ips/udma/udma_qspi/rtl/udma_spim_top.sv
Info (12021): Found 1 design units, including 1 entities, in source file /home/victor/pulp_shared_vm/pulp_box/pulpissimo/ips/udma/udma_sdio/rtl/sdio_crc7.sv
    Info (12023): Found entity 1: sdio_crc7 File: /home/victor/pulp_shared_vm/pulp_box/pulpissimo/ips/udma/udma_sdio/rtl/sdio_crc7.sv Line: 20
Info (12021): Found 1 design units, including 1 entities, in source file /home/victor/pulp_shared_vm/pulp_box/pulpissimo/ips/udma/udma_sdio/rtl/sdio_crc16.sv
    Info (12023): Found entity 1: sdio_crc16 File: /home/victor/pulp_shared_vm/pulp_box/pulpissimo/ips/udma/udma_sdio/rtl/sdio_crc16.sv Line: 20
Info (12021): Found 1 design units, including 1 entities, in source file /home/victor/pulp_shared_vm/pulp_box/pulpissimo/ips/udma/udma_sdio/rtl/sdio_txrx_cmd.sv
    Info (12023): Found entity 1: sdio_txrx_cmd File: /home/victor/pulp_shared_vm/pulp_box/pulpissimo/ips/udma/udma_sdio/rtl/sdio_txrx_cmd.sv Line: 20
Error (10644): Verilog HDL error at sdio_txrx_data.sv(169): this block requires a name File: /home/victor/pulp_shared_vm/pulp_box/pulpissimo/ips/udma/udma_sdio/rtl/sdio_txrx_data.sv Line: 169
Error (10112): Ignored design unit "sdio_txrx_data" at sdio_txrx_data.sv(20) due to previous errors File: /home/victor/pulp_shared_vm/pulp_box/pulpissimo/ips/udma/udma_sdio/rtl/sdio_txrx_data.sv Line: 20
Info (12021): Found 0 design units, including 0 entities, in source file /home/victor/pulp_shared_vm/pulp_box/pulpissimo/ips/udma/udma_sdio/rtl/sdio_txrx_data.sv
Info (12021): Found 1 design units, including 1 entities, in source file /home/victor/pulp_shared_vm/pulp_box/pulpissimo/ips/udma/udma_sdio/rtl/sdio_txrx.sv
    Info (12023): Found entity 1: sdio_txrx File: /home/victor/pulp_shared_vm/pulp_box/pulpissimo/ips/udma/udma_sdio/rtl/sdio_txrx.sv Line: 20
Warning (10274): Verilog HDL macro warning at udma_sdio_reg_if.sv(44): overriding existing definition for macro "REG_STATUS", which was defined in "../ips/udma/udma_uart/rtl/udma_uart_reg_if.sv", line 33 File: /home/victor/pulp_shared_vm/pulp_box/pulpissimo/ips/udma/udma_sdio/rtl/udma_sdio_reg_if.sv Line: 44
Info (12021): Found 1 design units, including 1 entities, in source file /home/victor/pulp_shared_vm/pulp_box/pulpissimo/ips/udma/udma_sdio/rtl/udma_sdio_reg_if.sv
    Info (12023): Found entity 1: udma_sdio_reg_if File: /home/victor/pulp_shared_vm/pulp_box/pulpissimo/ips/udma/udma_sdio/rtl/udma_sdio_reg_if.sv Line: 45
Info (12021): Found 1 design units, including 1 entities, in source file /home/victor/pulp_shared_vm/pulp_box/pulpissimo/ips/udma/udma_sdio/rtl/udma_sdio_top.sv
    Info (12023): Found entity 1: udma_sdio_top File: /home/victor/pulp_shared_vm/pulp_box/pulpissimo/ips/udma/udma_sdio/rtl/udma_sdio_top.sv Line: 21
Info (12021): Found 1 design units, including 1 entities, in source file /home/victor/pulp_shared_vm/pulp_box/pulpissimo/ips/udma/udma_camera/rtl/camera_reg_if.sv
    Info (12023): Found entity 1: camera_reg_if File: /home/victor/pulp_shared_vm/pulp_box/pulpissimo/ips/udma/udma_camera/rtl/camera_reg_if.sv Line: 39
Info (12021): Found 1 design units, including 1 entities, in source file /home/victor/pulp_shared_vm/pulp_box/pulpissimo/ips/udma/udma_camera/rtl/camera_if.sv
    Info (12023): Found entity 1: camera_if File: /home/victor/pulp_shared_vm/pulp_box/pulpissimo/ips/udma/udma_camera/rtl/camera_if.sv Line: 7
Info (12021): Found 1 design units, including 1 entities, in source file /home/victor/pulp_shared_vm/pulp_box/pulpissimo/ips/udma/udma_filter/rtl/udma_filter_au.sv
    Info (12023): Found entity 1: udma_filter_au File: /home/victor/pulp_shared_vm/pulp_box/pulpissimo/ips/udma/udma_filter/rtl/udma_filter_au.sv Line: 38
Info (12021): Found 1 design units, including 1 entities, in source file /home/victor/pulp_shared_vm/pulp_box/pulpissimo/ips/udma/udma_filter/rtl/udma_filter_bincu.sv
    Info (12023): Found entity 1: udma_filter_bincu File: /home/victor/pulp_shared_vm/pulp_box/pulpissimo/ips/udma/udma_filter/rtl/udma_filter_bincu.sv Line: 21
Info (12021): Found 1 design units, including 1 entities, in source file /home/victor/pulp_shared_vm/pulp_box/pulpissimo/ips/udma/udma_filter/rtl/udma_filter_rx_dataout.sv
    Info (12023): Found entity 1: udma_filter_rx_dataout File: /home/victor/pulp_shared_vm/pulp_box/pulpissimo/ips/udma/udma_filter/rtl/udma_filter_rx_dataout.sv Line: 26
Info (12021): Found 1 design units, including 1 entities, in source file /home/victor/pulp_shared_vm/pulp_box/pulpissimo/ips/udma/udma_filter/rtl/udma_filter_tx_datafetch.sv
    Info (12023): Found entity 1: udma_filter_tx_datafetch File: /home/victor/pulp_shared_vm/pulp_box/pulpissimo/ips/udma/udma_filter/rtl/udma_filter_tx_datafetch.sv Line: 27
Warning (10274): Verilog HDL macro warning at udma_filter_reg_if.sv(47): overriding existing definition for macro "REG_STATUS", which was defined in "../ips/udma/udma_uart/rtl/udma_uart_reg_if.sv", line 33 File: /home/victor/pulp_shared_vm/pulp_box/pulpissimo/ips/udma/udma_filter/rtl/udma_filter_reg_if.sv Line: 47
Info (12021): Found 1 design units, including 1 entities, in source file /home/victor/pulp_shared_vm/pulp_box/pulpissimo/ips/udma/udma_filter/rtl/udma_filter_reg_if.sv
    Info (12023): Found entity 1: udma_filter_reg_if File: /home/victor/pulp_shared_vm/pulp_box/pulpissimo/ips/udma/udma_filter/rtl/udma_filter_reg_if.sv Line: 48
Info (12021): Found 1 design units, including 1 entities, in source file /home/victor/pulp_shared_vm/pulp_box/pulpissimo/ips/udma/udma_filter/rtl/udma_filter.sv
    Info (12023): Found entity 1: udma_filter File: /home/victor/pulp_shared_vm/pulp_box/pulpissimo/ips/udma/udma_filter/rtl/udma_filter.sv Line: 38
Info (12021): Found 1 design units, including 1 entities, in source file /home/victor/pulp_shared_vm/pulp_box/pulpissimo/ips/udma/udma_external_per/rtl/udma_external_per_reg_if.sv
    Info (12023): Found entity 1: udma_external_per_reg_if File: /home/victor/pulp_shared_vm/pulp_box/pulpissimo/ips/udma/udma_external_per/rtl/udma_external_per_reg_if.sv Line: 36
Info (12021): Found 1 design units, including 1 entities, in source file /home/victor/pulp_shared_vm/pulp_box/pulpissimo/ips/udma/udma_external_per/rtl/udma_external_per_wrapper.sv
    Info (12023): Found entity 1: udma_external_per_wrapper File: /home/victor/pulp_shared_vm/pulp_box/pulpissimo/ips/udma/udma_external_per/rtl/udma_external_per_wrapper.sv Line: 22
Info (12021): Found 1 design units, including 1 entities, in source file /home/victor/pulp_shared_vm/pulp_box/pulpissimo/ips/udma/udma_external_per/rtl/udma_external_per_top.sv
    Info (12023): Found entity 1: udma_external_per_top File: /home/victor/pulp_shared_vm/pulp_box/pulpissimo/ips/udma/udma_external_per/rtl/udma_external_per_top.sv Line: 22
Info (12021): Found 1 design units, including 1 entities, in source file /home/victor/pulp_shared_vm/pulp_box/pulpissimo/ips/udma/udma_external_per/rtl/udma_traffic_gen_rx.sv
    Info (12023): Found entity 1: udma_traffic_gen_rx File: /home/victor/pulp_shared_vm/pulp_box/pulpissimo/ips/udma/udma_external_per/rtl/udma_traffic_gen_rx.sv Line: 21
Info (12021): Found 1 design units, including 1 entities, in source file /home/victor/pulp_shared_vm/pulp_box/pulpissimo/ips/udma/udma_external_per/rtl/udma_traffic_gen_tx.sv
    Info (12023): Found entity 1: udma_traffic_gen_tx File: /home/victor/pulp_shared_vm/pulp_box/pulpissimo/ips/udma/udma_external_per/rtl/udma_traffic_gen_tx.sv Line: 21
Info (12021): Found 1 design units, including 0 entities, in source file /home/victor/pulp_shared_vm/pulp_box/pulpissimo/ips/hwpe-ctrl/rtl/hwpe_ctrl_package.sv
    Info (12022): Found design unit 1: hwpe_ctrl_package (SystemVerilog) File: /home/victor/pulp_shared_vm/pulp_box/pulpissimo/ips/hwpe-ctrl/rtl/hwpe_ctrl_package.sv Line: 16
Info (12021): Found 1 design units, including 1 entities, in source file /home/victor/pulp_shared_vm/pulp_box/pulpissimo/ips/hwpe-ctrl/rtl/hwpe_ctrl_interfaces.sv
    Info (12023): Found entity 1: hwpe_ctrl_intf_periph File: /home/victor/pulp_shared_vm/pulp_box/pulpissimo/ips/hwpe-ctrl/rtl/hwpe_ctrl_interfaces.sv Line: 21
Error (10644): Verilog HDL error at hwpe_ctrl_regfile.sv(123): this block requires a name File: /home/victor/pulp_shared_vm/pulp_box/pulpissimo/ips/hwpe-ctrl/rtl/hwpe_ctrl_regfile.sv Line: 123
Error (10644): Verilog HDL error at hwpe_ctrl_regfile.sv(120): this block requires a name File: /home/victor/pulp_shared_vm/pulp_box/pulpissimo/ips/hwpe-ctrl/rtl/hwpe_ctrl_regfile.sv Line: 120
Error (10644): Verilog HDL error at hwpe_ctrl_regfile.sv(248): this block requires a name File: /home/victor/pulp_shared_vm/pulp_box/pulpissimo/ips/hwpe-ctrl/rtl/hwpe_ctrl_regfile.sv Line: 248
Error (10644): Verilog HDL error at hwpe_ctrl_regfile.sv(287): this block requires a name File: /home/victor/pulp_shared_vm/pulp_box/pulpissimo/ips/hwpe-ctrl/rtl/hwpe_ctrl_regfile.sv Line: 287
Error (10644): Verilog HDL error at hwpe_ctrl_regfile.sv(323): this block requires a name File: /home/victor/pulp_shared_vm/pulp_box/pulpissimo/ips/hwpe-ctrl/rtl/hwpe_ctrl_regfile.sv Line: 323
Error (10112): Ignored design unit "hwpe_ctrl_regfile" at hwpe_ctrl_regfile.sv(18) due to previous errors File: /home/victor/pulp_shared_vm/pulp_box/pulpissimo/ips/hwpe-ctrl/rtl/hwpe_ctrl_regfile.sv Line: 18
Info (12021): Found 0 design units, including 0 entities, in source file /home/victor/pulp_shared_vm/pulp_box/pulpissimo/ips/hwpe-ctrl/rtl/hwpe_ctrl_regfile.sv
Info (12021): Found 1 design units, including 1 entities, in source file /home/victor/pulp_shared_vm/pulp_box/pulpissimo/ips/hwpe-ctrl/rtl/hwpe_ctrl_regfile_latch.sv
    Info (12023): Found entity 1: hwpe_ctrl_regfile_latch File: /home/victor/pulp_shared_vm/pulp_box/pulpissimo/ips/hwpe-ctrl/rtl/hwpe_ctrl_regfile_latch.sv Line: 16
Info (12021): Found 1 design units, including 1 entities, in source file /home/victor/pulp_shared_vm/pulp_box/pulpissimo/ips/hwpe-ctrl/rtl/hwpe_ctrl_slave.sv
    Info (12023): Found entity 1: hwpe_ctrl_slave File: /home/victor/pulp_shared_vm/pulp_box/pulpissimo/ips/hwpe-ctrl/rtl/hwpe_ctrl_slave.sv Line: 18
Info (12021): Found 1 design units, including 1 entities, in source file /home/victor/pulp_shared_vm/pulp_box/pulpissimo/ips/hwpe-ctrl/rtl/hwpe_ctrl_seq_mult.sv
    Info (12023): Found entity 1: hwpe_ctrl_seq_mult File: /home/victor/pulp_shared_vm/pulp_box/pulpissimo/ips/hwpe-ctrl/rtl/hwpe_ctrl_seq_mult.sv Line: 21
Error (10170): Verilog HDL syntax error at hwpe_ctrl_ucode.sv(257) near text: "genvar";  expecting an identifier ("genvar" is a reserved keyword ). Check for and fix any syntax errors that appear immediately before or at the specified keyword. The Intel FPGA Knowledge Database contains many articles with specific details on how to resolve this error. Visit the Knowledge Database at https://www.altera.com/support/support-resources/knowledge-base/search.html and search for this specific error message number. File: /home/victor/pulp_shared_vm/pulp_box/pulpissimo/ips/hwpe-ctrl/rtl/hwpe_ctrl_ucode.sv Line: 257
Error (10170): Verilog HDL syntax error at hwpe_ctrl_ucode.sv(260) near text: "genvar";  expecting an identifier ("genvar" is a reserved keyword ). Check for and fix any syntax errors that appear immediately before or at the specified keyword. The Intel FPGA Knowledge Database contains many articles with specific details on how to resolve this error. Visit the Knowledge Database at https://www.altera.com/support/support-resources/knowledge-base/search.html and search for this specific error message number. File: /home/victor/pulp_shared_vm/pulp_box/pulpissimo/ips/hwpe-ctrl/rtl/hwpe_ctrl_ucode.sv Line: 260
Error (10112): Ignored design unit "hwpe_ctrl_ucode" at hwpe_ctrl_ucode.sv(23) due to previous errors File: /home/victor/pulp_shared_vm/pulp_box/pulpissimo/ips/hwpe-ctrl/rtl/hwpe_ctrl_ucode.sv Line: 23
Info (12021): Found 0 design units, including 0 entities, in source file /home/victor/pulp_shared_vm/pulp_box/pulpissimo/ips/hwpe-ctrl/rtl/hwpe_ctrl_ucode.sv
Info (12021): Found 1 design units, including 0 entities, in source file /home/victor/pulp_shared_vm/pulp_box/pulpissimo/ips/hwpe-stream/rtl/hwpe_stream_package.sv
    Info (12022): Found design unit 1: hwpe_stream_package (SystemVerilog) File: /home/victor/pulp_shared_vm/pulp_box/pulpissimo/ips/hwpe-stream/rtl/hwpe_stream_package.sv Line: 16
Error (10170): Verilog HDL syntax error at hwpe_stream_interfaces.sv(54) near text: ";";  expecting "endinterface". Check for and fix any syntax errors that appear immediately before or at the specified keyword. The Intel FPGA Knowledge Database contains many articles with specific details on how to resolve this error. Visit the Knowledge Database at https://www.altera.com/support/support-resources/knowledge-base/search.html and search for this specific error message number. File: /home/victor/pulp_shared_vm/pulp_box/pulpissimo/ips/hwpe-stream/rtl/hwpe_stream_interfaces.sv Line: 54
Error (10112): Ignored design unit "hwpe_stream_intf_tcdm" at hwpe_stream_interfaces.sv(16) due to previous errors File: /home/victor/pulp_shared_vm/pulp_box/pulpissimo/ips/hwpe-stream/rtl/hwpe_stream_interfaces.sv Line: 16
Error (10170): Verilog HDL syntax error at hwpe_stream_interfaces.sv(96) near text: ";";  expecting "endinterface". Check for and fix any syntax errors that appear immediately before or at the specified keyword. The Intel FPGA Knowledge Database contains many articles with specific details on how to resolve this error. Visit the Knowledge Database at https://www.altera.com/support/support-resources/knowledge-base/search.html and search for this specific error message number. File: /home/victor/pulp_shared_vm/pulp_box/pulpissimo/ips/hwpe-stream/rtl/hwpe_stream_interfaces.sv Line: 96
Error (10170): Verilog HDL syntax error at hwpe_stream_interfaces.sv(104) near text: ";";  expecting "endinterface". Check for and fix any syntax errors that appear immediately before or at the specified keyword. The Intel FPGA Knowledge Database contains many articles with specific details on how to resolve this error. Visit the Knowledge Database at https://www.altera.com/support/support-resources/knowledge-base/search.html and search for this specific error message number. File: /home/victor/pulp_shared_vm/pulp_box/pulpissimo/ips/hwpe-stream/rtl/hwpe_stream_interfaces.sv Line: 104
Error (10112): Ignored design unit "hwpe_stream_intf_stream" at hwpe_stream_interfaces.sv(62) due to previous errors File: /home/victor/pulp_shared_vm/pulp_box/pulpissimo/ips/hwpe-stream/rtl/hwpe_stream_interfaces.sv Line: 62
Info (12021): Found 0 design units, including 0 entities, in source file /home/victor/pulp_shared_vm/pulp_box/pulpissimo/ips/hwpe-stream/rtl/hwpe_stream_interfaces.sv
Error (10170): Verilog HDL syntax error at hwpe_stream_addressgen.sv(325) near text: "genvar";  expecting an identifier ("genvar" is a reserved keyword ). Check for and fix any syntax errors that appear immediately before or at the specified keyword. The Intel FPGA Knowledge Database contains many articles with specific details on how to resolve this error. Visit the Knowledge Database at https://www.altera.com/support/support-resources/knowledge-base/search.html and search for this specific error message number. File: /home/victor/pulp_shared_vm/pulp_box/pulpissimo/ips/hwpe-stream/rtl/hwpe_stream_addressgen.sv Line: 325
Error (10112): Ignored design unit "hwpe_stream_addressgen" at hwpe_stream_addressgen.sv(18) due to previous errors File: /home/victor/pulp_shared_vm/pulp_box/pulpissimo/ips/hwpe-stream/rtl/hwpe_stream_addressgen.sv Line: 18
Info (12021): Found 0 design units, including 0 entities, in source file /home/victor/pulp_shared_vm/pulp_box/pulpissimo/ips/hwpe-stream/rtl/hwpe_stream_addressgen.sv
Info (12021): Found 1 design units, including 1 entities, in source file /home/victor/pulp_shared_vm/pulp_box/pulpissimo/ips/hwpe-stream/rtl/hwpe_stream_fifo_earlystall_sidech.sv
    Info (12023): Found entity 1: hwpe_stream_fifo_earlystall_sidech File: /home/victor/pulp_shared_vm/pulp_box/pulpissimo/ips/hwpe-stream/rtl/hwpe_stream_fifo_earlystall_sidech.sv Line: 19
Info (12021): Found 1 design units, including 1 entities, in source file /home/victor/pulp_shared_vm/pulp_box/pulpissimo/ips/hwpe-stream/rtl/hwpe_stream_fifo_earlystall.sv
    Info (12023): Found entity 1: hwpe_stream_fifo_earlystall File: /home/victor/pulp_shared_vm/pulp_box/pulpissimo/ips/hwpe-stream/rtl/hwpe_stream_fifo_earlystall.sv Line: 19
Info (12021): Found 1 design units, including 1 entities, in source file /home/victor/pulp_shared_vm/pulp_box/pulpissimo/ips/hwpe-stream/rtl/hwpe_stream_fifo_scm.sv
    Info (12023): Found entity 1: hwpe_stream_fifo_scm File: /home/victor/pulp_shared_vm/pulp_box/pulpissimo/ips/hwpe-stream/rtl/hwpe_stream_fifo_scm.sv Line: 19
Info (12021): Found 1 design units, including 1 entities, in source file /home/victor/pulp_shared_vm/pulp_box/pulpissimo/ips/hwpe-stream/rtl/hwpe_stream_fifo_sidech.sv
    Info (12023): Found entity 1: hwpe_stream_fifo_sidech File: /home/victor/pulp_shared_vm/pulp_box/pulpissimo/ips/hwpe-stream/rtl/hwpe_stream_fifo_sidech.sv Line: 19
Info (12021): Found 1 design units, including 1 entities, in source file /home/victor/pulp_shared_vm/pulp_box/pulpissimo/ips/hwpe-stream/rtl/hwpe_stream_fifo.sv
    Info (12023): Found entity 1: hwpe_stream_fifo File: /home/victor/pulp_shared_vm/pulp_box/pulpissimo/ips/hwpe-stream/rtl/hwpe_stream_fifo.sv Line: 19
Info (12021): Found 1 design units, including 1 entities, in source file /home/victor/pulp_shared_vm/pulp_box/pulpissimo/ips/hwpe-stream/rtl/hwpe_stream_buffer.sv
    Info (12023): Found entity 1: hwpe_stream_buffer File: /home/victor/pulp_shared_vm/pulp_box/pulpissimo/ips/hwpe-stream/rtl/hwpe_stream_buffer.sv Line: 18
Error (10170): Verilog HDL syntax error at hwpe_stream_merge.sv(37) near text: "genvar";  expecting an identifier ("genvar" is a reserved keyword ). Check for and fix any syntax errors that appear immediately before or at the specified keyword. The Intel FPGA Knowledge Database contains many articles with specific details on how to resolve this error. Visit the Knowledge Database at https://www.altera.com/support/support-resources/knowledge-base/search.html and search for this specific error message number. File: /home/victor/pulp_shared_vm/pulp_box/pulpissimo/ips/hwpe-stream/rtl/hwpe_stream_merge.sv Line: 37
Error (10112): Ignored design unit "hwpe_stream_merge" at hwpe_stream_merge.sv(18) due to previous errors File: /home/victor/pulp_shared_vm/pulp_box/pulpissimo/ips/hwpe-stream/rtl/hwpe_stream_merge.sv Line: 18
Info (12021): Found 0 design units, including 0 entities, in source file /home/victor/pulp_shared_vm/pulp_box/pulpissimo/ips/hwpe-stream/rtl/hwpe_stream_merge.sv
Error (10170): Verilog HDL syntax error at hwpe_stream_fence.sv(40) near text: "genvar";  expecting an identifier ("genvar" is a reserved keyword ). Check for and fix any syntax errors that appear immediately before or at the specified keyword. The Intel FPGA Knowledge Database contains many articles with specific details on how to resolve this error. Visit the Knowledge Database at https://www.altera.com/support/support-resources/knowledge-base/search.html and search for this specific error message number. File: /home/victor/pulp_shared_vm/pulp_box/pulpissimo/ips/hwpe-stream/rtl/hwpe_stream_fence.sv Line: 40
Error (10112): Ignored design unit "hwpe_stream_fence" at hwpe_stream_fence.sv(18) due to previous errors File: /home/victor/pulp_shared_vm/pulp_box/pulpissimo/ips/hwpe-stream/rtl/hwpe_stream_fence.sv Line: 18
Info (12021): Found 0 design units, including 0 entities, in source file /home/victor/pulp_shared_vm/pulp_box/pulpissimo/ips/hwpe-stream/rtl/hwpe_stream_fence.sv
Error (10170): Verilog HDL syntax error at hwpe_stream_split.sv(38) near text: "genvar";  expecting an identifier ("genvar" is a reserved keyword ). Check for and fix any syntax errors that appear immediately before or at the specified keyword. The Intel FPGA Knowledge Database contains many articles with specific details on how to resolve this error. Visit the Knowledge Database at https://www.altera.com/support/support-resources/knowledge-base/search.html and search for this specific error message number. File: /home/victor/pulp_shared_vm/pulp_box/pulpissimo/ips/hwpe-stream/rtl/hwpe_stream_split.sv Line: 38
Error (10112): Ignored design unit "hwpe_stream_split" at hwpe_stream_split.sv(18) due to previous errors File: /home/victor/pulp_shared_vm/pulp_box/pulpissimo/ips/hwpe-stream/rtl/hwpe_stream_split.sv Line: 18
Info (12021): Found 0 design units, including 0 entities, in source file /home/victor/pulp_shared_vm/pulp_box/pulpissimo/ips/hwpe-stream/rtl/hwpe_stream_split.sv
Error (10170): Verilog HDL syntax error at hwpe_stream_sink.sv(117) near text: "genvar";  expecting an identifier ("genvar" is a reserved keyword ). Check for and fix any syntax errors that appear immediately before or at the specified keyword. The Intel FPGA Knowledge Database contains many articles with specific details on how to resolve this error. Visit the Knowledge Database at https://www.altera.com/support/support-resources/knowledge-base/search.html and search for this specific error message number. File: /home/victor/pulp_shared_vm/pulp_box/pulpissimo/ips/hwpe-stream/rtl/hwpe_stream_sink.sv Line: 117
Error (10112): Ignored design unit "hwpe_stream_sink" at hwpe_stream_sink.sv(18) due to previous errors File: /home/victor/pulp_shared_vm/pulp_box/pulpissimo/ips/hwpe-stream/rtl/hwpe_stream_sink.sv Line: 18
Info (12021): Found 0 design units, including 0 entities, in source file /home/victor/pulp_shared_vm/pulp_box/pulpissimo/ips/hwpe-stream/rtl/hwpe_stream_sink.sv
Error (10170): Verilog HDL syntax error at hwpe_stream_source.sv(176) near text: "genvar";  expecting an identifier ("genvar" is a reserved keyword ). Check for and fix any syntax errors that appear immediately before or at the specified keyword. The Intel FPGA Knowledge Database contains many articles with specific details on how to resolve this error. Visit the Knowledge Database at https://www.altera.com/support/support-resources/knowledge-base/search.html and search for this specific error message number. File: /home/victor/pulp_shared_vm/pulp_box/pulpissimo/ips/hwpe-stream/rtl/hwpe_stream_source.sv Line: 176
Error (10170): Verilog HDL syntax error at hwpe_stream_source.sv(190) near text: "genvar";  expecting an identifier ("genvar" is a reserved keyword ). Check for and fix any syntax errors that appear immediately before or at the specified keyword. The Intel FPGA Knowledge Database contains many articles with specific details on how to resolve this error. Visit the Knowledge Database at https://www.altera.com/support/support-resources/knowledge-base/search.html and search for this specific error message number. File: /home/victor/pulp_shared_vm/pulp_box/pulpissimo/ips/hwpe-stream/rtl/hwpe_stream_source.sv Line: 190
Error (10112): Ignored design unit "hwpe_stream_source" at hwpe_stream_source.sv(18) due to previous errors File: /home/victor/pulp_shared_vm/pulp_box/pulpissimo/ips/hwpe-stream/rtl/hwpe_stream_source.sv Line: 18
Info (12021): Found 0 design units, including 0 entities, in source file /home/victor/pulp_shared_vm/pulp_box/pulpissimo/ips/hwpe-stream/rtl/hwpe_stream_source.sv
Info (12021): Found 1 design units, including 1 entities, in source file /home/victor/pulp_shared_vm/pulp_box/pulpissimo/ips/hwpe-stream/rtl/hwpe_stream_sink_realign.sv
    Info (12023): Found entity 1: hwpe_stream_sink_realign File: /home/victor/pulp_shared_vm/pulp_box/pulpissimo/ips/hwpe-stream/rtl/hwpe_stream_sink_realign.sv Line: 18
Error (10170): Verilog HDL syntax error at hwpe_stream_source_realign.sv(170) near text: ";";  expecting "endmodule". Check for and fix any syntax errors that appear immediately before or at the specified keyword. The Intel FPGA Knowledge Database contains many articles with specific details on how to resolve this error. Visit the Knowledge Database at https://www.altera.com/support/support-resources/knowledge-base/search.html and search for this specific error message number. File: /home/victor/pulp_shared_vm/pulp_box/pulpissimo/ips/hwpe-stream/rtl/hwpe_stream_source_realign.sv Line: 170
Error (10112): Ignored design unit "hwpe_stream_source_realign" at hwpe_stream_source_realign.sv(18) due to previous errors File: /home/victor/pulp_shared_vm/pulp_box/pulpissimo/ips/hwpe-stream/rtl/hwpe_stream_source_realign.sv Line: 18
Info (12021): Found 0 design units, including 0 entities, in source file /home/victor/pulp_shared_vm/pulp_box/pulpissimo/ips/hwpe-stream/rtl/hwpe_stream_source_realign.sv
Info (12021): Found 1 design units, including 1 entities, in source file /home/victor/pulp_shared_vm/pulp_box/pulpissimo/ips/hwpe-stream/rtl/hwpe_stream_mux_static.sv
    Info (12023): Found entity 1: hwpe_stream_mux_static File: /home/victor/pulp_shared_vm/pulp_box/pulpissimo/ips/hwpe-stream/rtl/hwpe_stream_mux_static.sv Line: 22
Error (10170): Verilog HDL syntax error at hwpe_stream_demux_static.sv(40) near text: "genvar";  expecting an identifier ("genvar" is a reserved keyword ). Check for and fix any syntax errors that appear immediately before or at the specified keyword. The Intel FPGA Knowledge Database contains many articles with specific details on how to resolve this error. Visit the Knowledge Database at https://www.altera.com/support/support-resources/knowledge-base/search.html and search for this specific error message number. File: /home/victor/pulp_shared_vm/pulp_box/pulpissimo/ips/hwpe-stream/rtl/hwpe_stream_demux_static.sv Line: 40
Error (10112): Ignored design unit "hwpe_stream_demux_static" at hwpe_stream_demux_static.sv(22) due to previous errors File: /home/victor/pulp_shared_vm/pulp_box/pulpissimo/ips/hwpe-stream/rtl/hwpe_stream_demux_static.sv Line: 22
Info (12021): Found 0 design units, including 0 entities, in source file /home/victor/pulp_shared_vm/pulp_box/pulpissimo/ips/hwpe-stream/rtl/hwpe_stream_demux_static.sv
Info (12021): Found 1 design units, including 1 entities, in source file /home/victor/pulp_shared_vm/pulp_box/pulpissimo/ips/hwpe-stream/rtl/hwpe_stream_tcdm_fifo_load.sv
    Info (12023): Found entity 1: hwpe_stream_tcdm_fifo_load File: /home/victor/pulp_shared_vm/pulp_box/pulpissimo/ips/hwpe-stream/rtl/hwpe_stream_tcdm_fifo_load.sv Line: 18
Info (12021): Found 1 design units, including 1 entities, in source file /home/victor/pulp_shared_vm/pulp_box/pulpissimo/ips/hwpe-stream/rtl/hwpe_stream_tcdm_fifo_load_sidech.sv
    Info (12023): Found entity 1: hwpe_stream_tcdm_fifo_load_sidech File: /home/victor/pulp_shared_vm/pulp_box/pulpissimo/ips/hwpe-stream/rtl/hwpe_stream_tcdm_fifo_load_sidech.sv Line: 18
Info (12021): Found 1 design units, including 1 entities, in source file /home/victor/pulp_shared_vm/pulp_box/pulpissimo/ips/hwpe-stream/rtl/hwpe_stream_tcdm_fifo_store.sv
    Info (12023): Found entity 1: hwpe_stream_tcdm_fifo_store File: /home/victor/pulp_shared_vm/pulp_box/pulpissimo/ips/hwpe-stream/rtl/hwpe_stream_tcdm_fifo_store.sv Line: 18
Info (12021): Found 1 design units, including 1 entities, in source file /home/victor/pulp_shared_vm/pulp_box/pulpissimo/ips/hwpe-stream/rtl/hwpe_stream_tcdm_mux.sv
    Info (12023): Found entity 1: hwpe_stream_tcdm_mux File: /home/victor/pulp_shared_vm/pulp_box/pulpissimo/ips/hwpe-stream/rtl/hwpe_stream_tcdm_mux.sv Line: 27
Error (10170): Verilog HDL syntax error at hwpe_stream_tcdm_mux_static.sv(40) near text: "genvar";  expecting an identifier ("genvar" is a reserved keyword ). Check for and fix any syntax errors that appear immediately before or at the specified keyword. The Intel FPGA Knowledge Database contains many articles with specific details on how to resolve this error. Visit the Knowledge Database at https://www.altera.com/support/support-resources/knowledge-base/search.html and search for this specific error message number. File: /home/victor/pulp_shared_vm/pulp_box/pulpissimo/ips/hwpe-stream/rtl/hwpe_stream_tcdm_mux_static.sv Line: 40
Error (10112): Ignored design unit "hwpe_stream_tcdm_mux_static" at hwpe_stream_tcdm_mux_static.sv(22) due to previous errors File: /home/victor/pulp_shared_vm/pulp_box/pulpissimo/ips/hwpe-stream/rtl/hwpe_stream_tcdm_mux_static.sv Line: 22
Info (12021): Found 0 design units, including 0 entities, in source file /home/victor/pulp_shared_vm/pulp_box/pulpissimo/ips/hwpe-stream/rtl/hwpe_stream_tcdm_mux_static.sv
Info (12021): Found 1 design units, including 1 entities, in source file /home/victor/pulp_shared_vm/pulp_box/pulpissimo/ips/hwpe-stream/rtl/hwpe_stream_tcdm_reorder.sv
    Info (12023): Found entity 1: hwpe_stream_tcdm_reorder File: /home/victor/pulp_shared_vm/pulp_box/pulpissimo/ips/hwpe-stream/rtl/hwpe_stream_tcdm_reorder.sv Line: 26
Info (12021): Found 1 design units, including 1 entities, in source file /home/victor/pulp_shared_vm/pulp_box/pulpissimo/ips/hwpe-stream/rtl/hwpe_stream_tcdm_reorder_static.sv
    Info (12023): Found entity 1: hwpe_stream_tcdm_reorder_static File: /home/victor/pulp_shared_vm/pulp_box/pulpissimo/ips/hwpe-stream/rtl/hwpe_stream_tcdm_reorder_static.sv Line: 26
Info (12021): Found 1 design units, including 0 entities, in source file /home/victor/pulp_shared_vm/pulp_box/pulpissimo/ips/hwpe-mac-engine/rtl/mac_package.sv
    Info (12022): Found design unit 1: mac_package (SystemVerilog) File: /home/victor/pulp_shared_vm/pulp_box/pulpissimo/ips/hwpe-mac-engine/rtl/mac_package.sv Line: 18
Info (12021): Found 1 design units, including 1 entities, in source file /home/victor/pulp_shared_vm/pulp_box/pulpissimo/ips/hwpe-mac-engine/rtl/mac_fsm.sv
    Info (12023): Found entity 1: mac_fsm File: /home/victor/pulp_shared_vm/pulp_box/pulpissimo/ips/hwpe-mac-engine/rtl/mac_fsm.sv Line: 19
Info (12021): Found 1 design units, including 1 entities, in source file /home/victor/pulp_shared_vm/pulp_box/pulpissimo/ips/hwpe-mac-engine/rtl/mac_ctrl.sv
    Info (12023): Found entity 1: mac_ctrl File: /home/victor/pulp_shared_vm/pulp_box/pulpissimo/ips/hwpe-mac-engine/rtl/mac_ctrl.sv Line: 19
Info (12021): Found 1 design units, including 1 entities, in source file /home/victor/pulp_shared_vm/pulp_box/pulpissimo/ips/hwpe-mac-engine/rtl/mac_streamer.sv
    Info (12023): Found entity 1: mac_streamer File: /home/victor/pulp_shared_vm/pulp_box/pulpissimo/ips/hwpe-mac-engine/rtl/mac_streamer.sv Line: 19
Error (10170): Verilog HDL syntax error at mac_engine.sv(243) near text: ";";  expecting "endmodule". Check for and fix any syntax errors that appear immediately before or at the specified keyword. The Intel FPGA Knowledge Database contains many articles with specific details on how to resolve this error. Visit the Knowledge Database at https://www.altera.com/support/support-resources/knowledge-base/search.html and search for this specific error message number. File: /home/victor/pulp_shared_vm/pulp_box/pulpissimo/ips/hwpe-mac-engine/rtl/mac_engine.sv Line: 243
Error (10170): Verilog HDL syntax error at mac_engine.sv(247) near text: ";";  expecting "endmodule". Check for and fix any syntax errors that appear immediately before or at the specified keyword. The Intel FPGA Knowledge Database contains many articles with specific details on how to resolve this error. Visit the Knowledge Database at https://www.altera.com/support/support-resources/knowledge-base/search.html and search for this specific error message number. File: /home/victor/pulp_shared_vm/pulp_box/pulpissimo/ips/hwpe-mac-engine/rtl/mac_engine.sv Line: 247
Error (10170): Verilog HDL syntax error at mac_engine.sv(255) near text: ";";  expecting "endmodule". Check for and fix any syntax errors that appear immediately before or at the specified keyword. The Intel FPGA Knowledge Database contains many articles with specific details on how to resolve this error. Visit the Knowledge Database at https://www.altera.com/support/support-resources/knowledge-base/search.html and search for this specific error message number. File: /home/victor/pulp_shared_vm/pulp_box/pulpissimo/ips/hwpe-mac-engine/rtl/mac_engine.sv Line: 255
Error (10170): Verilog HDL syntax error at mac_engine.sv(259) near text: ";";  expecting "endmodule". Check for and fix any syntax errors that appear immediately before or at the specified keyword. The Intel FPGA Knowledge Database contains many articles with specific details on how to resolve this error. Visit the Knowledge Database at https://www.altera.com/support/support-resources/knowledge-base/search.html and search for this specific error message number. File: /home/victor/pulp_shared_vm/pulp_box/pulpissimo/ips/hwpe-mac-engine/rtl/mac_engine.sv Line: 259
Error (10112): Ignored design unit "mac_engine" at mac_engine.sv(31) due to previous errors File: /home/victor/pulp_shared_vm/pulp_box/pulpissimo/ips/hwpe-mac-engine/rtl/mac_engine.sv Line: 31
Info (12021): Found 0 design units, including 0 entities, in source file /home/victor/pulp_shared_vm/pulp_box/pulpissimo/ips/hwpe-mac-engine/rtl/mac_engine.sv
Info (12021): Found 1 design units, including 1 entities, in source file /home/victor/pulp_shared_vm/pulp_box/pulpissimo/ips/hwpe-mac-engine/rtl/mac_top.sv
    Info (12023): Found entity 1: mac_top File: /home/victor/pulp_shared_vm/pulp_box/pulpissimo/ips/hwpe-mac-engine/rtl/mac_top.sv Line: 19
Error (10170): Verilog HDL syntax error at mac_top_wrap.sv(59) near text: "genvar";  expecting an identifier ("genvar" is a reserved keyword ). Check for and fix any syntax errors that appear immediately before or at the specified keyword. The Intel FPGA Knowledge Database contains many articles with specific details on how to resolve this error. Visit the Knowledge Database at https://www.altera.com/support/support-resources/knowledge-base/search.html and search for this specific error message number. File: /home/victor/pulp_shared_vm/pulp_box/pulpissimo/ips/hwpe-mac-engine/wrap/mac_top_wrap.sv Line: 59
Error (10112): Ignored design unit "mac_top_wrap" at mac_top_wrap.sv(12) due to previous errors File: /home/victor/pulp_shared_vm/pulp_box/pulpissimo/ips/hwpe-mac-engine/wrap/mac_top_wrap.sv Line: 12
Info (12021): Found 0 design units, including 0 entities, in source file /home/victor/pulp_shared_vm/pulp_box/pulpissimo/ips/hwpe-mac-engine/wrap/mac_top_wrap.sv
Info (12021): Found 1 design units, including 0 entities, in source file /home/victor/pulp_shared_vm/pulp_box/pulpissimo/ips/riscv-dbg/src/dm_pkg.sv
    Info (12022): Found design unit 1: dm (SystemVerilog) File: /home/victor/pulp_shared_vm/pulp_box/pulpissimo/ips/riscv-dbg/src/dm_pkg.sv Line: 19
Info (12021): Found 1 design units, including 1 entities, in source file /home/victor/pulp_shared_vm/pulp_box/pulpissimo/ips/riscv-dbg/debug_rom/debug_rom.sv
    Info (12023): Found entity 1: debug_rom File: /home/victor/pulp_shared_vm/pulp_box/pulpissimo/ips/riscv-dbg/debug_rom/debug_rom.sv Line: 17
Error (10170): Verilog HDL syntax error at dm_csrs.sv(239) near text: "inside";  expecting an operand. Check for and fix any syntax errors that appear immediately before or at the specified keyword. The Intel FPGA Knowledge Database contains many articles with specific details on how to resolve this error. Visit the Knowledge Database at https://www.altera.com/support/support-resources/knowledge-base/search.html and search for this specific error message number. File: /home/victor/pulp_shared_vm/pulp_box/pulpissimo/ips/riscv-dbg/src/dm_csrs.sv Line: 239
Error (10170): Verilog HDL syntax error at dm_csrs.sv(257) near text: "[";  expecting "endcase". Check for and fix any syntax errors that appear immediately before or at the specified keyword. The Intel FPGA Knowledge Database contains many articles with specific details on how to resolve this error. Visit the Knowledge Database at https://www.altera.com/support/support-resources/knowledge-base/search.html and search for this specific error message number. File: /home/victor/pulp_shared_vm/pulp_box/pulpissimo/ips/riscv-dbg/src/dm_csrs.sv Line: 257
Error (10170): Verilog HDL syntax error at dm_csrs.sv(311) near text: "inside";  expecting an operand. Check for and fix any syntax errors that appear immediately before or at the specified keyword. The Intel FPGA Knowledge Database contains many articles with specific details on how to resolve this error. Visit the Knowledge Database at https://www.altera.com/support/support-resources/knowledge-base/search.html and search for this specific error message number. File: /home/victor/pulp_shared_vm/pulp_box/pulpissimo/ips/riscv-dbg/src/dm_csrs.sv Line: 311
Error (10170): Verilog HDL syntax error at dm_csrs.sv(370) near text: "[";  expecting "endcase". Check for and fix any syntax errors that appear immediately before or at the specified keyword. The Intel FPGA Knowledge Database contains many articles with specific details on how to resolve this error. Visit the Knowledge Database at https://www.altera.com/support/support-resources/knowledge-base/search.html and search for this specific error message number. File: /home/victor/pulp_shared_vm/pulp_box/pulpissimo/ips/riscv-dbg/src/dm_csrs.sv Line: 370
Error (10170): Verilog HDL syntax error at dm_csrs.sv(508) near text: "[". Check for and fix any syntax errors that appear immediately before or at the specified keyword. The Intel FPGA Knowledge Database contains many articles with specific details on how to resolve this error. Visit the Knowledge Database at https://www.altera.com/support/support-resources/knowledge-base/search.html and search for this specific error message number. File: /home/victor/pulp_shared_vm/pulp_box/pulpissimo/ips/riscv-dbg/src/dm_csrs.sv Line: 508
Error (10170): Verilog HDL syntax error at dm_csrs.sv(579) near text: "for";  expecting "endmodule". Check for and fix any syntax errors that appear immediately before or at the specified keyword. The Intel FPGA Knowledge Database contains many articles with specific details on how to resolve this error. Visit the Knowledge Database at https://www.altera.com/support/support-resources/knowledge-base/search.html and search for this specific error message number. File: /home/victor/pulp_shared_vm/pulp_box/pulpissimo/ips/riscv-dbg/src/dm_csrs.sv Line: 579
Error (10170): Verilog HDL syntax error at dm_csrs.sv(584) near text: "<=";  expecting ".", or an identifier. Check for and fix any syntax errors that appear immediately before or at the specified keyword. The Intel FPGA Knowledge Database contains many articles with specific details on how to resolve this error. Visit the Knowledge Database at https://www.altera.com/support/support-resources/knowledge-base/search.html and search for this specific error message number. File: /home/victor/pulp_shared_vm/pulp_box/pulpissimo/ips/riscv-dbg/src/dm_csrs.sv Line: 584
Error (10112): Ignored design unit "dm_csrs" at dm_csrs.sv(18) due to previous errors File: /home/victor/pulp_shared_vm/pulp_box/pulpissimo/ips/riscv-dbg/src/dm_csrs.sv Line: 18
Info (12021): Found 0 design units, including 0 entities, in source file /home/victor/pulp_shared_vm/pulp_box/pulpissimo/ips/riscv-dbg/src/dm_csrs.sv
Error (10170): Verilog HDL syntax error at dm_mem.sv(207) near text: "inside";  expecting an operand. Check for and fix any syntax errors that appear immediately before or at the specified keyword. The Intel FPGA Knowledge Database contains many articles with specific details on how to resolve this error. Visit the Knowledge Database at https://www.altera.com/support/support-resources/knowledge-base/search.html and search for this specific error message number. File: /home/victor/pulp_shared_vm/pulp_box/pulpissimo/ips/riscv-dbg/src/dm_mem.sv Line: 207
Error (10170): Verilog HDL syntax error at dm_mem.sv(224) near text: "[";  expecting "endcase". Check for and fix any syntax errors that appear immediately before or at the specified keyword. The Intel FPGA Knowledge Database contains many articles with specific details on how to resolve this error. Visit the Knowledge Database at https://www.altera.com/support/support-resources/knowledge-base/search.html and search for this specific error message number. File: /home/victor/pulp_shared_vm/pulp_box/pulpissimo/ips/riscv-dbg/src/dm_mem.sv Line: 224
Error (10170): Verilog HDL syntax error at dm_mem.sv(237) near text: "inside";  expecting an operand. Check for and fix any syntax errors that appear immediately before or at the specified keyword. The Intel FPGA Knowledge Database contains many articles with specific details on how to resolve this error. Visit the Knowledge Database at https://www.altera.com/support/support-resources/knowledge-base/search.html and search for this specific error message number. File: /home/victor/pulp_shared_vm/pulp_box/pulpissimo/ips/riscv-dbg/src/dm_mem.sv Line: 237
Error (10170): Verilog HDL syntax error at dm_mem.sv(259) near text: "[";  expecting "endcase". Check for and fix any syntax errors that appear immediately before or at the specified keyword. The Intel FPGA Knowledge Database contains many articles with specific details on how to resolve this error. Visit the Knowledge Database at https://www.altera.com/support/support-resources/knowledge-base/search.html and search for this specific error message number. File: /home/victor/pulp_shared_vm/pulp_box/pulpissimo/ips/riscv-dbg/src/dm_mem.sv Line: 259
Error (10170): Verilog HDL syntax error at dm_mem.sv(266) near text: "[";  expecting "endcase". Check for and fix any syntax errors that appear immediately before or at the specified keyword. The Intel FPGA Knowledge Database contains many articles with specific details on how to resolve this error. Visit the Knowledge Database at https://www.altera.com/support/support-resources/knowledge-base/search.html and search for this specific error message number. File: /home/victor/pulp_shared_vm/pulp_box/pulpissimo/ips/riscv-dbg/src/dm_mem.sv Line: 266
Error (10170): Verilog HDL syntax error at dm_mem.sv(272) near text: "[";  expecting "endcase". Check for and fix any syntax errors that appear immediately before or at the specified keyword. The Intel FPGA Knowledge Database contains many articles with specific details on how to resolve this error. Visit the Knowledge Database at https://www.altera.com/support/support-resources/knowledge-base/search.html and search for this specific error message number. File: /home/victor/pulp_shared_vm/pulp_box/pulpissimo/ips/riscv-dbg/src/dm_mem.sv Line: 272
Error (10170): Verilog HDL syntax error at dm_mem.sv(278) near text: "[";  expecting "endcase". Check for and fix any syntax errors that appear immediately before or at the specified keyword. The Intel FPGA Knowledge Database contains many articles with specific details on how to resolve this error. Visit the Knowledge Database at https://www.altera.com/support/support-resources/knowledge-base/search.html and search for this specific error message number. File: /home/victor/pulp_shared_vm/pulp_box/pulpissimo/ips/riscv-dbg/src/dm_mem.sv Line: 278
Error (10170): Verilog HDL syntax error at dm_mem.sv(458) near text: "for";  expecting "endmodule". Check for and fix any syntax errors that appear immediately before or at the specified keyword. The Intel FPGA Knowledge Database contains many articles with specific details on how to resolve this error. Visit the Knowledge Database at https://www.altera.com/support/support-resources/knowledge-base/search.html and search for this specific error message number. File: /home/victor/pulp_shared_vm/pulp_box/pulpissimo/ips/riscv-dbg/src/dm_mem.sv Line: 458
Error (10170): Verilog HDL syntax error at dm_mem.sv(462) near text: "<=";  expecting ".", or an identifier. Check for and fix any syntax errors that appear immediately before or at the specified keyword. The Intel FPGA Knowledge Database contains many articles with specific details on how to resolve this error. Visit the Knowledge Database at https://www.altera.com/support/support-resources/knowledge-base/search.html and search for this specific error message number. File: /home/victor/pulp_shared_vm/pulp_box/pulpissimo/ips/riscv-dbg/src/dm_mem.sv Line: 462
Error (10170): Verilog HDL syntax error at dm_mem.sv(464) near text: "<=";  expecting ".", or an identifier. Check for and fix any syntax errors that appear immediately before or at the specified keyword. The Intel FPGA Knowledge Database contains many articles with specific details on how to resolve this error. Visit the Knowledge Database at https://www.altera.com/support/support-resources/knowledge-base/search.html and search for this specific error message number. File: /home/victor/pulp_shared_vm/pulp_box/pulpissimo/ips/riscv-dbg/src/dm_mem.sv Line: 464
Error (10170): Verilog HDL syntax error at dm_mem.sv(465) near text: "<=";  expecting ".", or an identifier. Check for and fix any syntax errors that appear immediately before or at the specified keyword. The Intel FPGA Knowledge Database contains many articles with specific details on how to resolve this error. Visit the Knowledge Database at https://www.altera.com/support/support-resources/knowledge-base/search.html and search for this specific error message number. File: /home/victor/pulp_shared_vm/pulp_box/pulpissimo/ips/riscv-dbg/src/dm_mem.sv Line: 465
Error (10112): Ignored design unit "dm_mem" at dm_mem.sv(19) due to previous errors File: /home/victor/pulp_shared_vm/pulp_box/pulpissimo/ips/riscv-dbg/src/dm_mem.sv Line: 19
Info (12021): Found 0 design units, including 0 entities, in source file /home/victor/pulp_shared_vm/pulp_box/pulpissimo/ips/riscv-dbg/src/dm_mem.sv
Error (10170): Verilog HDL syntax error at dm_top.sv(34) near text: "::";  expecting ")". Check for and fix any syntax errors that appear immediately before or at the specified keyword. The Intel FPGA Knowledge Database contains many articles with specific details on how to resolve this error. Visit the Knowledge Database at https://www.altera.com/support/support-resources/knowledge-base/search.html and search for this specific error message number. File: /home/victor/pulp_shared_vm/pulp_box/pulpissimo/ips/riscv-dbg/src/dm_top.sv Line: 34
Error (10112): Ignored design unit "dm_top" at dm_top.sv(20) due to previous errors File: /home/victor/pulp_shared_vm/pulp_box/pulpissimo/ips/riscv-dbg/src/dm_top.sv Line: 20
Info (12021): Found 0 design units, including 0 entities, in source file /home/victor/pulp_shared_vm/pulp_box/pulpissimo/ips/riscv-dbg/src/dm_top.sv
Info (12021): Found 1 design units, including 1 entities, in source file /home/victor/pulp_shared_vm/pulp_box/pulpissimo/ips/riscv-dbg/src/dmi_cdc.sv
    Info (12023): Found entity 1: dmi_cdc File: /home/victor/pulp_shared_vm/pulp_box/pulpissimo/ips/riscv-dbg/src/dmi_cdc.sv Line: 19
Error (10170): Verilog HDL syntax error at dmi_jtag.sv(157) near text: "inside";  expecting ")". Check for and fix any syntax errors that appear immediately before or at the specified keyword. The Intel FPGA Knowledge Database contains many articles with specific details on how to resolve this error. Visit the Knowledge Database at https://www.altera.com/support/support-resources/knowledge-base/search.html and search for this specific error message number. File: /home/victor/pulp_shared_vm/pulp_box/pulpissimo/ips/riscv-dbg/src/dmi_jtag.sv Line: 157
Error (10170): Verilog HDL syntax error at dmi_jtag.sv(157) near text: ")";  expecting "<=", or "=", or "+=", or "-=", or "*=", or "/=", or "%=", or "&=", or "|=", or "^=", or "<<=", or ">>=", or "<<<=", or ">>>=", or "++", or "--". Check for and fix any syntax errors that appear immediately before or at the specified keyword. The Intel FPGA Knowledge Database contains many articles with specific details on how to resolve this error. Visit the Knowledge Database at https://www.altera.com/support/support-resources/knowledge-base/search.html and search for this specific error message number. File: /home/victor/pulp_shared_vm/pulp_box/pulpissimo/ips/riscv-dbg/src/dmi_jtag.sv Line: 157
Error (10112): Ignored design unit "dmi_jtag" at dmi_jtag.sv(19) due to previous errors File: /home/victor/pulp_shared_vm/pulp_box/pulpissimo/ips/riscv-dbg/src/dmi_jtag.sv Line: 19
Info (12021): Found 0 design units, including 0 entities, in source file /home/victor/pulp_shared_vm/pulp_box/pulpissimo/ips/riscv-dbg/src/dmi_jtag.sv
Info (12021): Found 1 design units, including 1 entities, in source file /home/victor/pulp_shared_vm/pulp_box/pulpissimo/ips/riscv-dbg/src/dmi_jtag_tap.sv
    Info (12023): Found entity 1: dmi_jtag_tap File: /home/victor/pulp_shared_vm/pulp_box/pulpissimo/ips/riscv-dbg/src/dmi_jtag_tap.sv Line: 19
Info (12021): Found 1 design units, including 1 entities, in source file /home/victor/pulp_shared_vm/pulp_box/pulpissimo/ips/riscv-dbg/src/dm_sba.sv
    Info (12023): Found entity 1: dm_sba File: /home/victor/pulp_shared_vm/pulp_box/pulpissimo/ips/riscv-dbg/src/dm_sba.sv Line: 18
Info (12021): Found 1 design units, including 0 entities, in source file /home/victor/pulp_shared_vm/pulp_box/pulpissimo/ips/register_interface/src/reg_intf_pkg.sv
    Info (12022): Found design unit 1: reg_intf_pkg (SystemVerilog) File: /home/victor/pulp_shared_vm/pulp_box/pulpissimo/ips/register_interface/src/reg_intf_pkg.sv Line: 23
Info (12021): Found 1 design units, including 1 entities, in source file /home/victor/pulp_shared_vm/pulp_box/pulpissimo/ips/register_interface/src/reg_intf.sv
    Info (12023): Found entity 1: REG_BUS File: /home/victor/pulp_shared_vm/pulp_box/pulpissimo/ips/register_interface/src/reg_intf.sv Line: 22
Info (12021): Found 1 design units, including 1 entities, in source file /home/victor/pulp_shared_vm/pulp_box/pulpissimo/ips/register_interface/src/apb_to_reg.sv
    Info (12023): Found entity 1: apb_to_reg File: /home/victor/pulp_shared_vm/pulp_box/pulpissimo/ips/register_interface/src/apb_to_reg.sv Line: 13
Error (10054): Verilog HDL File I/O error at axi_to_reg.sv(15): can't open Verilog Design File "axi/typedef.svh" File: /home/victor/pulp_shared_vm/pulp_box/pulpissimo/ips/register_interface/src/axi_to_reg.sv Line: 15
Error (10170): Verilog HDL syntax error at axi_to_reg.sv(30) near text: "type";  expecting an identifier ("type" is a reserved keyword ). Check for and fix any syntax errors that appear immediately before or at the specified keyword. The Intel FPGA Knowledge Database contains many articles with specific details on how to resolve this error. Visit the Knowledge Database at https://www.altera.com/support/support-resources/knowledge-base/search.html and search for this specific error message number. File: /home/victor/pulp_shared_vm/pulp_box/pulpissimo/ips/register_interface/src/axi_to_reg.sv Line: 30
Critical Warning (10191): Verilog HDL Compiler Directive warning at axi_to_reg.sv(51): text macro "AXI_LITE_TYPEDEF_AW_CHAN_T" is undefined File: /home/victor/pulp_shared_vm/pulp_box/pulpissimo/ips/register_interface/src/axi_to_reg.sv Line: 51
Error (10170): Verilog HDL syntax error at axi_to_reg.sv(51) near text: "(";  expecting "endmodule". Check for and fix any syntax errors that appear immediately before or at the specified keyword. The Intel FPGA Knowledge Database contains many articles with specific details on how to resolve this error. Visit the Knowledge Database at https://www.altera.com/support/support-resources/knowledge-base/search.html and search for this specific error message number. File: /home/victor/pulp_shared_vm/pulp_box/pulpissimo/ips/register_interface/src/axi_to_reg.sv Line: 51
Error (10149): Verilog HDL Declaration error at axi_to_reg.sv(51): identifier "addr_t" is already declared in the present scope File: /home/victor/pulp_shared_vm/pulp_box/pulpissimo/ips/register_interface/src/axi_to_reg.sv Line: 51
Critical Warning (10191): Verilog HDL Compiler Directive warning at axi_to_reg.sv(52): text macro "AXI_LITE_TYPEDEF_W_CHAN_T" is undefined File: /home/victor/pulp_shared_vm/pulp_box/pulpissimo/ips/register_interface/src/axi_to_reg.sv Line: 52
Error (10149): Verilog HDL Declaration error at axi_to_reg.sv(52): identifier "data_t" is already declared in the present scope File: /home/victor/pulp_shared_vm/pulp_box/pulpissimo/ips/register_interface/src/axi_to_reg.sv Line: 52
Error (10149): Verilog HDL Declaration error at axi_to_reg.sv(52): identifier "strb_t" is already declared in the present scope File: /home/victor/pulp_shared_vm/pulp_box/pulpissimo/ips/register_interface/src/axi_to_reg.sv Line: 52
Error (10170): Verilog HDL syntax error at axi_to_reg.sv(52) near text: ")";  expecting ";". Check for and fix any syntax errors that appear immediately before or at the specified keyword. The Intel FPGA Knowledge Database contains many articles with specific details on how to resolve this error. Visit the Knowledge Database at https://www.altera.com/support/support-resources/knowledge-base/search.html and search for this specific error message number. File: /home/victor/pulp_shared_vm/pulp_box/pulpissimo/ips/register_interface/src/axi_to_reg.sv Line: 52
Critical Warning (10191): Verilog HDL Compiler Directive warning at axi_to_reg.sv(53): text macro "AXI_LITE_TYPEDEF_B_CHAN_T" is undefined File: /home/victor/pulp_shared_vm/pulp_box/pulpissimo/ips/register_interface/src/axi_to_reg.sv Line: 53
Critical Warning (10191): Verilog HDL Compiler Directive warning at axi_to_reg.sv(54): text macro "AXI_LITE_TYPEDEF_AR_CHAN_T" is undefined File: /home/victor/pulp_shared_vm/pulp_box/pulpissimo/ips/register_interface/src/axi_to_reg.sv Line: 54
Error (10149): Verilog HDL Declaration error at axi_to_reg.sv(54): identifier "addr_t" is already declared in the present scope File: /home/victor/pulp_shared_vm/pulp_box/pulpissimo/ips/register_interface/src/axi_to_reg.sv Line: 54
Critical Warning (10191): Verilog HDL Compiler Directive warning at axi_to_reg.sv(55): text macro "AXI_LITE_TYPEDEF_R_CHAN_T" is undefined File: /home/victor/pulp_shared_vm/pulp_box/pulpissimo/ips/register_interface/src/axi_to_reg.sv Line: 55
Error (10149): Verilog HDL Declaration error at axi_to_reg.sv(55): identifier "data_t" is already declared in the present scope File: /home/victor/pulp_shared_vm/pulp_box/pulpissimo/ips/register_interface/src/axi_to_reg.sv Line: 55
Critical Warning (10191): Verilog HDL Compiler Directive warning at axi_to_reg.sv(56): text macro "AXI_LITE_TYPEDEF_REQ_T" is undefined File: /home/victor/pulp_shared_vm/pulp_box/pulpissimo/ips/register_interface/src/axi_to_reg.sv Line: 56
Error (10170): Verilog HDL syntax error at axi_to_reg.sv(56) near text: ")";  expecting ";". Check for and fix any syntax errors that appear immediately before or at the specified keyword. The Intel FPGA Knowledge Database contains many articles with specific details on how to resolve this error. Visit the Knowledge Database at https://www.altera.com/support/support-resources/knowledge-base/search.html and search for this specific error message number. File: /home/victor/pulp_shared_vm/pulp_box/pulpissimo/ips/register_interface/src/axi_to_reg.sv Line: 56
Critical Warning (10191): Verilog HDL Compiler Directive warning at axi_to_reg.sv(57): text macro "AXI_LITE_TYPEDEF_RESP_T" is undefined File: /home/victor/pulp_shared_vm/pulp_box/pulpissimo/ips/register_interface/src/axi_to_reg.sv Line: 57
Error (10170): Verilog HDL syntax error at axi_to_reg.sv(57) near text: ")";  expecting ";". Check for and fix any syntax errors that appear immediately before or at the specified keyword. The Intel FPGA Knowledge Database contains many articles with specific details on how to resolve this error. Visit the Knowledge Database at https://www.altera.com/support/support-resources/knowledge-base/search.html and search for this specific error message number. File: /home/victor/pulp_shared_vm/pulp_box/pulpissimo/ips/register_interface/src/axi_to_reg.sv Line: 57
Error (10112): Ignored design unit "axi_to_reg" at axi_to_reg.sv(17) due to previous errors File: /home/victor/pulp_shared_vm/pulp_box/pulpissimo/ips/register_interface/src/axi_to_reg.sv Line: 17
Error (10112): Ignored design unit "axi_to_reg_intf" at axi_to_reg.sv(111) due to previous errors File: /home/victor/pulp_shared_vm/pulp_box/pulpissimo/ips/register_interface/src/axi_to_reg.sv Line: 111
Info (12021): Found 0 design units, including 0 entities, in source file /home/victor/pulp_shared_vm/pulp_box/pulpissimo/ips/register_interface/src/axi_to_reg.sv
Error (10170): Verilog HDL syntax error at reg_cdc.sv(15) near text: "type";  expecting an identifier ("type" is a reserved keyword ). Check for and fix any syntax errors that appear immediately before or at the specified keyword. The Intel FPGA Knowledge Database contains many articles with specific details on how to resolve this error. Visit the Knowledge Database at https://www.altera.com/support/support-resources/knowledge-base/search.html and search for this specific error message number. File: /home/victor/pulp_shared_vm/pulp_box/pulpissimo/ips/register_interface/src/reg_cdc.sv Line: 15
Error (10112): Ignored design unit "reg_cdc" at reg_cdc.sv(14) due to previous errors File: /home/victor/pulp_shared_vm/pulp_box/pulpissimo/ips/register_interface/src/reg_cdc.sv Line: 14
Info (12021): Found 0 design units, including 0 entities, in source file /home/victor/pulp_shared_vm/pulp_box/pulpissimo/ips/register_interface/src/reg_cdc.sv
Error (10170): Verilog HDL syntax error at reg_demux.sv(15) near text: "type";  expecting an identifier ("type" is a reserved keyword ). Check for and fix any syntax errors that appear immediately before or at the specified keyword. The Intel FPGA Knowledge Database contains many articles with specific details on how to resolve this error. Visit the Knowledge Database at https://www.altera.com/support/support-resources/knowledge-base/search.html and search for this specific error message number. File: /home/victor/pulp_shared_vm/pulp_box/pulpissimo/ips/register_interface/src/reg_demux.sv Line: 15
Error (10170): Verilog HDL syntax error at reg_demux.sv(19) near text: "type";  expecting an identifier ("type" is a reserved keyword ). Check for and fix any syntax errors that appear immediately before or at the specified keyword. The Intel FPGA Knowledge Database contains many articles with specific details on how to resolve this error. Visit the Knowledge Database at https://www.altera.com/support/support-resources/knowledge-base/search.html and search for this specific error message number. File: /home/victor/pulp_shared_vm/pulp_box/pulpissimo/ips/register_interface/src/reg_demux.sv Line: 19
Error (10112): Ignored design unit "reg_demux" at reg_demux.sv(13) due to previous errors File: /home/victor/pulp_shared_vm/pulp_box/pulpissimo/ips/register_interface/src/reg_demux.sv Line: 13
Info (12021): Found 0 design units, including 0 entities, in source file /home/victor/pulp_shared_vm/pulp_box/pulpissimo/ips/register_interface/src/reg_demux.sv
Error (10054): Verilog HDL File I/O error at reg_mux.sv(13): can't open Verilog Design File "register_interface/typedef.svh" File: /home/victor/pulp_shared_vm/pulp_box/pulpissimo/ips/register_interface/src/reg_mux.sv Line: 13
Error (10170): Verilog HDL syntax error at reg_mux.sv(20) near text: "type";  expecting an identifier ("type" is a reserved keyword ). Check for and fix any syntax errors that appear immediately before or at the specified keyword. The Intel FPGA Knowledge Database contains many articles with specific details on how to resolve this error. Visit the Knowledge Database at https://www.altera.com/support/support-resources/knowledge-base/search.html and search for this specific error message number. File: /home/victor/pulp_shared_vm/pulp_box/pulpissimo/ips/register_interface/src/reg_mux.sv Line: 20
Critical Warning (10191): Verilog HDL Compiler Directive warning at reg_mux.sv(32): text macro "REG_BUS_TYPEDEF_REQ" is undefined File: /home/victor/pulp_shared_vm/pulp_box/pulpissimo/ips/register_interface/src/reg_mux.sv Line: 32
Error (10170): Verilog HDL syntax error at reg_mux.sv(32) near text: "(";  expecting "endmodule". Check for and fix any syntax errors that appear immediately before or at the specified keyword. The Intel FPGA Knowledge Database contains many articles with specific details on how to resolve this error. Visit the Knowledge Database at https://www.altera.com/support/support-resources/knowledge-base/search.html and search for this specific error message number. File: /home/victor/pulp_shared_vm/pulp_box/pulpissimo/ips/register_interface/src/reg_mux.sv Line: 32
Error (10170): Verilog HDL syntax error at reg_mux.sv(37) near text: "for";  expecting "endmodule". Check for and fix any syntax errors that appear immediately before or at the specified keyword. The Intel FPGA Knowledge Database contains many articles with specific details on how to resolve this error. Visit the Knowledge Database at https://www.altera.com/support/support-resources/knowledge-base/search.html and search for this specific error message number. File: /home/victor/pulp_shared_vm/pulp_box/pulpissimo/ips/register_interface/src/reg_mux.sv Line: 37
Error (10170): Verilog HDL syntax error at reg_mux.sv(49) near text: "end";  expecting "endmodule". Check for and fix any syntax errors that appear immediately before or at the specified keyword. The Intel FPGA Knowledge Database contains many articles with specific details on how to resolve this error. Visit the Knowledge Database at https://www.altera.com/support/support-resources/knowledge-base/search.html and search for this specific error message number. File: /home/victor/pulp_shared_vm/pulp_box/pulpissimo/ips/register_interface/src/reg_mux.sv Line: 49
Error (10112): Ignored design unit "reg_mux" at reg_mux.sv(16) due to previous errors File: /home/victor/pulp_shared_vm/pulp_box/pulpissimo/ips/register_interface/src/reg_mux.sv Line: 16
Info (12021): Found 0 design units, including 0 entities, in source file /home/victor/pulp_shared_vm/pulp_box/pulpissimo/ips/register_interface/src/reg_mux.sv
Error (10054): Verilog HDL File I/O error at reg_to_mem.sv(14): can't open Verilog Design File "common_cells/registers.svh" File: /home/victor/pulp_shared_vm/pulp_box/pulpissimo/ips/register_interface/src/reg_to_mem.sv Line: 14
Error (10170): Verilog HDL syntax error at reg_to_mem.sv(20) near text: "type";  expecting an identifier ("type" is a reserved keyword ). Check for and fix any syntax errors that appear immediately before or at the specified keyword. The Intel FPGA Knowledge Database contains many articles with specific details on how to resolve this error. Visit the Knowledge Database at https://www.altera.com/support/support-resources/knowledge-base/search.html and search for this specific error message number. File: /home/victor/pulp_shared_vm/pulp_box/pulpissimo/ips/register_interface/src/reg_to_mem.sv Line: 20
Critical Warning (10191): Verilog HDL Compiler Directive warning at reg_to_mem.sv(40): text macro "FF" is undefined File: /home/victor/pulp_shared_vm/pulp_box/pulpissimo/ips/register_interface/src/reg_to_mem.sv Line: 40
Error (10170): Verilog HDL syntax error at reg_to_mem.sv(40) near text: "(";  expecting "endmodule". Check for and fix any syntax errors that appear immediately before or at the specified keyword. The Intel FPGA Knowledge Database contains many articles with specific details on how to resolve this error. Visit the Knowledge Database at https://www.altera.com/support/support-resources/knowledge-base/search.html and search for this specific error message number. File: /home/victor/pulp_shared_vm/pulp_box/pulpissimo/ips/register_interface/src/reg_to_mem.sv Line: 40
Error (10149): Verilog HDL Declaration error at reg_to_mem.sv(40): identifier "wait_read_d" is already declared in the present scope File: /home/victor/pulp_shared_vm/pulp_box/pulpissimo/ips/register_interface/src/reg_to_mem.sv Line: 40
Error (10170): Verilog HDL syntax error at reg_to_mem.sv(40) near text: "1";  expecting an identifier. Check for and fix any syntax errors that appear immediately before or at the specified keyword. The Intel FPGA Knowledge Database contains many articles with specific details on how to resolve this error. Visit the Knowledge Database at https://www.altera.com/support/support-resources/knowledge-base/search.html and search for this specific error message number. File: /home/victor/pulp_shared_vm/pulp_box/pulpissimo/ips/register_interface/src/reg_to_mem.sv Line: 40
Error (10112): Ignored design unit "reg_to_mem" at reg_to_mem.sv(17) due to previous errors File: /home/victor/pulp_shared_vm/pulp_box/pulpissimo/ips/register_interface/src/reg_to_mem.sv Line: 17
Info (12021): Found 0 design units, including 0 entities, in source file /home/victor/pulp_shared_vm/pulp_box/pulpissimo/ips/register_interface/src/reg_to_mem.sv
Error (10170): Verilog HDL syntax error at reg_uniform.sv(39) near text: "for";  expecting "endmodule". Check for and fix any syntax errors that appear immediately before or at the specified keyword. The Intel FPGA Knowledge Database contains many articles with specific details on how to resolve this error. Visit the Knowledge Database at https://www.altera.com/support/support-resources/knowledge-base/search.html and search for this specific error message number. File: /home/victor/pulp_shared_vm/pulp_box/pulpissimo/ips/register_interface/src/reg_uniform.sv Line: 39
Error (10170): Verilog HDL syntax error at reg_uniform.sv(48) near text: ")";  expecting ".", or an identifier. Check for and fix any syntax errors that appear immediately before or at the specified keyword. The Intel FPGA Knowledge Database contains many articles with specific details on how to resolve this error. Visit the Knowledge Database at https://www.altera.com/support/support-resources/knowledge-base/search.html and search for this specific error message number. File: /home/victor/pulp_shared_vm/pulp_box/pulpissimo/ips/register_interface/src/reg_uniform.sv Line: 48
Error (10170): Verilog HDL syntax error at reg_uniform.sv(54) near text: "end";  expecting "endmodule". Check for and fix any syntax errors that appear immediately before or at the specified keyword. The Intel FPGA Knowledge Database contains many articles with specific details on how to resolve this error. Visit the Knowledge Database at https://www.altera.com/support/support-resources/knowledge-base/search.html and search for this specific error message number. File: /home/victor/pulp_shared_vm/pulp_box/pulpissimo/ips/register_interface/src/reg_uniform.sv Line: 54
Error (10112): Ignored design unit "reg_uniform" at reg_uniform.sv(14) due to previous errors File: /home/victor/pulp_shared_vm/pulp_box/pulpissimo/ips/register_interface/src/reg_uniform.sv Line: 14
Info (12021): Found 0 design units, including 0 entities, in source file /home/victor/pulp_shared_vm/pulp_box/pulpissimo/ips/register_interface/src/reg_uniform.sv
Error (10170): Verilog HDL syntax error at axi_lite_to_reg.sv(26) near text: "type";  expecting an identifier ("type" is a reserved keyword ). Check for and fix any syntax errors that appear immediately before or at the specified keyword. The Intel FPGA Knowledge Database contains many articles with specific details on how to resolve this error. Visit the Knowledge Database at https://www.altera.com/support/support-resources/knowledge-base/search.html and search for this specific error message number. File: /home/victor/pulp_shared_vm/pulp_box/pulpissimo/ips/register_interface/src/axi_lite_to_reg.sv Line: 26
Error (10170): Verilog HDL syntax error at axi_lite_to_reg.sv(116) near text: ")". Check for and fix any syntax errors that appear immediately before or at the specified keyword. The Intel FPGA Knowledge Database contains many articles with specific details on how to resolve this error. Visit the Knowledge Database at https://www.altera.com/support/support-resources/knowledge-base/search.html and search for this specific error message number. File: /home/victor/pulp_shared_vm/pulp_box/pulpissimo/ips/register_interface/src/axi_lite_to_reg.sv Line: 116
Error (10054): Verilog HDL File I/O error at axi_lite_to_reg.sv(218): can't open Verilog Design File "register_interface/typedef.svh" File: /home/victor/pulp_shared_vm/pulp_box/pulpissimo/ips/register_interface/src/axi_lite_to_reg.sv Line: 218
Error (10054): Verilog HDL File I/O error at axi_lite_to_reg.sv(219): can't open Verilog Design File "register_interface/assign.svh" File: /home/victor/pulp_shared_vm/pulp_box/pulpissimo/ips/register_interface/src/axi_lite_to_reg.sv Line: 219
Error (10054): Verilog HDL File I/O error at axi_lite_to_reg.sv(220): can't open Verilog Design File "axi/typedef.svh" File: /home/victor/pulp_shared_vm/pulp_box/pulpissimo/ips/register_interface/src/axi_lite_to_reg.sv Line: 220
Error (10054): Verilog HDL File I/O error at axi_lite_to_reg.sv(221): can't open Verilog Design File "axi/assign.svh" File: /home/victor/pulp_shared_vm/pulp_box/pulpissimo/ips/register_interface/src/axi_lite_to_reg.sv Line: 221
Error (10112): Ignored design unit "axi_lite_to_reg" at axi_lite_to_reg.sv(15) due to previous errors File: /home/victor/pulp_shared_vm/pulp_box/pulpissimo/ips/register_interface/src/axi_lite_to_reg.sv Line: 15
Critical Warning (10191): Verilog HDL Compiler Directive warning at axi_lite_to_reg.sv(245): text macro "REG_BUS_TYPEDEF_REQ" is undefined File: /home/victor/pulp_shared_vm/pulp_box/pulpissimo/ips/register_interface/src/axi_lite_to_reg.sv Line: 245
Error (10170): Verilog HDL syntax error at axi_lite_to_reg.sv(245) near text: "(";  expecting "endmodule". Check for and fix any syntax errors that appear immediately before or at the specified keyword. The Intel FPGA Knowledge Database contains many articles with specific details on how to resolve this error. Visit the Knowledge Database at https://www.altera.com/support/support-resources/knowledge-base/search.html and search for this specific error message number. File: /home/victor/pulp_shared_vm/pulp_box/pulpissimo/ips/register_interface/src/axi_lite_to_reg.sv Line: 245
Error (10149): Verilog HDL Declaration error at axi_lite_to_reg.sv(245): identifier "addr_t" is already declared in the present scope File: /home/victor/pulp_shared_vm/pulp_box/pulpissimo/ips/register_interface/src/axi_lite_to_reg.sv Line: 245
Error (10149): Verilog HDL Declaration error at axi_lite_to_reg.sv(245): identifier "data_t" is already declared in the present scope File: /home/victor/pulp_shared_vm/pulp_box/pulpissimo/ips/register_interface/src/axi_lite_to_reg.sv Line: 245
Error (10149): Verilog HDL Declaration error at axi_lite_to_reg.sv(245): identifier "strb_t" is already declared in the present scope File: /home/victor/pulp_shared_vm/pulp_box/pulpissimo/ips/register_interface/src/axi_lite_to_reg.sv Line: 245
Error (10170): Verilog HDL syntax error at axi_lite_to_reg.sv(245) near text: ")";  expecting ";". Check for and fix any syntax errors that appear immediately before or at the specified keyword. The Intel FPGA Knowledge Database contains many articles with specific details on how to resolve this error. Visit the Knowledge Database at https://www.altera.com/support/support-resources/knowledge-base/search.html and search for this specific error message number. File: /home/victor/pulp_shared_vm/pulp_box/pulpissimo/ips/register_interface/src/axi_lite_to_reg.sv Line: 245
Critical Warning (10191): Verilog HDL Compiler Directive warning at axi_lite_to_reg.sv(246): text macro "REG_BUS_TYPEDEF_RSP" is undefined File: /home/victor/pulp_shared_vm/pulp_box/pulpissimo/ips/register_interface/src/axi_lite_to_reg.sv Line: 246
Error (10149): Verilog HDL Declaration error at axi_lite_to_reg.sv(246): identifier "data_t" is already declared in the present scope File: /home/victor/pulp_shared_vm/pulp_box/pulpissimo/ips/register_interface/src/axi_lite_to_reg.sv Line: 246
Critical Warning (10191): Verilog HDL Compiler Directive warning at axi_lite_to_reg.sv(248): text macro "AXI_LITE_TYPEDEF_AW_CHAN_T" is undefined File: /home/victor/pulp_shared_vm/pulp_box/pulpissimo/ips/register_interface/src/axi_lite_to_reg.sv Line: 248
Error (10149): Verilog HDL Declaration error at axi_lite_to_reg.sv(248): identifier "addr_t" is already declared in the present scope File: /home/victor/pulp_shared_vm/pulp_box/pulpissimo/ips/register_interface/src/axi_lite_to_reg.sv Line: 248
Critical Warning (10191): Verilog HDL Compiler Directive warning at axi_lite_to_reg.sv(249): text macro "AXI_LITE_TYPEDEF_W_CHAN_T" is undefined File: /home/victor/pulp_shared_vm/pulp_box/pulpissimo/ips/register_interface/src/axi_lite_to_reg.sv Line: 249
Error (10149): Verilog HDL Declaration error at axi_lite_to_reg.sv(249): identifier "data_t" is already declared in the present scope File: /home/victor/pulp_shared_vm/pulp_box/pulpissimo/ips/register_interface/src/axi_lite_to_reg.sv Line: 249
Error (10149): Verilog HDL Declaration error at axi_lite_to_reg.sv(249): identifier "strb_t" is already declared in the present scope File: /home/victor/pulp_shared_vm/pulp_box/pulpissimo/ips/register_interface/src/axi_lite_to_reg.sv Line: 249
Error (10170): Verilog HDL syntax error at axi_lite_to_reg.sv(249) near text: ")";  expecting ";". Check for and fix any syntax errors that appear immediately before or at the specified keyword. The Intel FPGA Knowledge Database contains many articles with specific details on how to resolve this error. Visit the Knowledge Database at https://www.altera.com/support/support-resources/knowledge-base/search.html and search for this specific error message number. File: /home/victor/pulp_shared_vm/pulp_box/pulpissimo/ips/register_interface/src/axi_lite_to_reg.sv Line: 249
Critical Warning (10191): Verilog HDL Compiler Directive warning at axi_lite_to_reg.sv(250): text macro "AXI_LITE_TYPEDEF_B_CHAN_T" is undefined File: /home/victor/pulp_shared_vm/pulp_box/pulpissimo/ips/register_interface/src/axi_lite_to_reg.sv Line: 250
Critical Warning (10191): Verilog HDL Compiler Directive warning at axi_lite_to_reg.sv(251): text macro "AXI_LITE_TYPEDEF_AR_CHAN_T" is undefined File: /home/victor/pulp_shared_vm/pulp_box/pulpissimo/ips/register_interface/src/axi_lite_to_reg.sv Line: 251
Error (10149): Verilog HDL Declaration error at axi_lite_to_reg.sv(251): identifier "addr_t" is already declared in the present scope File: /home/victor/pulp_shared_vm/pulp_box/pulpissimo/ips/register_interface/src/axi_lite_to_reg.sv Line: 251
Critical Warning (10191): Verilog HDL Compiler Directive warning at axi_lite_to_reg.sv(252): text macro "AXI_LITE_TYPEDEF_R_CHAN_T" is undefined File: /home/victor/pulp_shared_vm/pulp_box/pulpissimo/ips/register_interface/src/axi_lite_to_reg.sv Line: 252
Error (10149): Verilog HDL Declaration error at axi_lite_to_reg.sv(252): identifier "data_t" is already declared in the present scope File: /home/victor/pulp_shared_vm/pulp_box/pulpissimo/ips/register_interface/src/axi_lite_to_reg.sv Line: 252
Critical Warning (10191): Verilog HDL Compiler Directive warning at axi_lite_to_reg.sv(253): text macro "AXI_LITE_TYPEDEF_REQ_T" is undefined File: /home/victor/pulp_shared_vm/pulp_box/pulpissimo/ips/register_interface/src/axi_lite_to_reg.sv Line: 253
Info (12021): Found 0 design units, including 0 entities, in source file /home/victor/pulp_shared_vm/pulp_box/pulpissimo/ips/register_interface/src/axi_lite_to_reg.sv
Info (12021): Found 1 design units, including 1 entities, in source file /home/victor/pulp_shared_vm/pulp_box/pulpissimo/ips/register_interface/vendor/lowrisc_opentitan/src/prim_subreg.sv
    Info (12023): Found entity 1: prim_subreg File: /home/victor/pulp_shared_vm/pulp_box/pulpissimo/ips/register_interface/vendor/lowrisc_opentitan/src/prim_subreg.sv Line: 7
Error (10170): Verilog HDL syntax error at prim_subreg_arb.sv(28) near text: "if";  expecting "endmodule". Check for and fix any syntax errors that appear immediately before or at the specified keyword. The Intel FPGA Knowledge Database contains many articles with specific details on how to resolve this error. Visit the Knowledge Database at https://www.altera.com/support/support-resources/knowledge-base/search.html and search for this specific error message number. File: /home/victor/pulp_shared_vm/pulp_box/pulpissimo/ips/register_interface/vendor/lowrisc_opentitan/src/prim_subreg_arb.sv Line: 28
Error (10170): Verilog HDL syntax error at prim_subreg_arb.sv(34) near text: "end";  expecting "endmodule". Check for and fix any syntax errors that appear immediately before or at the specified keyword. The Intel FPGA Knowledge Database contains many articles with specific details on how to resolve this error. Visit the Knowledge Database at https://www.altera.com/support/support-resources/knowledge-base/search.html and search for this specific error message number. File: /home/victor/pulp_shared_vm/pulp_box/pulpissimo/ips/register_interface/vendor/lowrisc_opentitan/src/prim_subreg_arb.sv Line: 34
Error (10149): Verilog HDL Declaration error at prim_subreg_arb.sv(40): identifier "unused_q" is already declared in the present scope File: /home/victor/pulp_shared_vm/pulp_box/pulpissimo/ips/register_interface/vendor/lowrisc_opentitan/src/prim_subreg_arb.sv Line: 40
Error (10170): Verilog HDL syntax error at prim_subreg_arb.sv(44) near text: "end";  expecting "endmodule". Check for and fix any syntax errors that appear immediately before or at the specified keyword. The Intel FPGA Knowledge Database contains many articles with specific details on how to resolve this error. Visit the Knowledge Database at https://www.altera.com/support/support-resources/knowledge-base/search.html and search for this specific error message number. File: /home/victor/pulp_shared_vm/pulp_box/pulpissimo/ips/register_interface/vendor/lowrisc_opentitan/src/prim_subreg_arb.sv Line: 44
Error (10170): Verilog HDL syntax error at prim_subreg_arb.sv(50) near text: "end";  expecting "endmodule". Check for and fix any syntax errors that appear immediately before or at the specified keyword. The Intel FPGA Knowledge Database contains many articles with specific details on how to resolve this error. Visit the Knowledge Database at https://www.altera.com/support/support-resources/knowledge-base/search.html and search for this specific error message number. File: /home/victor/pulp_shared_vm/pulp_box/pulpissimo/ips/register_interface/vendor/lowrisc_opentitan/src/prim_subreg_arb.sv Line: 50
Error (10170): Verilog HDL syntax error at prim_subreg_arb.sv(56) near text: "end";  expecting "endmodule". Check for and fix any syntax errors that appear immediately before or at the specified keyword. The Intel FPGA Knowledge Database contains many articles with specific details on how to resolve this error. Visit the Knowledge Database at https://www.altera.com/support/support-resources/knowledge-base/search.html and search for this specific error message number. File: /home/victor/pulp_shared_vm/pulp_box/pulpissimo/ips/register_interface/vendor/lowrisc_opentitan/src/prim_subreg_arb.sv Line: 56
Error (10170): Verilog HDL syntax error at prim_subreg_arb.sv(59) near text: "end";  expecting "endmodule". Check for and fix any syntax errors that appear immediately before or at the specified keyword. The Intel FPGA Knowledge Database contains many articles with specific details on how to resolve this error. Visit the Knowledge Database at https://www.altera.com/support/support-resources/knowledge-base/search.html and search for this specific error message number. File: /home/victor/pulp_shared_vm/pulp_box/pulpissimo/ips/register_interface/vendor/lowrisc_opentitan/src/prim_subreg_arb.sv Line: 59
Error (10149): Verilog HDL Declaration error at prim_subreg_arb.sv(65): identifier "unused_wd" is already declared in the present scope File: /home/victor/pulp_shared_vm/pulp_box/pulpissimo/ips/register_interface/vendor/lowrisc_opentitan/src/prim_subreg_arb.sv Line: 65
Error (10170): Verilog HDL syntax error at prim_subreg_arb.sv(67) near text: "end";  expecting "endmodule". Check for and fix any syntax errors that appear immediately before or at the specified keyword. The Intel FPGA Knowledge Database contains many articles with specific details on how to resolve this error. Visit the Knowledge Database at https://www.altera.com/support/support-resources/knowledge-base/search.html and search for this specific error message number. File: /home/victor/pulp_shared_vm/pulp_box/pulpissimo/ips/register_interface/vendor/lowrisc_opentitan/src/prim_subreg_arb.sv Line: 67
Error (10149): Verilog HDL Declaration error at prim_subreg_arb.sv(71): identifier "unused_we" is already declared in the present scope File: /home/victor/pulp_shared_vm/pulp_box/pulpissimo/ips/register_interface/vendor/lowrisc_opentitan/src/prim_subreg_arb.sv Line: 71
Error (10149): Verilog HDL Declaration error at prim_subreg_arb.sv(72): identifier "unused_wd" is already declared in the present scope File: /home/victor/pulp_shared_vm/pulp_box/pulpissimo/ips/register_interface/vendor/lowrisc_opentitan/src/prim_subreg_arb.sv Line: 72
Error (10149): Verilog HDL Declaration error at prim_subreg_arb.sv(73): identifier "unused_q" is already declared in the present scope File: /home/victor/pulp_shared_vm/pulp_box/pulpissimo/ips/register_interface/vendor/lowrisc_opentitan/src/prim_subreg_arb.sv Line: 73
Error (10170): Verilog HDL syntax error at prim_subreg_arb.sv(77) near text: "end";  expecting "endmodule". Check for and fix any syntax errors that appear immediately before or at the specified keyword. The Intel FPGA Knowledge Database contains many articles with specific details on how to resolve this error. Visit the Knowledge Database at https://www.altera.com/support/support-resources/knowledge-base/search.html and search for this specific error message number. File: /home/victor/pulp_shared_vm/pulp_box/pulpissimo/ips/register_interface/vendor/lowrisc_opentitan/src/prim_subreg_arb.sv Line: 77
Error (10112): Ignored design unit "prim_subreg_arb" at prim_subreg_arb.sv(7) due to previous errors File: /home/victor/pulp_shared_vm/pulp_box/pulpissimo/ips/register_interface/vendor/lowrisc_opentitan/src/prim_subreg_arb.sv Line: 7
Info (12021): Found 0 design units, including 0 entities, in source file /home/victor/pulp_shared_vm/pulp_box/pulpissimo/ips/register_interface/vendor/lowrisc_opentitan/src/prim_subreg_arb.sv
Info (12021): Found 1 design units, including 1 entities, in source file /home/victor/pulp_shared_vm/pulp_box/pulpissimo/ips/register_interface/vendor/lowrisc_opentitan/src/prim_subreg_ext.sv
    Info (12023): Found entity 1: prim_subreg_ext File: /home/victor/pulp_shared_vm/pulp_box/pulpissimo/ips/register_interface/vendor/lowrisc_opentitan/src/prim_subreg_ext.sv Line: 7
Info (12021): Found 1 design units, including 1 entities, in source file /home/victor/pulp_shared_vm/pulp_box/pulpissimo/ips/register_interface/vendor/lowrisc_opentitan/src/prim_subreg_shadow.sv
    Info (12023): Found entity 1: prim_subreg_shadow File: /home/victor/pulp_shared_vm/pulp_box/pulpissimo/ips/register_interface/vendor/lowrisc_opentitan/src/prim_subreg_shadow.sv Line: 7
Info (12021): Found 1 design units, including 0 entities, in source file /home/victor/pulp_shared_vm/pulp_box/pulpissimo/ips/pulp_soc/rtl/pulp_soc/pkg_soc_interconnect.sv
    Info (12022): Found design unit 1: pkg_soc_interconnect (SystemVerilog) File: /home/victor/pulp_shared_vm/pulp_box/pulpissimo/ips/pulp_soc/rtl/pulp_soc/pkg_soc_interconnect.sv Line: 1
Error (10054): Verilog HDL File I/O error at axi64_2_lint32_wrap.sv(23): can't open Verilog Design File "tcdm_macros.svh" File: /home/victor/pulp_shared_vm/pulp_box/pulpissimo/ips/pulp_soc/rtl/pulp_soc/axi64_2_lint32_wrap.sv Line: 23
Critical Warning (10191): Verilog HDL Compiler Directive warning at axi64_2_lint32_wrap.sv(46): text macro "TCDM_EXPLODE_ARRAY_DECLARE" is undefined File: /home/victor/pulp_shared_vm/pulp_box/pulpissimo/ips/pulp_soc/rtl/pulp_soc/axi64_2_lint32_wrap.sv Line: 46
Error (10170): Verilog HDL syntax error at axi64_2_lint32_wrap.sv(46) near text: "(";  expecting "endmodule". Check for and fix any syntax errors that appear immediately before or at the specified keyword. The Intel FPGA Knowledge Database contains many articles with specific details on how to resolve this error. Visit the Knowledge Database at https://www.altera.com/support/support-resources/knowledge-base/search.html and search for this specific error message number. File: /home/victor/pulp_shared_vm/pulp_box/pulpissimo/ips/pulp_soc/rtl/pulp_soc/axi64_2_lint32_wrap.sv Line: 46
Critical Warning (10191): Verilog HDL Compiler Directive warning at axi64_2_lint32_wrap.sv(48): text macro "TCDM_SLAVE_EXPLODE" is undefined File: /home/victor/pulp_shared_vm/pulp_box/pulpissimo/ips/pulp_soc/rtl/pulp_soc/axi64_2_lint32_wrap.sv Line: 48
Error (10759): Verilog HDL error at axi64_2_lint32_wrap.sv(48): object tcdm_slaves declared in a list of port declarations cannot be redeclared within the module body File: /home/victor/pulp_shared_vm/pulp_box/pulpissimo/ips/pulp_soc/rtl/pulp_soc/axi64_2_lint32_wrap.sv Line: 48
Error (10170): Verilog HDL syntax error at axi64_2_lint32_wrap.sv(48) near text: "[";  expecting an identifier. Check for and fix any syntax errors that appear immediately before or at the specified keyword. The Intel FPGA Knowledge Database contains many articles with specific details on how to resolve this error. Visit the Knowledge Database at https://www.altera.com/support/support-resources/knowledge-base/search.html and search for this specific error message number. File: /home/victor/pulp_shared_vm/pulp_box/pulpissimo/ips/pulp_soc/rtl/pulp_soc/axi64_2_lint32_wrap.sv Line: 48
Error (10112): Ignored design unit "axi64_2_lint32_wrap" at axi64_2_lint32_wrap.sv(25) due to previous errors File: /home/victor/pulp_shared_vm/pulp_box/pulpissimo/ips/pulp_soc/rtl/pulp_soc/axi64_2_lint32_wrap.sv Line: 25
Info (12021): Found 0 design units, including 0 entities, in source file /home/victor/pulp_shared_vm/pulp_box/pulpissimo/ips/pulp_soc/rtl/pulp_soc/axi64_2_lint32_wrap.sv
Info (12021): Found 1 design units, including 1 entities, in source file /home/victor/pulp_shared_vm/pulp_box/pulpissimo/ips/pulp_soc/rtl/pulp_soc/lint_2_axi_wrap.sv
    Info (12023): Found entity 1: lint2axi_wrap File: /home/victor/pulp_shared_vm/pulp_box/pulpissimo/ips/pulp_soc/rtl/pulp_soc/lint_2_axi_wrap.sv Line: 26
Error (10054): Verilog HDL File I/O error at contiguous_crossbar.sv(24): can't open Verilog Design File "tcdm_macros.svh" File: /home/victor/pulp_shared_vm/pulp_box/pulpissimo/ips/pulp_soc/rtl/pulp_soc/contiguous_crossbar.sv Line: 24
Critical Warning (10191): Verilog HDL Compiler Directive warning at contiguous_crossbar.sv(51): text macro "TCDM_EXPLODE_ARRAY_DECLARE" is undefined File: /home/victor/pulp_shared_vm/pulp_box/pulpissimo/ips/pulp_soc/rtl/pulp_soc/contiguous_crossbar.sv Line: 51
Error (10170): Verilog HDL syntax error at contiguous_crossbar.sv(51) near text: "(";  expecting "endmodule". Check for and fix any syntax errors that appear immediately before or at the specified keyword. The Intel FPGA Knowledge Database contains many articles with specific details on how to resolve this error. Visit the Knowledge Database at https://www.altera.com/support/support-resources/knowledge-base/search.html and search for this specific error message number. File: /home/victor/pulp_shared_vm/pulp_box/pulpissimo/ips/pulp_soc/rtl/pulp_soc/contiguous_crossbar.sv Line: 51
Error (10149): Verilog HDL Declaration error at contiguous_crossbar.sv(51): identifier "NR_MASTER_PORTS" is already declared in the present scope File: /home/victor/pulp_shared_vm/pulp_box/pulpissimo/ips/pulp_soc/rtl/pulp_soc/contiguous_crossbar.sv Line: 51
Critical Warning (10191): Verilog HDL Compiler Directive warning at contiguous_crossbar.sv(53): text macro "TCDM_MASTER_EXPLODE" is undefined File: /home/victor/pulp_shared_vm/pulp_box/pulpissimo/ips/pulp_soc/rtl/pulp_soc/contiguous_crossbar.sv Line: 53
Error (10759): Verilog HDL error at contiguous_crossbar.sv(53): object master_ports declared in a list of port declarations cannot be redeclared within the module body File: /home/victor/pulp_shared_vm/pulp_box/pulpissimo/ips/pulp_soc/rtl/pulp_soc/contiguous_crossbar.sv Line: 53
Error (10170): Verilog HDL syntax error at contiguous_crossbar.sv(53) near text: "[";  expecting an identifier. Check for and fix any syntax errors that appear immediately before or at the specified keyword. The Intel FPGA Knowledge Database contains many articles with specific details on how to resolve this error. Visit the Knowledge Database at https://www.altera.com/support/support-resources/knowledge-base/search.html and search for this specific error message number. File: /home/victor/pulp_shared_vm/pulp_box/pulpissimo/ips/pulp_soc/rtl/pulp_soc/contiguous_crossbar.sv Line: 53
Error (10149): Verilog HDL Declaration error at contiguous_crossbar.sv(57): identifier "NR_SLAVE_PORTS_INTERNAL" is already declared in the present scope File: /home/victor/pulp_shared_vm/pulp_box/pulpissimo/ips/pulp_soc/rtl/pulp_soc/contiguous_crossbar.sv Line: 57
Critical Warning (10191): Verilog HDL Compiler Directive warning at contiguous_crossbar.sv(59): text macro "TCDM_SLAVE_EXPLODE" is undefined File: /home/victor/pulp_shared_vm/pulp_box/pulpissimo/ips/pulp_soc/rtl/pulp_soc/contiguous_crossbar.sv Line: 59
Error (10759): Verilog HDL error at contiguous_crossbar.sv(59): object slave_ports declared in a list of port declarations cannot be redeclared within the module body File: /home/victor/pulp_shared_vm/pulp_box/pulpissimo/ips/pulp_soc/rtl/pulp_soc/contiguous_crossbar.sv Line: 59
Error (10170): Verilog HDL syntax error at contiguous_crossbar.sv(59) near text: "[";  expecting an identifier. Check for and fix any syntax errors that appear immediately before or at the specified keyword. The Intel FPGA Knowledge Database contains many articles with specific details on how to resolve this error. Visit the Knowledge Database at https://www.altera.com/support/support-resources/knowledge-base/search.html and search for this specific error message number. File: /home/victor/pulp_shared_vm/pulp_box/pulpissimo/ips/pulp_soc/rtl/pulp_soc/contiguous_crossbar.sv Line: 59
Error (10759): Verilog HDL error at contiguous_crossbar.sv(61): object slave_ports declared in a list of port declarations cannot be redeclared within the module body File: /home/victor/pulp_shared_vm/pulp_box/pulpissimo/ips/pulp_soc/rtl/pulp_soc/contiguous_crossbar.sv Line: 61
Error (10170): Verilog HDL syntax error at contiguous_crossbar.sv(61) near text: "[";  expecting an identifier. Check for and fix any syntax errors that appear immediately before or at the specified keyword. The Intel FPGA Knowledge Database contains many articles with specific details on how to resolve this error. Visit the Knowledge Database at https://www.altera.com/support/support-resources/knowledge-base/search.html and search for this specific error message number. File: /home/victor/pulp_shared_vm/pulp_box/pulpissimo/ips/pulp_soc/rtl/pulp_soc/contiguous_crossbar.sv Line: 61
Error (10170): Verilog HDL syntax error at contiguous_crossbar.sv(73) near text: "for";  expecting "endmodule". Check for and fix any syntax errors that appear immediately before or at the specified keyword. The Intel FPGA Knowledge Database contains many articles with specific details on how to resolve this error. Visit the Knowledge Database at https://www.altera.com/support/support-resources/knowledge-base/search.html and search for this specific error message number. File: /home/victor/pulp_shared_vm/pulp_box/pulpissimo/ips/pulp_soc/rtl/pulp_soc/contiguous_crossbar.sv Line: 73
Error (10170): Verilog HDL syntax error at contiguous_crossbar.sv(74) near text: "}";  expecting ";". Check for and fix any syntax errors that appear immediately before or at the specified keyword. The Intel FPGA Knowledge Database contains many articles with specific details on how to resolve this error. Visit the Knowledge Database at https://www.altera.com/support/support-resources/knowledge-base/search.html and search for this specific error message number. File: /home/victor/pulp_shared_vm/pulp_box/pulpissimo/ips/pulp_soc/rtl/pulp_soc/contiguous_crossbar.sv Line: 74
Error (10149): Verilog HDL Declaration error at contiguous_crossbar.sv(77): identifier "i" is already declared in the present scope File: /home/victor/pulp_shared_vm/pulp_box/pulpissimo/ips/pulp_soc/rtl/pulp_soc/contiguous_crossbar.sv Line: 77
Error (10170): Verilog HDL syntax error at contiguous_crossbar.sv(78) near text: "}";  expecting ";". Check for and fix any syntax errors that appear immediately before or at the specified keyword. The Intel FPGA Knowledge Database contains many articles with specific details on how to resolve this error. Visit the Knowledge Database at https://www.altera.com/support/support-resources/knowledge-base/search.html and search for this specific error message number. File: /home/victor/pulp_shared_vm/pulp_box/pulpissimo/ips/pulp_soc/rtl/pulp_soc/contiguous_crossbar.sv Line: 78
Error (10170): Verilog HDL syntax error at contiguous_crossbar.sv(85) near text: "for";  expecting "endmodule". Check for and fix any syntax errors that appear immediately before or at the specified keyword. The Intel FPGA Knowledge Database contains many articles with specific details on how to resolve this error. Visit the Knowledge Database at https://www.altera.com/support/support-resources/knowledge-base/search.html and search for this specific error message number. File: /home/victor/pulp_shared_vm/pulp_box/pulpissimo/ips/pulp_soc/rtl/pulp_soc/contiguous_crossbar.sv Line: 85
Error (10149): Verilog HDL Declaration error at contiguous_crossbar.sv(85): identifier "i" is already declared in the present scope File: /home/victor/pulp_shared_vm/pulp_box/pulpissimo/ips/pulp_soc/rtl/pulp_soc/contiguous_crossbar.sv Line: 85
Error (10170): Verilog HDL syntax error at contiguous_crossbar.sv(86) near text: "}";  expecting ";". Check for and fix any syntax errors that appear immediately before or at the specified keyword. The Intel FPGA Knowledge Database contains many articles with specific details on how to resolve this error. Visit the Knowledge Database at https://www.altera.com/support/support-resources/knowledge-base/search.html and search for this specific error message number. File: /home/victor/pulp_shared_vm/pulp_box/pulpissimo/ips/pulp_soc/rtl/pulp_soc/contiguous_crossbar.sv Line: 86
Error (10149): Verilog HDL Declaration error at contiguous_crossbar.sv(88): identifier "i" is already declared in the present scope File: /home/victor/pulp_shared_vm/pulp_box/pulpissimo/ips/pulp_soc/rtl/pulp_soc/contiguous_crossbar.sv Line: 88
Error (10170): Verilog HDL syntax error at contiguous_crossbar.sv(89) near text: "}";  expecting ";". Check for and fix any syntax errors that appear immediately before or at the specified keyword. The Intel FPGA Knowledge Database contains many articles with specific details on how to resolve this error. Visit the Knowledge Database at https://www.altera.com/support/support-resources/knowledge-base/search.html and search for this specific error message number. File: /home/victor/pulp_shared_vm/pulp_box/pulpissimo/ips/pulp_soc/rtl/pulp_soc/contiguous_crossbar.sv Line: 89
Info (12021): Found 0 design units, including 0 entities, in source file /home/victor/pulp_shared_vm/pulp_box/pulpissimo/ips/pulp_soc/rtl/pulp_soc/contiguous_crossbar.sv
Error (10054): Verilog HDL File I/O error at interleaved_crossbar.sv(26): can't open Verilog Design File "tcdm_macros.svh" File: /home/victor/pulp_shared_vm/pulp_box/pulpissimo/ips/pulp_soc/rtl/pulp_soc/interleaved_crossbar.sv Line: 26
Error (10170): Verilog HDL syntax error at interleaved_crossbar.sv(47) near text: "if";  expecting "endmodule". Check for and fix any syntax errors that appear immediately before or at the specified keyword. The Intel FPGA Knowledge Database contains many articles with specific details on how to resolve this error. Visit the Knowledge Database at https://www.altera.com/support/support-resources/knowledge-base/search.html and search for this specific error message number. File: /home/victor/pulp_shared_vm/pulp_box/pulpissimo/ips/pulp_soc/rtl/pulp_soc/interleaved_crossbar.sv Line: 47
Error (10149): Verilog HDL Declaration error at interleaved_crossbar.sv(48): identifier "NR_SLAVE_PORTS" is already declared in the present scope File: /home/victor/pulp_shared_vm/pulp_box/pulpissimo/ips/pulp_soc/rtl/pulp_soc/interleaved_crossbar.sv Line: 48
Critical Warning (10191): Verilog HDL Compiler Directive warning at interleaved_crossbar.sv(53): text macro "TCDM_EXPLODE_ARRAY_DECLARE" is undefined File: /home/victor/pulp_shared_vm/pulp_box/pulpissimo/ips/pulp_soc/rtl/pulp_soc/interleaved_crossbar.sv Line: 53
Error (10149): Verilog HDL Declaration error at interleaved_crossbar.sv(53): identifier "NR_MASTER_PORTS" is already declared in the present scope File: /home/victor/pulp_shared_vm/pulp_box/pulpissimo/ips/pulp_soc/rtl/pulp_soc/interleaved_crossbar.sv Line: 53
Critical Warning (10191): Verilog HDL Compiler Directive warning at interleaved_crossbar.sv(55): text macro "TCDM_MASTER_EXPLODE" is undefined File: /home/victor/pulp_shared_vm/pulp_box/pulpissimo/ips/pulp_soc/rtl/pulp_soc/interleaved_crossbar.sv Line: 55
Error (10759): Verilog HDL error at interleaved_crossbar.sv(55): object master_ports declared in a list of port declarations cannot be redeclared within the module body File: /home/victor/pulp_shared_vm/pulp_box/pulpissimo/ips/pulp_soc/rtl/pulp_soc/interleaved_crossbar.sv Line: 55
Error (10170): Verilog HDL syntax error at interleaved_crossbar.sv(55) near text: "[";  expecting an identifier. Check for and fix any syntax errors that appear immediately before or at the specified keyword. The Intel FPGA Knowledge Database contains many articles with specific details on how to resolve this error. Visit the Knowledge Database at https://www.altera.com/support/support-resources/knowledge-base/search.html and search for this specific error message number. File: /home/victor/pulp_shared_vm/pulp_box/pulpissimo/ips/pulp_soc/rtl/pulp_soc/interleaved_crossbar.sv Line: 55
Error (10149): Verilog HDL Declaration error at interleaved_crossbar.sv(59): identifier "NR_SLAVE_PORTS" is already declared in the present scope File: /home/victor/pulp_shared_vm/pulp_box/pulpissimo/ips/pulp_soc/rtl/pulp_soc/interleaved_crossbar.sv Line: 59
Critical Warning (10191): Verilog HDL Compiler Directive warning at interleaved_crossbar.sv(61): text macro "TCDM_SLAVE_EXPLODE" is undefined File: /home/victor/pulp_shared_vm/pulp_box/pulpissimo/ips/pulp_soc/rtl/pulp_soc/interleaved_crossbar.sv Line: 61
Error (10759): Verilog HDL error at interleaved_crossbar.sv(61): object slave_ports declared in a list of port declarations cannot be redeclared within the module body File: /home/victor/pulp_shared_vm/pulp_box/pulpissimo/ips/pulp_soc/rtl/pulp_soc/interleaved_crossbar.sv Line: 61
Error (10170): Verilog HDL syntax error at interleaved_crossbar.sv(61) near text: "[";  expecting an identifier. Check for and fix any syntax errors that appear immediately before or at the specified keyword. The Intel FPGA Knowledge Database contains many articles with specific details on how to resolve this error. Visit the Knowledge Database at https://www.altera.com/support/support-resources/knowledge-base/search.html and search for this specific error message number. File: /home/victor/pulp_shared_vm/pulp_box/pulpissimo/ips/pulp_soc/rtl/pulp_soc/interleaved_crossbar.sv Line: 61
Error (10170): Verilog HDL syntax error at interleaved_crossbar.sv(74) near text: "for";  expecting "endmodule". Check for and fix any syntax errors that appear immediately before or at the specified keyword. The Intel FPGA Knowledge Database contains many articles with specific details on how to resolve this error. Visit the Knowledge Database at https://www.altera.com/support/support-resources/knowledge-base/search.html and search for this specific error message number. File: /home/victor/pulp_shared_vm/pulp_box/pulpissimo/ips/pulp_soc/rtl/pulp_soc/interleaved_crossbar.sv Line: 74
Error (10170): Verilog HDL syntax error at interleaved_crossbar.sv(75) near text: "}";  expecting ";". Check for and fix any syntax errors that appear immediately before or at the specified keyword. The Intel FPGA Knowledge Database contains many articles with specific details on how to resolve this error. Visit the Knowledge Database at https://www.altera.com/support/support-resources/knowledge-base/search.html and search for this specific error message number. File: /home/victor/pulp_shared_vm/pulp_box/pulpissimo/ips/pulp_soc/rtl/pulp_soc/interleaved_crossbar.sv Line: 75
Error (10149): Verilog HDL Declaration error at interleaved_crossbar.sv(78): identifier "i" is already declared in the present scope File: /home/victor/pulp_shared_vm/pulp_box/pulpissimo/ips/pulp_soc/rtl/pulp_soc/interleaved_crossbar.sv Line: 78
Error (10170): Verilog HDL syntax error at interleaved_crossbar.sv(79) near text: "}";  expecting ";". Check for and fix any syntax errors that appear immediately before or at the specified keyword. The Intel FPGA Knowledge Database contains many articles with specific details on how to resolve this error. Visit the Knowledge Database at https://www.altera.com/support/support-resources/knowledge-base/search.html and search for this specific error message number. File: /home/victor/pulp_shared_vm/pulp_box/pulpissimo/ips/pulp_soc/rtl/pulp_soc/interleaved_crossbar.sv Line: 79
Error (10170): Verilog HDL syntax error at interleaved_crossbar.sv(86) near text: "for";  expecting "endmodule". Check for and fix any syntax errors that appear immediately before or at the specified keyword. The Intel FPGA Knowledge Database contains many articles with specific details on how to resolve this error. Visit the Knowledge Database at https://www.altera.com/support/support-resources/knowledge-base/search.html and search for this specific error message number. File: /home/victor/pulp_shared_vm/pulp_box/pulpissimo/ips/pulp_soc/rtl/pulp_soc/interleaved_crossbar.sv Line: 86
Error (10149): Verilog HDL Declaration error at interleaved_crossbar.sv(86): identifier "i" is already declared in the present scope File: /home/victor/pulp_shared_vm/pulp_box/pulpissimo/ips/pulp_soc/rtl/pulp_soc/interleaved_crossbar.sv Line: 86
Error (10170): Verilog HDL syntax error at interleaved_crossbar.sv(87) near text: "}";  expecting ";". Check for and fix any syntax errors that appear immediately before or at the specified keyword. The Intel FPGA Knowledge Database contains many articles with specific details on how to resolve this error. Visit the Knowledge Database at https://www.altera.com/support/support-resources/knowledge-base/search.html and search for this specific error message number. File: /home/victor/pulp_shared_vm/pulp_box/pulpissimo/ips/pulp_soc/rtl/pulp_soc/interleaved_crossbar.sv Line: 87
Error (10149): Verilog HDL Declaration error at interleaved_crossbar.sv(89): identifier "i" is already declared in the present scope File: /home/victor/pulp_shared_vm/pulp_box/pulpissimo/ips/pulp_soc/rtl/pulp_soc/interleaved_crossbar.sv Line: 89
Error (10170): Verilog HDL syntax error at interleaved_crossbar.sv(90) near text: "}";  expecting ";". Check for and fix any syntax errors that appear immediately before or at the specified keyword. The Intel FPGA Knowledge Database contains many articles with specific details on how to resolve this error. Visit the Knowledge Database at https://www.altera.com/support/support-resources/knowledge-base/search.html and search for this specific error message number. File: /home/victor/pulp_shared_vm/pulp_box/pulpissimo/ips/pulp_soc/rtl/pulp_soc/interleaved_crossbar.sv Line: 90
Error (10170): Verilog HDL syntax error at interleaved_crossbar.sv(95) near text: "for";  expecting "endmodule". Check for and fix any syntax errors that appear immediately before or at the specified keyword. The Intel FPGA Knowledge Database contains many articles with specific details on how to resolve this error. Visit the Knowledge Database at https://www.altera.com/support/support-resources/knowledge-base/search.html and search for this specific error message number. File: /home/victor/pulp_shared_vm/pulp_box/pulpissimo/ips/pulp_soc/rtl/pulp_soc/interleaved_crossbar.sv Line: 95
Info (12021): Found 0 design units, including 0 entities, in source file /home/victor/pulp_shared_vm/pulp_box/pulpissimo/ips/pulp_soc/rtl/pulp_soc/interleaved_crossbar.sv
Error (10054): Verilog HDL File I/O error at tcdm_demux.sv(22): can't open Verilog Design File "tcdm_macros.svh" File: /home/victor/pulp_shared_vm/pulp_box/pulpissimo/ips/pulp_soc/rtl/pulp_soc/tcdm_demux.sv Line: 22
Error (10170): Verilog HDL syntax error at tcdm_demux.sv(29) near text: "localparam";  expecting an identifier ("localparam" is a reserved keyword ). Check for and fix any syntax errors that appear immediately before or at the specified keyword. The Intel FPGA Knowledge Database contains many articles with specific details on how to resolve this error. Visit the Knowledge Database at https://www.altera.com/support/support-resources/knowledge-base/search.html and search for this specific error message number. File: /home/victor/pulp_shared_vm/pulp_box/pulpissimo/ips/pulp_soc/rtl/pulp_soc/tcdm_demux.sv Line: 29
Info (12021): Found 0 design units, including 0 entities, in source file /home/victor/pulp_shared_vm/pulp_box/pulpissimo/ips/pulp_soc/rtl/pulp_soc/tcdm_demux.sv
Error (10054): Verilog HDL File I/O error at boot_rom.sv(12): can't open Verilog Design File "soc_mem_map.svh" File: /home/victor/pulp_shared_vm/pulp_box/pulpissimo/ips/pulp_soc/rtl/pulp_soc/boot_rom.sv Line: 12
Critical Warning (10191): Verilog HDL Compiler Directive warning at boot_rom.sv(37): text macro "SOC_MEM_MAP_BOOT_ROM_START_ADDR" is undefined File: /home/victor/pulp_shared_vm/pulp_box/pulpissimo/ips/pulp_soc/rtl/pulp_soc/boot_rom.sv Line: 37
Error (10170): Verilog HDL syntax error at boot_rom.sv(37) near text: ";";  expecting an operand. Check for and fix any syntax errors that appear immediately before or at the specified keyword. The Intel FPGA Knowledge Database contains many articles with specific details on how to resolve this error. Visit the Knowledge Database at https://www.altera.com/support/support-resources/knowledge-base/search.html and search for this specific error message number. File: /home/victor/pulp_shared_vm/pulp_box/pulpissimo/ips/pulp_soc/rtl/pulp_soc/boot_rom.sv Line: 37
Error (10112): Ignored design unit "boot_rom" at boot_rom.sv(14) due to previous errors File: /home/victor/pulp_shared_vm/pulp_box/pulpissimo/ips/pulp_soc/rtl/pulp_soc/boot_rom.sv Line: 14
Info (12021): Found 0 design units, including 0 entities, in source file /home/victor/pulp_shared_vm/pulp_box/pulpissimo/ips/pulp_soc/rtl/pulp_soc/boot_rom.sv
Error (10054): Verilog HDL File I/O error at l2_ram_multi_bank.sv(11): can't open Verilog Design File "soc_mem_map.svh" File: /home/victor/pulp_shared_vm/pulp_box/pulpissimo/ips/pulp_soc/rtl/pulp_soc/l2_ram_multi_bank.sv Line: 11
Error (10170): Verilog HDL syntax error at l2_ram_multi_bank.sv(39) near text: "for";  expecting "endmodule". Check for and fix any syntax errors that appear immediately before or at the specified keyword. The Intel FPGA Knowledge Database contains many articles with specific details on how to resolve this error. Visit the Knowledge Database at https://www.altera.com/support/support-resources/knowledge-base/search.html and search for this specific error message number. File: /home/victor/pulp_shared_vm/pulp_box/pulpissimo/ips/pulp_soc/rtl/pulp_soc/l2_ram_multi_bank.sv Line: 39
Critical Warning (10191): Verilog HDL Compiler Directive warning at l2_ram_multi_bank.sv(51): text macro "SOC_MEM_MAP_TCDM_START_ADDR" is undefined File: /home/victor/pulp_shared_vm/pulp_box/pulpissimo/ips/pulp_soc/rtl/pulp_soc/l2_ram_multi_bank.sv Line: 51
Error (10170): Verilog HDL syntax error at l2_ram_multi_bank.sv(51) near text: ";";  expecting an operand. Check for and fix any syntax errors that appear immediately before or at the specified keyword. The Intel FPGA Knowledge Database contains many articles with specific details on how to resolve this error. Visit the Knowledge Database at https://www.altera.com/support/support-resources/knowledge-base/search.html and search for this specific error message number. File: /home/victor/pulp_shared_vm/pulp_box/pulpissimo/ips/pulp_soc/rtl/pulp_soc/l2_ram_multi_bank.sv Line: 51
Error (10170): Verilog HDL syntax error at l2_ram_multi_bank.sv(86) near text: "end";  expecting "endmodule". Check for and fix any syntax errors that appear immediately before or at the specified keyword. The Intel FPGA Knowledge Database contains many articles with specific details on how to resolve this error. Visit the Knowledge Database at https://www.altera.com/support/support-resources/knowledge-base/search.html and search for this specific error message number. File: /home/victor/pulp_shared_vm/pulp_box/pulpissimo/ips/pulp_soc/rtl/pulp_soc/l2_ram_multi_bank.sv Line: 86
Critical Warning (10191): Verilog HDL Compiler Directive warning at l2_ram_multi_bank.sv(101): text macro "SOC_MEM_MAP_PRIVATE_BANK0_START_ADDR" is undefined File: /home/victor/pulp_shared_vm/pulp_box/pulpissimo/ips/pulp_soc/rtl/pulp_soc/l2_ram_multi_bank.sv Line: 101
Error (10170): Verilog HDL syntax error at l2_ram_multi_bank.sv(101) near text: ";";  expecting an operand. Check for and fix any syntax errors that appear immediately before or at the specified keyword. The Intel FPGA Knowledge Database contains many articles with specific details on how to resolve this error. Visit the Knowledge Database at https://www.altera.com/support/support-resources/knowledge-base/search.html and search for this specific error message number. File: /home/victor/pulp_shared_vm/pulp_box/pulpissimo/ips/pulp_soc/rtl/pulp_soc/l2_ram_multi_bank.sv Line: 101
Critical Warning (10191): Verilog HDL Compiler Directive warning at l2_ram_multi_bank.sv(144): text macro "SOC_MEM_MAP_PRIVATE_BANK1_START_ADDR" is undefined File: /home/victor/pulp_shared_vm/pulp_box/pulpissimo/ips/pulp_soc/rtl/pulp_soc/l2_ram_multi_bank.sv Line: 144
Error (10170): Verilog HDL syntax error at l2_ram_multi_bank.sv(144) near text: ";";  expecting an operand. Check for and fix any syntax errors that appear immediately before or at the specified keyword. The Intel FPGA Knowledge Database contains many articles with specific details on how to resolve this error. Visit the Knowledge Database at https://www.altera.com/support/support-resources/knowledge-base/search.html and search for this specific error message number. File: /home/victor/pulp_shared_vm/pulp_box/pulpissimo/ips/pulp_soc/rtl/pulp_soc/l2_ram_multi_bank.sv Line: 144
Error (10112): Ignored design unit "l2_ram_multi_bank" at l2_ram_multi_bank.sv(13) due to previous errors File: /home/victor/pulp_shared_vm/pulp_box/pulpissimo/ips/pulp_soc/rtl/pulp_soc/l2_ram_multi_bank.sv Line: 13
Info (12021): Found 0 design units, including 0 entities, in source file /home/victor/pulp_shared_vm/pulp_box/pulpissimo/ips/pulp_soc/rtl/pulp_soc/l2_ram_multi_bank.sv
Error (10054): Verilog HDL File I/O error at lint_jtag_wrap.sv(12): can't open Verilog Design File "pulp_soc_defines.sv" File: /home/victor/pulp_shared_vm/pulp_box/pulpissimo/ips/pulp_soc/rtl/pulp_soc/lint_jtag_wrap.sv Line: 12
Error (10112): Ignored design unit "lint_jtag_wrap" at lint_jtag_wrap.sv(14) due to previous errors File: /home/victor/pulp_shared_vm/pulp_box/pulpissimo/ips/pulp_soc/rtl/pulp_soc/lint_jtag_wrap.sv Line: 14
Info (12021): Found 0 design units, including 0 entities, in source file /home/victor/pulp_shared_vm/pulp_box/pulpissimo/ips/pulp_soc/rtl/pulp_soc/lint_jtag_wrap.sv
Error (10054): Verilog HDL File I/O error at periph_bus_wrap.sv(12): can't open Verilog Design File "periph_bus_defines.sv" File: /home/victor/pulp_shared_vm/pulp_box/pulpissimo/ips/pulp_soc/rtl/pulp_soc/periph_bus_wrap.sv Line: 12
Critical Warning (10191): Verilog HDL Compiler Directive warning at periph_bus_wrap.sv(34): text macro "NB_MASTER" is undefined File: /home/victor/pulp_shared_vm/pulp_box/pulpissimo/ips/pulp_soc/rtl/pulp_soc/periph_bus_wrap.sv Line: 34
Error (10170): Verilog HDL syntax error at periph_bus_wrap.sv(34) near text: ";";  expecting an operand. Check for and fix any syntax errors that appear immediately before or at the specified keyword. The Intel FPGA Knowledge Database contains many articles with specific details on how to resolve this error. Visit the Knowledge Database at https://www.altera.com/support/support-resources/knowledge-base/search.html and search for this specific error message number. File: /home/victor/pulp_shared_vm/pulp_box/pulpissimo/ips/pulp_soc/rtl/pulp_soc/periph_bus_wrap.sv Line: 34
Critical Warning (10191): Verilog HDL Compiler Directive warning at periph_bus_wrap.sv(51): text macro "APB_ASSIGN_SLAVE" is undefined File: /home/victor/pulp_shared_vm/pulp_box/pulpissimo/ips/pulp_soc/rtl/pulp_soc/periph_bus_wrap.sv Line: 51
Error (10170): Verilog HDL syntax error at periph_bus_wrap.sv(51) near text: "(";  expecting "endmodule". Check for and fix any syntax errors that appear immediately before or at the specified keyword. The Intel FPGA Knowledge Database contains many articles with specific details on how to resolve this error. Visit the Knowledge Database at https://www.altera.com/support/support-resources/knowledge-base/search.html and search for this specific error message number. File: /home/victor/pulp_shared_vm/pulp_box/pulpissimo/ips/pulp_soc/rtl/pulp_soc/periph_bus_wrap.sv Line: 51
Error (10759): Verilog HDL error at periph_bus_wrap.sv(51): object apb_slave declared in a list of port declarations cannot be redeclared within the module body File: /home/victor/pulp_shared_vm/pulp_box/pulpissimo/ips/pulp_soc/rtl/pulp_soc/periph_bus_wrap.sv Line: 51
Critical Warning (10191): Verilog HDL Compiler Directive warning at periph_bus_wrap.sv(53): text macro "APB_ASSIGN_MASTER" is undefined File: /home/victor/pulp_shared_vm/pulp_box/pulpissimo/ips/pulp_soc/rtl/pulp_soc/periph_bus_wrap.sv Line: 53
Error (10170): Verilog HDL syntax error at periph_bus_wrap.sv(53) near text: ",";  expecting ".", or an identifier. Check for and fix any syntax errors that appear immediately before or at the specified keyword. The Intel FPGA Knowledge Database contains many articles with specific details on how to resolve this error. Visit the Knowledge Database at https://www.altera.com/support/support-resources/knowledge-base/search.html and search for this specific error message number. File: /home/victor/pulp_shared_vm/pulp_box/pulpissimo/ips/pulp_soc/rtl/pulp_soc/periph_bus_wrap.sv Line: 53
Error (10759): Verilog HDL error at periph_bus_wrap.sv(53): object fll_master declared in a list of port declarations cannot be redeclared within the module body File: /home/victor/pulp_shared_vm/pulp_box/pulpissimo/ips/pulp_soc/rtl/pulp_soc/periph_bus_wrap.sv Line: 53
Critical Warning (10191): Verilog HDL Compiler Directive warning at periph_bus_wrap.sv(54): text macro "FLL_START_ADDR" is undefined File: /home/victor/pulp_shared_vm/pulp_box/pulpissimo/ips/pulp_soc/rtl/pulp_soc/periph_bus_wrap.sv Line: 54
Error (10170): Verilog HDL syntax error at periph_bus_wrap.sv(54) near text: ";";  expecting an operand. Check for and fix any syntax errors that appear immediately before or at the specified keyword. The Intel FPGA Knowledge Database contains many articles with specific details on how to resolve this error. Visit the Knowledge Database at https://www.altera.com/support/support-resources/knowledge-base/search.html and search for this specific error message number. File: /home/victor/pulp_shared_vm/pulp_box/pulpissimo/ips/pulp_soc/rtl/pulp_soc/periph_bus_wrap.sv Line: 54
Critical Warning (10191): Verilog HDL Compiler Directive warning at periph_bus_wrap.sv(55): text macro "FLL_END_ADDR" is undefined File: /home/victor/pulp_shared_vm/pulp_box/pulpissimo/ips/pulp_soc/rtl/pulp_soc/periph_bus_wrap.sv Line: 55
Error (10170): Verilog HDL syntax error at periph_bus_wrap.sv(55) near text: ";";  expecting an operand. Check for and fix any syntax errors that appear immediately before or at the specified keyword. The Intel FPGA Knowledge Database contains many articles with specific details on how to resolve this error. Visit the Knowledge Database at https://www.altera.com/support/support-resources/knowledge-base/search.html and search for this specific error message number. File: /home/victor/pulp_shared_vm/pulp_box/pulpissimo/ips/pulp_soc/rtl/pulp_soc/periph_bus_wrap.sv Line: 55
Error (10170): Verilog HDL syntax error at periph_bus_wrap.sv(57) near text: ",";  expecting ".", or an identifier. Check for and fix any syntax errors that appear immediately before or at the specified keyword. The Intel FPGA Knowledge Database contains many articles with specific details on how to resolve this error. Visit the Knowledge Database at https://www.altera.com/support/support-resources/knowledge-base/search.html and search for this specific error message number. File: /home/victor/pulp_shared_vm/pulp_box/pulpissimo/ips/pulp_soc/rtl/pulp_soc/periph_bus_wrap.sv Line: 57
Error (10759): Verilog HDL error at periph_bus_wrap.sv(57): object gpio_master declared in a list of port declarations cannot be redeclared within the module body File: /home/victor/pulp_shared_vm/pulp_box/pulpissimo/ips/pulp_soc/rtl/pulp_soc/periph_bus_wrap.sv Line: 57
Critical Warning (10191): Verilog HDL Compiler Directive warning at periph_bus_wrap.sv(58): text macro "GPIO_START_ADDR" is undefined File: /home/victor/pulp_shared_vm/pulp_box/pulpissimo/ips/pulp_soc/rtl/pulp_soc/periph_bus_wrap.sv Line: 58
Error (10170): Verilog HDL syntax error at periph_bus_wrap.sv(58) near text: ";";  expecting an operand. Check for and fix any syntax errors that appear immediately before or at the specified keyword. The Intel FPGA Knowledge Database contains many articles with specific details on how to resolve this error. Visit the Knowledge Database at https://www.altera.com/support/support-resources/knowledge-base/search.html and search for this specific error message number. File: /home/victor/pulp_shared_vm/pulp_box/pulpissimo/ips/pulp_soc/rtl/pulp_soc/periph_bus_wrap.sv Line: 58
Critical Warning (10191): Verilog HDL Compiler Directive warning at periph_bus_wrap.sv(59): text macro "GPIO_END_ADDR" is undefined File: /home/victor/pulp_shared_vm/pulp_box/pulpissimo/ips/pulp_soc/rtl/pulp_soc/periph_bus_wrap.sv Line: 59
Error (10170): Verilog HDL syntax error at periph_bus_wrap.sv(59) near text: ";";  expecting an operand. Check for and fix any syntax errors that appear immediately before or at the specified keyword. The Intel FPGA Knowledge Database contains many articles with specific details on how to resolve this error. Visit the Knowledge Database at https://www.altera.com/support/support-resources/knowledge-base/search.html and search for this specific error message number. File: /home/victor/pulp_shared_vm/pulp_box/pulpissimo/ips/pulp_soc/rtl/pulp_soc/periph_bus_wrap.sv Line: 59
Error (10170): Verilog HDL syntax error at periph_bus_wrap.sv(61) near text: ",";  expecting ".", or an identifier. Check for and fix any syntax errors that appear immediately before or at the specified keyword. The Intel FPGA Knowledge Database contains many articles with specific details on how to resolve this error. Visit the Knowledge Database at https://www.altera.com/support/support-resources/knowledge-base/search.html and search for this specific error message number. File: /home/victor/pulp_shared_vm/pulp_box/pulpissimo/ips/pulp_soc/rtl/pulp_soc/periph_bus_wrap.sv Line: 61
Error (10759): Verilog HDL error at periph_bus_wrap.sv(61): object udma_master declared in a list of port declarations cannot be redeclared within the module body File: /home/victor/pulp_shared_vm/pulp_box/pulpissimo/ips/pulp_soc/rtl/pulp_soc/periph_bus_wrap.sv Line: 61
Critical Warning (10191): Verilog HDL Compiler Directive warning at periph_bus_wrap.sv(62): text macro "UDMA_START_ADDR" is undefined File: /home/victor/pulp_shared_vm/pulp_box/pulpissimo/ips/pulp_soc/rtl/pulp_soc/periph_bus_wrap.sv Line: 62
Error (10170): Verilog HDL syntax error at periph_bus_wrap.sv(62) near text: ";";  expecting an operand. Check for and fix any syntax errors that appear immediately before or at the specified keyword. The Intel FPGA Knowledge Database contains many articles with specific details on how to resolve this error. Visit the Knowledge Database at https://www.altera.com/support/support-resources/knowledge-base/search.html and search for this specific error message number. File: /home/victor/pulp_shared_vm/pulp_box/pulpissimo/ips/pulp_soc/rtl/pulp_soc/periph_bus_wrap.sv Line: 62
Critical Warning (10191): Verilog HDL Compiler Directive warning at periph_bus_wrap.sv(63): text macro "UDMA_END_ADDR" is undefined File: /home/victor/pulp_shared_vm/pulp_box/pulpissimo/ips/pulp_soc/rtl/pulp_soc/periph_bus_wrap.sv Line: 63
Error (10170): Verilog HDL syntax error at periph_bus_wrap.sv(63) near text: ";";  expecting an operand. Check for and fix any syntax errors that appear immediately before or at the specified keyword. The Intel FPGA Knowledge Database contains many articles with specific details on how to resolve this error. Visit the Knowledge Database at https://www.altera.com/support/support-resources/knowledge-base/search.html and search for this specific error message number. File: /home/victor/pulp_shared_vm/pulp_box/pulpissimo/ips/pulp_soc/rtl/pulp_soc/periph_bus_wrap.sv Line: 63
Error (10170): Verilog HDL syntax error at periph_bus_wrap.sv(65) near text: ",";  expecting ".", or an identifier. Check for and fix any syntax errors that appear immediately before or at the specified keyword. The Intel FPGA Knowledge Database contains many articles with specific details on how to resolve this error. Visit the Knowledge Database at https://www.altera.com/support/support-resources/knowledge-base/search.html and search for this specific error message number. File: /home/victor/pulp_shared_vm/pulp_box/pulpissimo/ips/pulp_soc/rtl/pulp_soc/periph_bus_wrap.sv Line: 65
Error (10759): Verilog HDL error at periph_bus_wrap.sv(65): object soc_ctrl_master declared in a list of port declarations cannot be redeclared within the module body File: /home/victor/pulp_shared_vm/pulp_box/pulpissimo/ips/pulp_soc/rtl/pulp_soc/periph_bus_wrap.sv Line: 65
Critical Warning (10191): Verilog HDL Compiler Directive warning at periph_bus_wrap.sv(66): text macro "SOC_CTRL_START_ADDR" is undefined File: /home/victor/pulp_shared_vm/pulp_box/pulpissimo/ips/pulp_soc/rtl/pulp_soc/periph_bus_wrap.sv Line: 66
Error (10170): Verilog HDL syntax error at periph_bus_wrap.sv(66) near text: ";";  expecting an operand. Check for and fix any syntax errors that appear immediately before or at the specified keyword. The Intel FPGA Knowledge Database contains many articles with specific details on how to resolve this error. Visit the Knowledge Database at https://www.altera.com/support/support-resources/knowledge-base/search.html and search for this specific error message number. File: /home/victor/pulp_shared_vm/pulp_box/pulpissimo/ips/pulp_soc/rtl/pulp_soc/periph_bus_wrap.sv Line: 66
Critical Warning (10191): Verilog HDL Compiler Directive warning at periph_bus_wrap.sv(67): text macro "SOC_CTRL_END_ADDR" is undefined File: /home/victor/pulp_shared_vm/pulp_box/pulpissimo/ips/pulp_soc/rtl/pulp_soc/periph_bus_wrap.sv Line: 67
Info (12021): Found 0 design units, including 0 entities, in source file /home/victor/pulp_shared_vm/pulp_box/pulpissimo/ips/pulp_soc/rtl/pulp_soc/periph_bus_wrap.sv
Error (10054): Verilog HDL File I/O error at soc_clk_rst_gen.sv(12): can't open Verilog Design File "pulp_soc_defines.sv" File: /home/victor/pulp_shared_vm/pulp_box/pulpissimo/ips/pulp_soc/rtl/pulp_soc/soc_clk_rst_gen.sv Line: 12
Error (10112): Ignored design unit "soc_clk_rst_gen" at soc_clk_rst_gen.sv(14) due to previous errors File: /home/victor/pulp_shared_vm/pulp_box/pulpissimo/ips/pulp_soc/rtl/pulp_soc/soc_clk_rst_gen.sv Line: 14
Info (12021): Found 0 design units, including 0 entities, in source file /home/victor/pulp_shared_vm/pulp_box/pulpissimo/ips/pulp_soc/rtl/pulp_soc/soc_clk_rst_gen.sv
Info (12021): Found 1 design units, including 1 entities, in source file /home/victor/pulp_shared_vm/pulp_box/pulpissimo/ips/pulp_soc/rtl/pulp_soc/soc_event_arbiter.sv
    Info (12023): Found entity 1: soc_event_arbiter File: /home/victor/pulp_shared_vm/pulp_box/pulpissimo/ips/pulp_soc/rtl/pulp_soc/soc_event_arbiter.sv Line: 12
Error (10644): Verilog HDL error at soc_event_generator.sv(161): this block requires a name File: /home/victor/pulp_shared_vm/pulp_box/pulpissimo/ips/pulp_soc/rtl/pulp_soc/soc_event_generator.sv Line: 161
Error (10112): Ignored design unit "soc_event_generator" at soc_event_generator.sv(48) due to previous errors File: /home/victor/pulp_shared_vm/pulp_box/pulpissimo/ips/pulp_soc/rtl/pulp_soc/soc_event_generator.sv Line: 48
Info (12021): Found 0 design units, including 0 entities, in source file /home/victor/pulp_shared_vm/pulp_box/pulpissimo/ips/pulp_soc/rtl/pulp_soc/soc_event_generator.sv
Info (12021): Found 1 design units, including 1 entities, in source file /home/victor/pulp_shared_vm/pulp_box/pulpissimo/ips/pulp_soc/rtl/pulp_soc/soc_event_queue.sv
    Info (12023): Found entity 1: soc_event_queue File: /home/victor/pulp_shared_vm/pulp_box/pulpissimo/ips/pulp_soc/rtl/pulp_soc/soc_event_queue.sv Line: 12
Info (12021): Found 1 design units, including 1 entities, in source file /home/victor/pulp_shared_vm/pulp_box/pulpissimo/ips/pulp_soc/rtl/pulp_soc/tcdm_error_slave.sv
    Info (12023): Found entity 1: tcdm_error_slave File: /home/victor/pulp_shared_vm/pulp_box/pulpissimo/ips/pulp_soc/rtl/pulp_soc/tcdm_error_slave.sv Line: 24
Error (10054): Verilog HDL File I/O error at soc_interconnect.sv(21): can't open Verilog Design File "tcdm_macros.svh" File: /home/victor/pulp_shared_vm/pulp_box/pulpissimo/ips/pulp_soc/rtl/pulp_soc/soc_interconnect.sv Line: 21
Error (10054): Verilog HDL File I/O error at soc_interconnect.sv(22): can't open Verilog Design File "axi/assign.svh" File: /home/victor/pulp_shared_vm/pulp_box/pulpissimo/ips/pulp_soc/rtl/pulp_soc/soc_interconnect.sv Line: 22
Error (10170): Verilog HDL syntax error at soc_interconnect.sv(26) near text: "import";  expecting ";". Check for and fix any syntax errors that appear immediately before or at the specified keyword. The Intel FPGA Knowledge Database contains many articles with specific details on how to resolve this error. Visit the Knowledge Database at https://www.altera.com/support/support-resources/knowledge-base/search.html and search for this specific error message number. File: /home/victor/pulp_shared_vm/pulp_box/pulpissimo/ips/pulp_soc/rtl/pulp_soc/soc_interconnect.sv Line: 26
Info (12021): Found 0 design units, including 0 entities, in source file /home/victor/pulp_shared_vm/pulp_box/pulpissimo/ips/pulp_soc/rtl/pulp_soc/soc_interconnect.sv
Error (10054): Verilog HDL File I/O error at soc_interconnect_wrap.sv(24): can't open Verilog Design File "soc_mem_map.svh" File: /home/victor/pulp_shared_vm/pulp_box/pulpissimo/ips/pulp_soc/rtl/pulp_soc/soc_interconnect_wrap.sv Line: 24
Error (10054): Verilog HDL File I/O error at soc_interconnect_wrap.sv(25): can't open Verilog Design File "tcdm_macros.svh" File: /home/victor/pulp_shared_vm/pulp_box/pulpissimo/ips/pulp_soc/rtl/pulp_soc/soc_interconnect_wrap.sv Line: 25
Error (10054): Verilog HDL File I/O error at soc_interconnect_wrap.sv(26): can't open Verilog Design File "axi/assign.svh" File: /home/victor/pulp_shared_vm/pulp_box/pulpissimo/ips/pulp_soc/rtl/pulp_soc/soc_interconnect_wrap.sv Line: 26
Error (10170): Verilog HDL syntax error at soc_interconnect_wrap.sv(35) near text: "localparam";  expecting an identifier ("localparam" is a reserved keyword ). Check for and fix any syntax errors that appear immediately before or at the specified keyword. The Intel FPGA Knowledge Database contains many articles with specific details on how to resolve this error. Visit the Knowledge Database at https://www.altera.com/support/support-resources/knowledge-base/search.html and search for this specific error message number. File: /home/victor/pulp_shared_vm/pulp_box/pulpissimo/ips/pulp_soc/rtl/pulp_soc/soc_interconnect_wrap.sv Line: 35
Error (10170): Verilog HDL syntax error at soc_interconnect_wrap.sv(41) near text: "localparam";  expecting an identifier ("localparam" is a reserved keyword ). Check for and fix any syntax errors that appear immediately before or at the specified keyword. The Intel FPGA Knowledge Database contains many articles with specific details on how to resolve this error. Visit the Knowledge Database at https://www.altera.com/support/support-resources/knowledge-base/search.html and search for this specific error message number. File: /home/victor/pulp_shared_vm/pulp_box/pulpissimo/ips/pulp_soc/rtl/pulp_soc/soc_interconnect_wrap.sv Line: 41
Critical Warning (10191): Verilog HDL Compiler Directive warning at soc_interconnect_wrap.sv(98): text macro "SOC_MEM_MAP_PRIVATE_BANK0_START_ADDR" is undefined File: /home/victor/pulp_shared_vm/pulp_box/pulpissimo/ips/pulp_soc/rtl/pulp_soc/soc_interconnect_wrap.sv Line: 98
Error (10170): Verilog HDL syntax error at soc_interconnect_wrap.sv(98) near text: ",";  expecting an operand. Check for and fix any syntax errors that appear immediately before or at the specified keyword. The Intel FPGA Knowledge Database contains many articles with specific details on how to resolve this error. Visit the Knowledge Database at https://www.altera.com/support/support-resources/knowledge-base/search.html and search for this specific error message number. File: /home/victor/pulp_shared_vm/pulp_box/pulpissimo/ips/pulp_soc/rtl/pulp_soc/soc_interconnect_wrap.sv Line: 98
Critical Warning (10191): Verilog HDL Compiler Directive warning at soc_interconnect_wrap.sv(98): text macro "SOC_MEM_MAP_PRIVATE_BANK1_END_ADDR" is undefined File: /home/victor/pulp_shared_vm/pulp_box/pulpissimo/ips/pulp_soc/rtl/pulp_soc/soc_interconnect_wrap.sv Line: 98
Critical Warning (10191): Verilog HDL Compiler Directive warning at soc_interconnect_wrap.sv(99): text macro "SOC_MEM_MAP_BOOT_ROM_START_ADDR" is undefined File: /home/victor/pulp_shared_vm/pulp_box/pulpissimo/ips/pulp_soc/rtl/pulp_soc/soc_interconnect_wrap.sv Line: 99
Error (10149): Verilog HDL Declaration error at soc_interconnect_wrap.sv(99): identifier "end_addr" is already declared in the present scope File: /home/victor/pulp_shared_vm/pulp_box/pulpissimo/ips/pulp_soc/rtl/pulp_soc/soc_interconnect_wrap.sv Line: 99
Critical Warning (10191): Verilog HDL Compiler Directive warning at soc_interconnect_wrap.sv(99): text macro "SOC_MEM_MAP_BOOT_ROM_END_ADDR" is undefined File: /home/victor/pulp_shared_vm/pulp_box/pulpissimo/ips/pulp_soc/rtl/pulp_soc/soc_interconnect_wrap.sv Line: 99
Error (10149): Verilog HDL Declaration error at soc_interconnect_wrap.sv(100): identifier "idx" is already declared in the present scope File: /home/victor/pulp_shared_vm/pulp_box/pulpissimo/ips/pulp_soc/rtl/pulp_soc/soc_interconnect_wrap.sv Line: 100
Error (10149): Verilog HDL Declaration error at soc_interconnect_wrap.sv(100): identifier "start_addr" is already declared in the present scope File: /home/victor/pulp_shared_vm/pulp_box/pulpissimo/ips/pulp_soc/rtl/pulp_soc/soc_interconnect_wrap.sv Line: 100
Critical Warning (10191): Verilog HDL Compiler Directive warning at soc_interconnect_wrap.sv(100): text macro "SOC_MEM_MAP_TCDM_START_ADDR" is undefined File: /home/victor/pulp_shared_vm/pulp_box/pulpissimo/ips/pulp_soc/rtl/pulp_soc/soc_interconnect_wrap.sv Line: 100
Error (10149): Verilog HDL Declaration error at soc_interconnect_wrap.sv(100): identifier "end_addr" is already declared in the present scope File: /home/victor/pulp_shared_vm/pulp_box/pulpissimo/ips/pulp_soc/rtl/pulp_soc/soc_interconnect_wrap.sv Line: 100
Critical Warning (10191): Verilog HDL Compiler Directive warning at soc_interconnect_wrap.sv(100): text macro "SOC_MEM_MAP_TCDM_END_ADDR" is undefined File: /home/victor/pulp_shared_vm/pulp_box/pulpissimo/ips/pulp_soc/rtl/pulp_soc/soc_interconnect_wrap.sv Line: 100
Error (10149): Verilog HDL Declaration error at soc_interconnect_wrap.sv(101): identifier "idx" is already declared in the present scope File: /home/victor/pulp_shared_vm/pulp_box/pulpissimo/ips/pulp_soc/rtl/pulp_soc/soc_interconnect_wrap.sv Line: 101
Error (10149): Verilog HDL Declaration error at soc_interconnect_wrap.sv(101): identifier "start_addr" is already declared in the present scope File: /home/victor/pulp_shared_vm/pulp_box/pulpissimo/ips/pulp_soc/rtl/pulp_soc/soc_interconnect_wrap.sv Line: 101
Critical Warning (10191): Verilog HDL Compiler Directive warning at soc_interconnect_wrap.sv(101): text macro "SOC_MEM_MAP_TCDM_ALIAS_START_ADDR" is undefined File: /home/victor/pulp_shared_vm/pulp_box/pulpissimo/ips/pulp_soc/rtl/pulp_soc/soc_interconnect_wrap.sv Line: 101
Error (10149): Verilog HDL Declaration error at soc_interconnect_wrap.sv(101): identifier "end_addr" is already declared in the present scope File: /home/victor/pulp_shared_vm/pulp_box/pulpissimo/ips/pulp_soc/rtl/pulp_soc/soc_interconnect_wrap.sv Line: 101
Critical Warning (10191): Verilog HDL Compiler Directive warning at soc_interconnect_wrap.sv(101): text macro "SOC_MEM_MAP_TCDM_ALIAS_END_ADDR" is undefined File: /home/victor/pulp_shared_vm/pulp_box/pulpissimo/ips/pulp_soc/rtl/pulp_soc/soc_interconnect_wrap.sv Line: 101
Error (10170): Verilog HDL syntax error at soc_interconnect_wrap.sv(105) near text: ",";  expecting an operand. Check for and fix any syntax errors that appear immediately before or at the specified keyword. The Intel FPGA Knowledge Database contains many articles with specific details on how to resolve this error. Visit the Knowledge Database at https://www.altera.com/support/support-resources/knowledge-base/search.html and search for this specific error message number. File: /home/victor/pulp_shared_vm/pulp_box/pulpissimo/ips/pulp_soc/rtl/pulp_soc/soc_interconnect_wrap.sv Line: 105
Error (10149): Verilog HDL Declaration error at soc_interconnect_wrap.sv(105): identifier "end_addr" is already declared in the present scope File: /home/victor/pulp_shared_vm/pulp_box/pulpissimo/ips/pulp_soc/rtl/pulp_soc/soc_interconnect_wrap.sv Line: 105
Error (10149): Verilog HDL Declaration error at soc_interconnect_wrap.sv(106): identifier "idx" is already declared in the present scope File: /home/victor/pulp_shared_vm/pulp_box/pulpissimo/ips/pulp_soc/rtl/pulp_soc/soc_interconnect_wrap.sv Line: 106
Error (10149): Verilog HDL Declaration error at soc_interconnect_wrap.sv(106): identifier "start_addr" is already declared in the present scope File: /home/victor/pulp_shared_vm/pulp_box/pulpissimo/ips/pulp_soc/rtl/pulp_soc/soc_interconnect_wrap.sv Line: 106
Error (10149): Verilog HDL Declaration error at soc_interconnect_wrap.sv(106): identifier "end_addr" is already declared in the present scope File: /home/victor/pulp_shared_vm/pulp_box/pulpissimo/ips/pulp_soc/rtl/pulp_soc/soc_interconnect_wrap.sv Line: 106
Error (10170): Verilog HDL syntax error at soc_interconnect_wrap.sv(110) near text: ",";  expecting an operand. Check for and fix any syntax errors that appear immediately before or at the specified keyword. The Intel FPGA Knowledge Database contains many articles with specific details on how to resolve this error. Visit the Knowledge Database at https://www.altera.com/support/support-resources/knowledge-base/search.html and search for this specific error message number. File: /home/victor/pulp_shared_vm/pulp_box/pulpissimo/ips/pulp_soc/rtl/pulp_soc/soc_interconnect_wrap.sv Line: 110
Info (12021): Found 0 design units, including 0 entities, in source file /home/victor/pulp_shared_vm/pulp_box/pulpissimo/ips/pulp_soc/rtl/pulp_soc/soc_interconnect_wrap.sv
Error (10054): Verilog HDL File I/O error at soc_peripherals.sv(11): can't open Verilog Design File "pulp_soc_defines.sv" File: /home/victor/pulp_shared_vm/pulp_box/pulpissimo/ips/pulp_soc/rtl/pulp_soc/soc_peripherals.sv Line: 11
Error (10170): Verilog HDL syntax error at soc_peripherals.sv(473) near text: "if";  expecting "endmodule". Check for and fix any syntax errors that appear immediately before or at the specified keyword. The Intel FPGA Knowledge Database contains many articles with specific details on how to resolve this error. Visit the Knowledge Database at https://www.altera.com/support/support-resources/knowledge-base/search.html and search for this specific error message number. File: /home/victor/pulp_shared_vm/pulp_box/pulpissimo/ips/pulp_soc/rtl/pulp_soc/soc_peripherals.sv Line: 473
Error (10112): Ignored design unit "soc_peripherals" at soc_peripherals.sv(13) due to previous errors File: /home/victor/pulp_shared_vm/pulp_box/pulpissimo/ips/pulp_soc/rtl/pulp_soc/soc_peripherals.sv Line: 13
Info (12021): Found 0 design units, including 0 entities, in source file /home/victor/pulp_shared_vm/pulp_box/pulpissimo/ips/pulp_soc/rtl/pulp_soc/soc_peripherals.sv
Error (10054): Verilog HDL File I/O error at pulp_soc.sv(12): can't open Verilog Design File "pulp_soc_defines.sv" File: /home/victor/pulp_shared_vm/pulp_box/pulpissimo/ips/pulp_soc/rtl/pulp_soc/pulp_soc.sv Line: 12
Error (10170): Verilog HDL syntax error at pulp_soc.sv(23) near text: "localparam";  expecting an identifier ("localparam" is a reserved keyword ). Check for and fix any syntax errors that appear immediately before or at the specified keyword. The Intel FPGA Knowledge Database contains many articles with specific details on how to resolve this error. Visit the Knowledge Database at https://www.altera.com/support/support-resources/knowledge-base/search.html and search for this specific error message number. File: /home/victor/pulp_shared_vm/pulp_box/pulpissimo/ips/pulp_soc/rtl/pulp_soc/pulp_soc.sv Line: 23
Critical Warning (10191): Verilog HDL Compiler Directive warning at pulp_soc.sv(238): text macro "NB_L2_CHANNELS" is undefined File: /home/victor/pulp_shared_vm/pulp_box/pulpissimo/ips/pulp_soc/rtl/pulp_soc/pulp_soc.sv Line: 238
Error (10170): Verilog HDL syntax error at pulp_soc.sv(238) near text: ";";  expecting an operand. Check for and fix any syntax errors that appear immediately before or at the specified keyword. The Intel FPGA Knowledge Database contains many articles with specific details on how to resolve this error. Visit the Knowledge Database at https://www.altera.com/support/support-resources/knowledge-base/search.html and search for this specific error message number. File: /home/victor/pulp_shared_vm/pulp_box/pulpissimo/ips/pulp_soc/rtl/pulp_soc/pulp_soc.sv Line: 238
Error (10170): Verilog HDL syntax error at pulp_soc.sv(279) near text: "for";  expecting "endmodule". Check for and fix any syntax errors that appear immediately before or at the specified keyword. The Intel FPGA Knowledge Database contains many articles with specific details on how to resolve this error. Visit the Knowledge Database at https://www.altera.com/support/support-resources/knowledge-base/search.html and search for this specific error message number. File: /home/victor/pulp_shared_vm/pulp_box/pulpissimo/ips/pulp_soc/rtl/pulp_soc/pulp_soc.sv Line: 279
Error (10149): Verilog HDL Declaration error at pulp_soc.sv(280): identifier "i" is already declared in the present scope File: /home/victor/pulp_shared_vm/pulp_box/pulpissimo/ips/pulp_soc/rtl/pulp_soc/pulp_soc.sv Line: 280
Error (10170): Verilog HDL syntax error at pulp_soc.sv(280) near text: "}";  expecting ";". Check for and fix any syntax errors that appear immediately before or at the specified keyword. The Intel FPGA Knowledge Database contains many articles with specific details on how to resolve this error. Visit the Knowledge Database at https://www.altera.com/support/support-resources/knowledge-base/search.html and search for this specific error message number. File: /home/victor/pulp_shared_vm/pulp_box/pulpissimo/ips/pulp_soc/rtl/pulp_soc/pulp_soc.sv Line: 280
Critical Warning (10191): Verilog HDL Compiler Directive warning at pulp_soc.sv(544): text macro "NB_CLUSTERS" is undefined File: /home/victor/pulp_shared_vm/pulp_box/pulpissimo/ips/pulp_soc/rtl/pulp_soc/pulp_soc.sv Line: 544
Critical Warning (10191): Verilog HDL Compiler Directive warning at pulp_soc.sv(824): text macro "DMI_JTAG_IDCODE" is undefined File: /home/victor/pulp_shared_vm/pulp_box/pulpissimo/ips/pulp_soc/rtl/pulp_soc/pulp_soc.sv Line: 824
Error (10170): Verilog HDL syntax error at pulp_soc.sv(852) near text: "for";  expecting "endmodule". Check for and fix any syntax errors that appear immediately before or at the specified keyword. The Intel FPGA Knowledge Database contains many articles with specific details on how to resolve this error. Visit the Knowledge Database at https://www.altera.com/support/support-resources/knowledge-base/search.html and search for this specific error message number. File: /home/victor/pulp_shared_vm/pulp_box/pulpissimo/ips/pulp_soc/rtl/pulp_soc/pulp_soc.sv Line: 852
Error (10170): Verilog HDL syntax error at pulp_soc.sv(984) near text: "for";  expecting "endmodule". Check for and fix any syntax errors that appear immediately before or at the specified keyword. The Intel FPGA Knowledge Database contains many articles with specific details on how to resolve this error. Visit the Knowledge Database at https://www.altera.com/support/support-resources/knowledge-base/search.html and search for this specific error message number. File: /home/victor/pulp_shared_vm/pulp_box/pulpissimo/ips/pulp_soc/rtl/pulp_soc/pulp_soc.sv Line: 984
Error (10149): Verilog HDL Declaration error at pulp_soc.sv(984): identifier "i" is already declared in the present scope File: /home/victor/pulp_shared_vm/pulp_box/pulpissimo/ips/pulp_soc/rtl/pulp_soc/pulp_soc.sv Line: 984
Error (10149): Verilog HDL Declaration error at pulp_soc.sv(990): identifier "i" is already declared in the present scope File: /home/victor/pulp_shared_vm/pulp_box/pulpissimo/ips/pulp_soc/rtl/pulp_soc/pulp_soc.sv Line: 990
Error (10149): Verilog HDL Declaration error at pulp_soc.sv(996): identifier "i" is already declared in the present scope File: /home/victor/pulp_shared_vm/pulp_box/pulpissimo/ips/pulp_soc/rtl/pulp_soc/pulp_soc.sv Line: 996
Error (10112): Ignored design unit "pulp_soc" at pulp_soc.sv(14) due to previous errors File: /home/victor/pulp_shared_vm/pulp_box/pulpissimo/ips/pulp_soc/rtl/pulp_soc/pulp_soc.sv Line: 14
Info (12021): Found 0 design units, including 0 entities, in source file /home/victor/pulp_shared_vm/pulp_box/pulpissimo/ips/pulp_soc/rtl/pulp_soc/pulp_soc.sv
Error (10170): Verilog HDL syntax error at udma_subsystem.sv(397) near text: "genvar";  expecting an identifier ("genvar" is a reserved keyword ). Check for and fix any syntax errors that appear immediately before or at the specified keyword. The Intel FPGA Knowledge Database contains many articles with specific details on how to resolve this error. Visit the Knowledge Database at https://www.altera.com/support/support-resources/knowledge-base/search.html and search for this specific error message number. File: /home/victor/pulp_shared_vm/pulp_box/pulpissimo/ips/pulp_soc/rtl/udma_subsystem/udma_subsystem.sv Line: 397
Error (10170): Verilog HDL syntax error at udma_subsystem.sv(466) near text: "genvar";  expecting an identifier ("genvar" is a reserved keyword ). Check for and fix any syntax errors that appear immediately before or at the specified keyword. The Intel FPGA Knowledge Database contains many articles with specific details on how to resolve this error. Visit the Knowledge Database at https://www.altera.com/support/support-resources/knowledge-base/search.html and search for this specific error message number. File: /home/victor/pulp_shared_vm/pulp_box/pulpissimo/ips/pulp_soc/rtl/udma_subsystem/udma_subsystem.sv Line: 466
Error (10170): Verilog HDL syntax error at udma_subsystem.sv(569) near text: "genvar";  expecting an identifier ("genvar" is a reserved keyword ). Check for and fix any syntax errors that appear immediately before or at the specified keyword. The Intel FPGA Knowledge Database contains many articles with specific details on how to resolve this error. Visit the Knowledge Database at https://www.altera.com/support/support-resources/knowledge-base/search.html and search for this specific error message number. File: /home/victor/pulp_shared_vm/pulp_box/pulpissimo/ips/pulp_soc/rtl/udma_subsystem/udma_subsystem.sv Line: 569
Error (10112): Ignored design unit "udma_subsystem" at udma_subsystem.sv(11) due to previous errors File: /home/victor/pulp_shared_vm/pulp_box/pulpissimo/ips/pulp_soc/rtl/udma_subsystem/udma_subsystem.sv Line: 11
Info (12021): Found 0 design units, including 0 entities, in source file /home/victor/pulp_shared_vm/pulp_box/pulpissimo/ips/pulp_soc/rtl/udma_subsystem/udma_subsystem.sv
Info (12021): Found 1 design units, including 1 entities, in source file /home/victor/pulp_shared_vm/pulp_box/pulpissimo/ips/pulp_soc/rtl/fc/fc_demux.sv
    Info (12023): Found entity 1: fc_demux File: /home/victor/pulp_shared_vm/pulp_box/pulpissimo/ips/pulp_soc/rtl/fc/fc_demux.sv Line: 17
Error (10170): Verilog HDL syntax error at fc_subsystem.sv(311) near text: "genvar";  expecting an identifier ("genvar" is a reserved keyword ). Check for and fix any syntax errors that appear immediately before or at the specified keyword. The Intel FPGA Knowledge Database contains many articles with specific details on how to resolve this error. Visit the Knowledge Database at https://www.altera.com/support/support-resources/knowledge-base/search.html and search for this specific error message number. File: /home/victor/pulp_shared_vm/pulp_box/pulpissimo/ips/pulp_soc/rtl/fc/fc_subsystem.sv Line: 311
Error (10112): Ignored design unit "fc_subsystem" at fc_subsystem.sv(12) due to previous errors File: /home/victor/pulp_shared_vm/pulp_box/pulpissimo/ips/pulp_soc/rtl/fc/fc_subsystem.sv Line: 12
Info (12021): Found 0 design units, including 0 entities, in source file /home/victor/pulp_shared_vm/pulp_box/pulpissimo/ips/pulp_soc/rtl/fc/fc_subsystem.sv
Info (12021): Found 1 design units, including 1 entities, in source file /home/victor/pulp_shared_vm/pulp_box/pulpissimo/ips/pulp_soc/rtl/fc/fc_hwpe.sv
    Info (12023): Found entity 1: fc_hwpe File: /home/victor/pulp_shared_vm/pulp_box/pulpissimo/ips/pulp_soc/rtl/fc/fc_hwpe.sv Line: 12
Info (12021): Found 1 design units, including 1 entities, in source file /home/victor/pulp_shared_vm/pulp_box/pulpissimo/ips/pulp_soc/rtl/components/apb_clkdiv.sv
    Info (12023): Found entity 1: apb_clkdiv File: /home/victor/pulp_shared_vm/pulp_box/pulpissimo/ips/pulp_soc/rtl/components/apb_clkdiv.sv Line: 16
Info (12021): Found 1 design units, including 1 entities, in source file /home/victor/pulp_shared_vm/pulp_box/pulpissimo/ips/pulp_soc/rtl/components/apb_timer_unit.sv
    Info (12023): Found entity 1: apb_timer_unit File: /home/victor/pulp_shared_vm/pulp_box/pulpissimo/ips/pulp_soc/rtl/components/apb_timer_unit.sv Line: 36
Error (10170): Verilog HDL syntax error at apb_soc_ctrl.sv(136) near text: "if";  expecting "endmodule". Check for and fix any syntax errors that appear immediately before or at the specified keyword. The Intel FPGA Knowledge Database contains many articles with specific details on how to resolve this error. Visit the Knowledge Database at https://www.altera.com/support/support-resources/knowledge-base/search.html and search for this specific error message number. File: /home/victor/pulp_shared_vm/pulp_box/pulpissimo/ips/pulp_soc/rtl/components/apb_soc_ctrl.sv Line: 136
Error (10112): Ignored design unit "apb_soc_ctrl" at apb_soc_ctrl.sv(62) due to previous errors File: /home/victor/pulp_shared_vm/pulp_box/pulpissimo/ips/pulp_soc/rtl/components/apb_soc_ctrl.sv Line: 62
Info (12021): Found 0 design units, including 0 entities, in source file /home/victor/pulp_shared_vm/pulp_box/pulpissimo/ips/pulp_soc/rtl/components/apb_soc_ctrl.sv
Info (12021): Found 2 design units, including 2 entities, in source file /home/victor/pulp_shared_vm/pulp_box/pulpissimo/ips/pulp_soc/rtl/components/memory_models.sv
    Info (12023): Found entity 1: model_6144x32_2048x32scm File: /home/victor/pulp_shared_vm/pulp_box/pulpissimo/ips/pulp_soc/rtl/components/memory_models.sv Line: 18
    Info (12023): Found entity 2: model_sram_28672x32_scm_512x32 File: /home/victor/pulp_shared_vm/pulp_box/pulpissimo/ips/pulp_soc/rtl/components/memory_models.sv Line: 151
Error (10054): Verilog HDL File I/O error at pulp_interfaces.sv(12): can't open Verilog Design File "pulp_soc_defines.sv" File: /home/victor/pulp_shared_vm/pulp_box/pulpissimo/ips/pulp_soc/rtl/components/pulp_interfaces.sv Line: 12
Error (10112): Ignored design unit "XBAR_TCDM_BUS_64" at pulp_interfaces.sv(18) due to previous errors File: /home/victor/pulp_shared_vm/pulp_box/pulpissimo/ips/pulp_soc/rtl/components/pulp_interfaces.sv Line: 18
Error (10112): Ignored design unit "XBAR_TCDM_BUS" at pulp_interfaces.sv(56) due to previous errors File: /home/victor/pulp_shared_vm/pulp_box/pulpissimo/ips/pulp_soc/rtl/components/pulp_interfaces.sv Line: 56
Critical Warning (10191): Verilog HDL Compiler Directive warning at pulp_interfaces.sv(96): text macro "NB_CORES" is undefined File: /home/victor/pulp_shared_vm/pulp_box/pulpissimo/ips/pulp_soc/rtl/components/pulp_interfaces.sv Line: 96
Error (10112): Ignored design unit "XBAR_PERIPH_BUS" at pulp_interfaces.sv(94) due to previous errors File: /home/victor/pulp_shared_vm/pulp_box/pulpissimo/ips/pulp_soc/rtl/components/pulp_interfaces.sv Line: 94
Error (10112): Ignored design unit "MESSAGE_BUS" at pulp_interfaces.sv(135) due to previous errors File: /home/victor/pulp_shared_vm/pulp_box/pulpissimo/ips/pulp_soc/rtl/components/pulp_interfaces.sv Line: 135
Error (10112): Ignored design unit "XBAR_DEMUX_BUS" at pulp_interfaces.sv(176) due to previous errors File: /home/victor/pulp_shared_vm/pulp_box/pulpissimo/ips/pulp_soc/rtl/components/pulp_interfaces.sv Line: 176
Error (10112): Ignored design unit "TCDM_BANK_MEM_BUS" at pulp_interfaces.sv(219) due to previous errors File: /home/victor/pulp_shared_vm/pulp_box/pulpissimo/ips/pulp_soc/rtl/components/pulp_interfaces.sv Line: 219
Error (10112): Ignored design unit "UNICAD_MEM_BUS_64" at pulp_interfaces.sv(246) due to previous errors File: /home/victor/pulp_shared_vm/pulp_box/pulpissimo/ips/pulp_soc/rtl/components/pulp_interfaces.sv Line: 246
Error (10112): Ignored design unit "UNICAD_MEM_BUS_32" at pulp_interfaces.sv(272) due to previous errors File: /home/victor/pulp_shared_vm/pulp_box/pulpissimo/ips/pulp_soc/rtl/components/pulp_interfaces.sv Line: 272
Error (10112): Ignored design unit "TCDM_BUS" at pulp_interfaces.sv(298) due to previous errors File: /home/victor/pulp_shared_vm/pulp_box/pulpissimo/ips/pulp_soc/rtl/components/pulp_interfaces.sv Line: 298
Error (10112): Ignored design unit "BBMUX_CONFIG_BUS" at pulp_interfaces.sv(326) due to previous errors File: /home/victor/pulp_shared_vm/pulp_box/pulpissimo/ips/pulp_soc/rtl/components/pulp_interfaces.sv Line: 326
Critical Warning (10191): Verilog HDL Compiler Directive warning at pulp_interfaces.sv(371): text macro "EVAL_BE_WIDTH" is undefined File: /home/victor/pulp_shared_vm/pulp_box/pulpissimo/ips/pulp_soc/rtl/components/pulp_interfaces.sv Line: 371
Error (10112): Ignored design unit "AXI_BUS2" at pulp_interfaces.sv(363) due to previous errors File: /home/victor/pulp_shared_vm/pulp_box/pulpissimo/ips/pulp_soc/rtl/components/pulp_interfaces.sv Line: 363
Error (10112): Ignored design unit "AXI_BUS_ASYNC2" at pulp_interfaces.sv(476) due to previous errors File: /home/victor/pulp_shared_vm/pulp_box/pulpissimo/ips/pulp_soc/rtl/components/pulp_interfaces.sv Line: 476
Error (10112): Ignored design unit "CLKGATE_CONFIG_BUS" at pulp_interfaces.sv(594) due to previous errors File: /home/victor/pulp_shared_vm/pulp_box/pulpissimo/ips/pulp_soc/rtl/components/pulp_interfaces.sv Line: 594
Error (10112): Ignored design unit "MMU_CONFIG_BUS" at pulp_interfaces.sv(639) due to previous errors File: /home/victor/pulp_shared_vm/pulp_box/pulpissimo/ips/pulp_soc/rtl/components/pulp_interfaces.sv Line: 639
Error (10112): Ignored design unit "BIST_BUS" at pulp_interfaces.sv(677) due to previous errors File: /home/victor/pulp_shared_vm/pulp_box/pulpissimo/ips/pulp_soc/rtl/components/pulp_interfaces.sv Line: 677
Error (10112): Ignored design unit "BRAM_PORT" at pulp_interfaces.sv(716) due to previous errors File: /home/victor/pulp_shared_vm/pulp_box/pulpissimo/ips/pulp_soc/rtl/components/pulp_interfaces.sv Line: 716
Error (10112): Ignored design unit "SP_ICACHE_CTRL_UNIT_BUS" at pulp_interfaces.sv(749) due to previous errors File: /home/victor/pulp_shared_vm/pulp_box/pulpissimo/ips/pulp_soc/rtl/components/pulp_interfaces.sv Line: 749
Error (10170): Verilog HDL syntax error at pulp_interfaces.sv(844) near text: ":";  expecting an operand. Check for and fix any syntax errors that appear immediately before or at the specified keyword. The Intel FPGA Knowledge Database contains many articles with specific details on how to resolve this error. Visit the Knowledge Database at https://www.altera.com/support/support-resources/knowledge-base/search.html and search for this specific error message number. File: /home/victor/pulp_shared_vm/pulp_box/pulpissimo/ips/pulp_soc/rtl/components/pulp_interfaces.sv Line: 844
Info (12021): Found 0 design units, including 0 entities, in source file /home/victor/pulp_shared_vm/pulp_box/pulpissimo/ips/pulp_soc/rtl/components/pulp_interfaces.sv
Info (12021): Found 1 design units, including 1 entities, in source file /home/victor/pulp_shared_vm/pulp_box/pulpissimo/ips/pulp_soc/rtl/components/glitch_free_clk_mux.sv
    Info (12023): Found entity 1: glitch_free_clk_mux File: /home/victor/pulp_shared_vm/pulp_box/pulpissimo/ips/pulp_soc/rtl/components/glitch_free_clk_mux.sv Line: 12
Info (12021): Found 1 design units, including 1 entities, in source file /home/victor/pulp_shared_vm/pulp_box/pulpissimo/ips/pulp_soc/rtl/components/scm_2048x32.sv
    Info (12023): Found entity 1: scm_2048x32 File: /home/victor/pulp_shared_vm/pulp_box/pulpissimo/ips/pulp_soc/rtl/components/scm_2048x32.sv Line: 12
Info (12021): Found 1 design units, including 1 entities, in source file /home/victor/pulp_shared_vm/pulp_box/pulpissimo/ips/pulp_soc/rtl/components/scm_512x32.sv
    Info (12023): Found entity 1: scm_512x32 File: /home/victor/pulp_shared_vm/pulp_box/pulpissimo/ips/pulp_soc/rtl/components/scm_512x32.sv Line: 12
Info (12021): Found 1 design units, including 1 entities, in source file /home/victor/pulp_shared_vm/pulp_box/pulpissimo/ips/pulp_soc/rtl/components/tcdm_arbiter_2x1.sv
    Info (12023): Found entity 1: tcdm_arbiter_2x1 File: /home/victor/pulp_shared_vm/pulp_box/pulpissimo/ips/pulp_soc/rtl/components/tcdm_arbiter_2x1.sv Line: 17
Info (12021): Found 1 design units, including 1 entities, in source file /home/victor/pulp_shared_vm/pulp_box/pulpissimo/rtl/pulpissimo/jtag_tap_top.sv
    Info (12023): Found entity 1: jtag_tap_top File: /home/victor/pulp_shared_vm/pulp_box/pulpissimo/rtl/pulpissimo/jtag_tap_top.sv Line: 12
Error (10170): Verilog HDL syntax error at pad_control.sv(197) near text: "if";  expecting "endmodule". Check for and fix any syntax errors that appear immediately before or at the specified keyword. The Intel FPGA Knowledge Database contains many articles with specific details on how to resolve this error. Visit the Knowledge Database at https://www.altera.com/support/support-resources/knowledge-base/search.html and search for this specific error message number. File: /home/victor/pulp_shared_vm/pulp_box/pulpissimo/rtl/pulpissimo/pad_control.sv Line: 197
Error (10112): Ignored design unit "pad_control" at pad_control.sv(16) due to previous errors File: /home/victor/pulp_shared_vm/pulp_box/pulpissimo/rtl/pulpissimo/pad_control.sv Line: 16
Info (12021): Found 0 design units, including 0 entities, in source file /home/victor/pulp_shared_vm/pulp_box/pulpissimo/rtl/pulpissimo/pad_control.sv
Info (12021): Found 2 design units, including 2 entities, in source file /home/victor/pulp_shared_vm/pulp_box/pulpissimo/rtl/pulpissimo/pad_frame.sv
    Info (12023): Found entity 1: pad_functional_pi File: /home/victor/pulp_shared_vm/pulp_box/pulpissimo/rtl/pulpissimo/pad_frame.sv Line: 11
    Info (12023): Found entity 2: pad_frame File: /home/victor/pulp_shared_vm/pulp_box/pulpissimo/rtl/pulpissimo/pad_frame.sv Line: 47
Error (10054): Verilog HDL File I/O error at safe_domain.sv(10): can't open Verilog Design File "pulp_soc_defines.sv" File: /home/victor/pulp_shared_vm/pulp_box/pulpissimo/rtl/pulpissimo/safe_domain.sv Line: 10
Error (10112): Ignored design unit "safe_domain" at safe_domain.sv(12) due to previous errors File: /home/victor/pulp_shared_vm/pulp_box/pulpissimo/rtl/pulpissimo/safe_domain.sv Line: 12
Info (12021): Found 0 design units, including 0 entities, in source file /home/victor/pulp_shared_vm/pulp_box/pulpissimo/rtl/pulpissimo/safe_domain.sv
Error (10054): Verilog HDL File I/O error at soc_domain.sv(11): can't open Verilog Design File "pulp_soc_defines.sv" File: /home/victor/pulp_shared_vm/pulp_box/pulpissimo/rtl/pulpissimo/soc_domain.sv Line: 11
Error (10170): Verilog HDL syntax error at soc_domain.sv(22) near text: "localparam";  expecting an identifier ("localparam" is a reserved keyword ). Check for and fix any syntax errors that appear immediately before or at the specified keyword. The Intel FPGA Knowledge Database contains many articles with specific details on how to resolve this error. Visit the Knowledge Database at https://www.altera.com/support/support-resources/knowledge-base/search.html and search for this specific error message number. File: /home/victor/pulp_shared_vm/pulp_box/pulpissimo/rtl/pulpissimo/soc_domain.sv Line: 22
Error (10112): Ignored design unit "soc_domain" at soc_domain.sv(13) due to previous errors File: /home/victor/pulp_shared_vm/pulp_box/pulpissimo/rtl/pulpissimo/soc_domain.sv Line: 13
Info (12021): Found 0 design units, including 0 entities, in source file /home/victor/pulp_shared_vm/pulp_box/pulpissimo/rtl/pulpissimo/soc_domain.sv
Info (12021): Found 1 design units, including 1 entities, in source file /home/victor/pulp_shared_vm/pulp_box/pulpissimo/rtl/pulpissimo/rtc_date.sv
    Info (12023): Found entity 1: rtc_date File: /home/victor/pulp_shared_vm/pulp_box/pulpissimo/rtl/pulpissimo/rtc_date.sv Line: 12
Info (12021): Found 1 design units, including 1 entities, in source file /home/victor/pulp_shared_vm/pulp_box/pulpissimo/rtl/pulpissimo/rtc_clock.sv
    Info (12023): Found entity 1: rtc_clock File: /home/victor/pulp_shared_vm/pulp_box/pulpissimo/rtl/pulpissimo/rtc_clock.sv Line: 12
Info (12021): Found 1 design units, including 1 entities, in source file /home/victor/pulp_shared_vm/pulp_box/pulpissimo/rtl/pulpissimo/pulpissimo.sv
    Info (12023): Found entity 1: pulpissimo File: /home/victor/pulp_shared_vm/pulp_box/pulpissimo/rtl/pulpissimo/pulpissimo.sv Line: 13
Info (12021): Found 1 design units, including 1 entities, in source file pulpissimo-zedboard/rtl/xilinx_pulpissimo.v
    Info (12023): Found entity 1: xilinx_pulpissimo File: /home/victor/pulp_shared_vm/pulp_box/pulpissimo/fpga/pulpissimo-zedboard/rtl/xilinx_pulpissimo.v Line: 23
Info (12021): Found 1 design units, including 1 entities, in source file pulpissimo-zedboard/rtl/pulp_clock_gating_xilinx.sv
    Info (12023): Found entity 1: pulp_clock_gating File: /home/victor/pulp_shared_vm/pulp_box/pulpissimo/fpga/pulpissimo-zedboard/rtl/pulp_clock_gating_xilinx.sv Line: 11
Info (12021): Found 4 design units, including 4 entities, in source file /home/victor/pulp_shared_vm/pulp_box/pulpissimo/ips/tech_cells_generic/src/deprecated/pulp_clk_cells_xilinx.sv
    Info (12023): Found entity 1: pulp_clock_and2 File: /home/victor/pulp_shared_vm/pulp_box/pulpissimo/ips/tech_cells_generic/src/deprecated/pulp_clk_cells_xilinx.sv Line: 13
    Info (12023): Found entity 2: pulp_clock_buffer File: /home/victor/pulp_shared_vm/pulp_box/pulpissimo/ips/tech_cells_generic/src/deprecated/pulp_clk_cells_xilinx.sv Line: 23
    Info (12023): Found entity 3: pulp_clock_inverter File: /home/victor/pulp_shared_vm/pulp_box/pulpissimo/ips/tech_cells_generic/src/deprecated/pulp_clk_cells_xilinx.sv Line: 44
    Info (12023): Found entity 4: pulp_clock_xor2 File: /home/victor/pulp_shared_vm/pulp_box/pulpissimo/ips/tech_cells_generic/src/deprecated/pulp_clk_cells_xilinx.sv Line: 69
Error (10644): Verilog HDL error at generic_memory.sv(39): this block requires a name File: /home/victor/pulp_shared_vm/pulp_box/pulpissimo/ips/tech_cells_generic/src/deprecated/generic_memory.sv Line: 39
Error (10644): Verilog HDL error at generic_memory.sv(37): this block requires a name File: /home/victor/pulp_shared_vm/pulp_box/pulpissimo/ips/tech_cells_generic/src/deprecated/generic_memory.sv Line: 37
Error (10644): Verilog HDL error at generic_memory.sv(47): this block requires a name File: /home/victor/pulp_shared_vm/pulp_box/pulpissimo/ips/tech_cells_generic/src/deprecated/generic_memory.sv Line: 47
Error (10112): Ignored design unit "generic_memory" at generic_memory.sv(11) due to previous errors File: /home/victor/pulp_shared_vm/pulp_box/pulpissimo/ips/tech_cells_generic/src/deprecated/generic_memory.sv Line: 11
Info (12021): Found 0 design units, including 0 entities, in source file /home/victor/pulp_shared_vm/pulp_box/pulpissimo/ips/tech_cells_generic/src/deprecated/generic_memory.sv
Info (12021): Found 1 design units, including 1 entities, in source file /home/victor/pulp_shared_vm/pulp_box/pulpissimo/ips/tech_cells_generic/src/deprecated/generic_rom.sv
    Info (12023): Found entity 1: generic_rom File: /home/victor/pulp_shared_vm/pulp_box/pulpissimo/ips/tech_cells_generic/src/deprecated/generic_rom.sv Line: 11
Error (10170): Verilog HDL syntax error at delta_counter.sv(29) near text: "if";  expecting "endmodule". Check for and fix any syntax errors that appear immediately before or at the specified keyword. The Intel FPGA Knowledge Database contains many articles with specific details on how to resolve this error. Visit the Knowledge Database at https://www.altera.com/support/support-resources/knowledge-base/search.html and search for this specific error message number. File: /home/victor/pulp_shared_vm/pulp_box/pulpissimo/ips/common_cells/src/delta_counter.sv Line: 29
Error (10170): Verilog HDL syntax error at delta_counter.sv(45) near text: "end";  expecting "endmodule". Check for and fix any syntax errors that appear immediately before or at the specified keyword. The Intel FPGA Knowledge Database contains many articles with specific details on how to resolve this error. Visit the Knowledge Database at https://www.altera.com/support/support-resources/knowledge-base/search.html and search for this specific error message number. File: /home/victor/pulp_shared_vm/pulp_box/pulpissimo/ips/common_cells/src/delta_counter.sv Line: 45
Error (10112): Ignored design unit "delta_counter" at delta_counter.sv(13) due to previous errors File: /home/victor/pulp_shared_vm/pulp_box/pulpissimo/ips/common_cells/src/delta_counter.sv Line: 13
Info (12021): Found 0 design units, including 0 entities, in source file /home/victor/pulp_shared_vm/pulp_box/pulpissimo/ips/common_cells/src/delta_counter.sv
Error (10170): Verilog HDL syntax error at rr_arb_tree.sv(55) near text: "type";  expecting an identifier ("type" is a reserved keyword ). Check for and fix any syntax errors that appear immediately before or at the specified keyword. The Intel FPGA Knowledge Database contains many articles with specific details on how to resolve this error. Visit the Knowledge Database at https://www.altera.com/support/support-resources/knowledge-base/search.html and search for this specific error message number. File: /home/victor/pulp_shared_vm/pulp_box/pulpissimo/ips/common_cells/src/rr_arb_tree.sv Line: 55
Error (10170): Verilog HDL syntax error at rr_arb_tree.sv(86) near text: "type";  expecting an identifier ("type" is a reserved keyword ). Check for and fix any syntax errors that appear immediately before or at the specified keyword. The Intel FPGA Knowledge Database contains many articles with specific details on how to resolve this error. Visit the Knowledge Database at https://www.altera.com/support/support-resources/knowledge-base/search.html and search for this specific error message number. File: /home/victor/pulp_shared_vm/pulp_box/pulpissimo/ips/common_cells/src/rr_arb_tree.sv Line: 86
Error (10170): Verilog HDL syntax error at rr_arb_tree.sv(122) near text: "if";  expecting "endmodule". Check for and fix any syntax errors that appear immediately before or at the specified keyword. The Intel FPGA Knowledge Database contains many articles with specific details on how to resolve this error. Visit the Knowledge Database at https://www.altera.com/support/support-resources/knowledge-base/search.html and search for this specific error message number. File: /home/victor/pulp_shared_vm/pulp_box/pulpissimo/ips/common_cells/src/rr_arb_tree.sv Line: 122
Error (10170): Verilog HDL syntax error at rr_arb_tree.sv(128) near text: "end";  expecting "endmodule". Check for and fix any syntax errors that appear immediately before or at the specified keyword. The Intel FPGA Knowledge Database contains many articles with specific details on how to resolve this error. Visit the Knowledge Database at https://www.altera.com/support/support-resources/knowledge-base/search.html and search for this specific error message number. File: /home/victor/pulp_shared_vm/pulp_box/pulpissimo/ips/common_cells/src/rr_arb_tree.sv Line: 128
Error (10170): Verilog HDL syntax error at rr_arb_tree.sv(146) near text: "if";  expecting "endmodule". Check for and fix any syntax errors that appear immediately before or at the specified keyword. The Intel FPGA Knowledge Database contains many articles with specific details on how to resolve this error. Visit the Knowledge Database at https://www.altera.com/support/support-resources/knowledge-base/search.html and search for this specific error message number. File: /home/victor/pulp_shared_vm/pulp_box/pulpissimo/ips/common_cells/src/rr_arb_tree.sv Line: 146
Error (10170): Verilog HDL syntax error at rr_arb_tree.sv(149) near text: "end";  expecting "endmodule". Check for and fix any syntax errors that appear immediately before or at the specified keyword. The Intel FPGA Knowledge Database contains many articles with specific details on how to resolve this error. Visit the Knowledge Database at https://www.altera.com/support/support-resources/knowledge-base/search.html and search for this specific error message number. File: /home/victor/pulp_shared_vm/pulp_box/pulpissimo/ips/common_cells/src/rr_arb_tree.sv Line: 149
Error (10170): Verilog HDL syntax error at rr_arb_tree.sv(199) near text: "end";  expecting "endmodule". Check for and fix any syntax errors that appear immediately before or at the specified keyword. The Intel FPGA Knowledge Database contains many articles with specific details on how to resolve this error. Visit the Knowledge Database at https://www.altera.com/support/support-resources/knowledge-base/search.html and search for this specific error message number. File: /home/victor/pulp_shared_vm/pulp_box/pulpissimo/ips/common_cells/src/rr_arb_tree.sv Line: 199
Error (10170): Verilog HDL syntax error at rr_arb_tree.sv(208) near text: "for";  expecting "endmodule". Check for and fix any syntax errors that appear immediately before or at the specified keyword. The Intel FPGA Knowledge Database contains many articles with specific details on how to resolve this error. Visit the Knowledge Database at https://www.altera.com/support/support-resources/knowledge-base/search.html and search for this specific error message number. File: /home/victor/pulp_shared_vm/pulp_box/pulpissimo/ips/common_cells/src/rr_arb_tree.sv Line: 208
Error (10170): Verilog HDL syntax error at rr_arb_tree.sv(211) near text: "end";  expecting "endmodule". Check for and fix any syntax errors that appear immediately before or at the specified keyword. The Intel FPGA Knowledge Database contains many articles with specific details on how to resolve this error. Visit the Knowledge Database at https://www.altera.com/support/support-resources/knowledge-base/search.html and search for this specific error message number. File: /home/victor/pulp_shared_vm/pulp_box/pulpissimo/ips/common_cells/src/rr_arb_tree.sv Line: 211
Error (10170): Verilog HDL syntax error at rr_arb_tree.sv(234) near text: "end";  expecting "endmodule". Check for and fix any syntax errors that appear immediately before or at the specified keyword. The Intel FPGA Knowledge Database contains many articles with specific details on how to resolve this error. Visit the Knowledge Database at https://www.altera.com/support/support-resources/knowledge-base/search.html and search for this specific error message number. File: /home/victor/pulp_shared_vm/pulp_box/pulpissimo/ips/common_cells/src/rr_arb_tree.sv Line: 234
Error (10170): Verilog HDL syntax error at rr_arb_tree.sv(250) near text: "end";  expecting "endmodule". Check for and fix any syntax errors that appear immediately before or at the specified keyword. The Intel FPGA Knowledge Database contains many articles with specific details on how to resolve this error. Visit the Knowledge Database at https://www.altera.com/support/support-resources/knowledge-base/search.html and search for this specific error message number. File: /home/victor/pulp_shared_vm/pulp_box/pulpissimo/ips/common_cells/src/rr_arb_tree.sv Line: 250
Error (10170): Verilog HDL syntax error at rr_arb_tree.sv(255) near text: "for";  expecting "endmodule". Check for and fix any syntax errors that appear immediately before or at the specified keyword. The Intel FPGA Knowledge Database contains many articles with specific details on how to resolve this error. Visit the Knowledge Database at https://www.altera.com/support/support-resources/knowledge-base/search.html and search for this specific error message number. File: /home/victor/pulp_shared_vm/pulp_box/pulpissimo/ips/common_cells/src/rr_arb_tree.sv Line: 255
Error (10170): Verilog HDL syntax error at rr_arb_tree.sv(264) near text: "if";  expecting "endmodule". Check for and fix any syntax errors that appear immediately before or at the specified keyword. The Intel FPGA Knowledge Database contains many articles with specific details on how to resolve this error. Visit the Knowledge Database at https://www.altera.com/support/support-resources/knowledge-base/search.html and search for this specific error message number. File: /home/victor/pulp_shared_vm/pulp_box/pulpissimo/ips/common_cells/src/rr_arb_tree.sv Line: 264
Error (10170): Verilog HDL syntax error at rr_arb_tree.sv(276) near text: "end";  expecting "endmodule". Check for and fix any syntax errors that appear immediately before or at the specified keyword. The Intel FPGA Knowledge Database contains many articles with specific details on how to resolve this error. Visit the Knowledge Database at https://www.altera.com/support/support-resources/knowledge-base/search.html and search for this specific error message number. File: /home/victor/pulp_shared_vm/pulp_box/pulpissimo/ips/common_cells/src/rr_arb_tree.sv Line: 276
Error (10170): Verilog HDL syntax error at rr_arb_tree.sv(283) near text: "end";  expecting "endmodule". Check for and fix any syntax errors that appear immediately before or at the specified keyword. The Intel FPGA Knowledge Database contains many articles with specific details on how to resolve this error. Visit the Knowledge Database at https://www.altera.com/support/support-resources/knowledge-base/search.html and search for this specific error message number. File: /home/victor/pulp_shared_vm/pulp_box/pulpissimo/ips/common_cells/src/rr_arb_tree.sv Line: 283
Error (10170): Verilog HDL syntax error at rr_arb_tree.sv(289) near text: "end";  expecting "endmodule". Check for and fix any syntax errors that appear immediately before or at the specified keyword. The Intel FPGA Knowledge Database contains many articles with specific details on how to resolve this error. Visit the Knowledge Database at https://www.altera.com/support/support-resources/knowledge-base/search.html and search for this specific error message number. File: /home/victor/pulp_shared_vm/pulp_box/pulpissimo/ips/common_cells/src/rr_arb_tree.sv Line: 289
Error (10170): Verilog HDL syntax error at rr_arb_tree.sv(305) near text: "end";  expecting "endmodule". Check for and fix any syntax errors that appear immediately before or at the specified keyword. The Intel FPGA Knowledge Database contains many articles with specific details on how to resolve this error. Visit the Knowledge Database at https://www.altera.com/support/support-resources/knowledge-base/search.html and search for this specific error message number. File: /home/victor/pulp_shared_vm/pulp_box/pulpissimo/ips/common_cells/src/rr_arb_tree.sv Line: 305
Error (10112): Ignored design unit "rr_arb_tree" at rr_arb_tree.sv(49) due to previous errors File: /home/victor/pulp_shared_vm/pulp_box/pulpissimo/ips/common_cells/src/rr_arb_tree.sv Line: 49
Info (12021): Found 0 design units, including 0 entities, in source file /home/victor/pulp_shared_vm/pulp_box/pulpissimo/ips/common_cells/src/rr_arb_tree.sv
Error (10170): Verilog HDL syntax error at stream_omega_net.sv(30) near text: "type";  expecting an identifier ("type" is a reserved keyword ). Check for and fix any syntax errors that appear immediately before or at the specified keyword. The Intel FPGA Knowledge Database contains many articles with specific details on how to resolve this error. Visit the Knowledge Database at https://www.altera.com/support/support-resources/knowledge-base/search.html and search for this specific error message number. File: /home/victor/pulp_shared_vm/pulp_box/pulpissimo/ips/common_cells/src/stream_omega_net.sv Line: 30
Error (10170): Verilog HDL syntax error at stream_omega_net.sv(49) near text: "type";  expecting an identifier ("type" is a reserved keyword ). Check for and fix any syntax errors that appear immediately before or at the specified keyword. The Intel FPGA Knowledge Database contains many articles with specific details on how to resolve this error. Visit the Knowledge Database at https://www.altera.com/support/support-resources/knowledge-base/search.html and search for this specific error message number. File: /home/victor/pulp_shared_vm/pulp_box/pulpissimo/ips/common_cells/src/stream_omega_net.sv Line: 49
Error (10170): Verilog HDL syntax error at stream_omega_net.sv(57) near text: "type";  expecting an identifier ("type" is a reserved keyword ). Check for and fix any syntax errors that appear immediately before or at the specified keyword. The Intel FPGA Knowledge Database contains many articles with specific details on how to resolve this error. Visit the Knowledge Database at https://www.altera.com/support/support-resources/knowledge-base/search.html and search for this specific error message number. File: /home/victor/pulp_shared_vm/pulp_box/pulpissimo/ips/common_cells/src/stream_omega_net.sv Line: 57
Error (10170): Verilog HDL syntax error at stream_omega_net.sv(90) near text: "if";  expecting "endmodule". Check for and fix any syntax errors that appear immediately before or at the specified keyword. The Intel FPGA Knowledge Database contains many articles with specific details on how to resolve this error. Visit the Knowledge Database at https://www.altera.com/support/support-resources/knowledge-base/search.html and search for this specific error message number. File: /home/victor/pulp_shared_vm/pulp_box/pulpissimo/ips/common_cells/src/stream_omega_net.sv Line: 90
Error (10170): Verilog HDL syntax error at stream_omega_net.sv(163) near text: "for";  expecting "endmodule". Check for and fix any syntax errors that appear immediately before or at the specified keyword. The Intel FPGA Knowledge Database contains many articles with specific details on how to resolve this error. Visit the Knowledge Database at https://www.altera.com/support/support-resources/knowledge-base/search.html and search for this specific error message number. File: /home/victor/pulp_shared_vm/pulp_box/pulpissimo/ips/common_cells/src/stream_omega_net.sv Line: 163
Error (10170): Verilog HDL syntax error at stream_omega_net.sv(181) near text: "if";  expecting "endmodule". Check for and fix any syntax errors that appear immediately before or at the specified keyword. The Intel FPGA Knowledge Database contains many articles with specific details on how to resolve this error. Visit the Knowledge Database at https://www.altera.com/support/support-resources/knowledge-base/search.html and search for this specific error message number. File: /home/victor/pulp_shared_vm/pulp_box/pulpissimo/ips/common_cells/src/stream_omega_net.sv Line: 181
Error (10170): Verilog HDL syntax error at stream_omega_net.sv(194) near text: "end";  expecting "endmodule". Check for and fix any syntax errors that appear immediately before or at the specified keyword. The Intel FPGA Knowledge Database contains many articles with specific details on how to resolve this error. Visit the Knowledge Database at https://www.altera.com/support/support-resources/knowledge-base/search.html and search for this specific error message number. File: /home/victor/pulp_shared_vm/pulp_box/pulpissimo/ips/common_cells/src/stream_omega_net.sv Line: 194
Error (10170): Verilog HDL syntax error at stream_omega_net.sv(197) near text: "end";  expecting "endmodule". Check for and fix any syntax errors that appear immediately before or at the specified keyword. The Intel FPGA Knowledge Database contains many articles with specific details on how to resolve this error. Visit the Knowledge Database at https://www.altera.com/support/support-resources/knowledge-base/search.html and search for this specific error message number. File: /home/victor/pulp_shared_vm/pulp_box/pulpissimo/ips/common_cells/src/stream_omega_net.sv Line: 197
Error (10149): Verilog HDL Declaration error at stream_omega_net.sv(204): identifier "i" is already declared in the present scope File: /home/victor/pulp_shared_vm/pulp_box/pulpissimo/ips/common_cells/src/stream_omega_net.sv Line: 204
Error (10170): Verilog HDL syntax error at stream_omega_net.sv(238) near text: "end";  expecting "endmodule". Check for and fix any syntax errors that appear immediately before or at the specified keyword. The Intel FPGA Knowledge Database contains many articles with specific details on how to resolve this error. Visit the Knowledge Database at https://www.altera.com/support/support-resources/knowledge-base/search.html and search for this specific error message number. File: /home/victor/pulp_shared_vm/pulp_box/pulpissimo/ips/common_cells/src/stream_omega_net.sv Line: 238
Error (10149): Verilog HDL Declaration error at stream_omega_net.sv(242): identifier "i" is already declared in the present scope File: /home/victor/pulp_shared_vm/pulp_box/pulpissimo/ips/common_cells/src/stream_omega_net.sv Line: 242
Error (10170): Verilog HDL syntax error at stream_omega_net.sv(248) near text: "end";  expecting "endmodule". Check for and fix any syntax errors that appear immediately before or at the specified keyword. The Intel FPGA Knowledge Database contains many articles with specific details on how to resolve this error. Visit the Knowledge Database at https://www.altera.com/support/support-resources/knowledge-base/search.html and search for this specific error message number. File: /home/victor/pulp_shared_vm/pulp_box/pulpissimo/ips/common_cells/src/stream_omega_net.sv Line: 248
Error (10170): Verilog HDL syntax error at stream_omega_net.sv(301) near text: "end";  expecting "endmodule". Check for and fix any syntax errors that appear immediately before or at the specified keyword. The Intel FPGA Knowledge Database contains many articles with specific details on how to resolve this error. Visit the Knowledge Database at https://www.altera.com/support/support-resources/knowledge-base/search.html and search for this specific error message number. File: /home/victor/pulp_shared_vm/pulp_box/pulpissimo/ips/common_cells/src/stream_omega_net.sv Line: 301
Error (10112): Ignored design unit "stream_omega_net" at stream_omega_net.sv(19) due to previous errors File: /home/victor/pulp_shared_vm/pulp_box/pulpissimo/ips/common_cells/src/stream_omega_net.sv Line: 19
Info (12021): Found 0 design units, including 0 entities, in source file /home/victor/pulp_shared_vm/pulp_box/pulpissimo/ips/common_cells/src/stream_omega_net.sv
Error (10054): Verilog HDL File I/O error at fpnew_fma.sv(14): can't open Verilog Design File "common_cells/registers.svh" File: /home/victor/pulp_shared_vm/pulp_box/pulpissimo/ips/fpnew/src/fpnew_fma.sv Line: 14
Error (10170): Verilog HDL syntax error at fpnew_fma.sv(20) near text: "type";  expecting an identifier ("type" is a reserved keyword ). Check for and fix any syntax errors that appear immediately before or at the specified keyword. The Intel FPGA Knowledge Database contains many articles with specific details on how to resolve this error. Visit the Knowledge Database at https://www.altera.com/support/support-resources/knowledge-base/search.html and search for this specific error message number. File: /home/victor/pulp_shared_vm/pulp_box/pulpissimo/ips/fpnew/src/fpnew_fma.sv Line: 20
Info (12021): Found 0 design units, including 0 entities, in source file /home/victor/pulp_shared_vm/pulp_box/pulpissimo/ips/fpnew/src/fpnew_fma.sv
Error (10054): Verilog HDL File I/O error at fpnew_opgroup_multifmt_slice.sv(14): can't open Verilog Design File "common_cells/registers.svh" File: /home/victor/pulp_shared_vm/pulp_box/pulpissimo/ips/fpnew/src/fpnew_opgroup_multifmt_slice.sv Line: 14
Error (10170): Verilog HDL syntax error at fpnew_opgroup_multifmt_slice.sv(25) near text: "type";  expecting an identifier ("type" is a reserved keyword ). Check for and fix any syntax errors that appear immediately before or at the specified keyword. The Intel FPGA Knowledge Database contains many articles with specific details on how to resolve this error. Visit the Knowledge Database at https://www.altera.com/support/support-resources/knowledge-base/search.html and search for this specific error message number. File: /home/victor/pulp_shared_vm/pulp_box/pulpissimo/ips/fpnew/src/fpnew_opgroup_multifmt_slice.sv Line: 25
Info (12021): Found 0 design units, including 0 entities, in source file /home/victor/pulp_shared_vm/pulp_box/pulpissimo/ips/fpnew/src/fpnew_opgroup_multifmt_slice.sv
Error (10054): Verilog HDL File I/O error at riscv_ex_stage.sv(35): can't open Verilog Design File "apu_macros.sv" File: /home/victor/pulp_shared_vm/pulp_box/pulpissimo/ips/riscv/rtl/riscv_ex_stage.sv Line: 35
Error (10170): Verilog HDL syntax error at riscv_ex_stage.sv(458) near text: ")". Check for and fix any syntax errors that appear immediately before or at the specified keyword. The Intel FPGA Knowledge Database contains many articles with specific details on how to resolve this error. Visit the Knowledge Database at https://www.altera.com/support/support-resources/knowledge-base/search.html and search for this specific error message number. File: /home/victor/pulp_shared_vm/pulp_box/pulpissimo/ips/riscv/rtl/riscv_ex_stage.sv Line: 458
Error (10112): Ignored design unit "riscv_ex_stage" at riscv_ex_stage.sv(40) due to previous errors File: /home/victor/pulp_shared_vm/pulp_box/pulpissimo/ips/riscv/rtl/riscv_ex_stage.sv Line: 40
Info (12021): Found 0 design units, including 0 entities, in source file /home/victor/pulp_shared_vm/pulp_box/pulpissimo/ips/riscv/rtl/riscv_ex_stage.sv
Error (10170): Verilog HDL syntax error at fpnew_top.sv(18) near text: "type";  expecting an identifier ("type" is a reserved keyword ). Check for and fix any syntax errors that appear immediately before or at the specified keyword. The Intel FPGA Knowledge Database contains many articles with specific details on how to resolve this error. Visit the Knowledge Database at https://www.altera.com/support/support-resources/knowledge-base/search.html and search for this specific error message number. File: /home/victor/pulp_shared_vm/pulp_box/pulpissimo/ips/fpnew/src/fpnew_top.sv Line: 18
Error (10170): Verilog HDL syntax error at fpnew_top.sv(74) near text: "for";  expecting "endmodule". Check for and fix any syntax errors that appear immediately before or at the specified keyword. The Intel FPGA Knowledge Database contains many articles with specific details on how to resolve this error. Visit the Knowledge Database at https://www.altera.com/support/support-resources/knowledge-base/search.html and search for this specific error message number. File: /home/victor/pulp_shared_vm/pulp_box/pulpissimo/ips/fpnew/src/fpnew_top.sv Line: 74
Error (10170): Verilog HDL syntax error at fpnew_top.sv(77) near text: "&&";  expecting ".", or "(". Check for and fix any syntax errors that appear immediately before or at the specified keyword. The Intel FPGA Knowledge Database contains many articles with specific details on how to resolve this error. Visit the Knowledge Database at https://www.altera.com/support/support-resources/knowledge-base/search.html and search for this specific error message number. File: /home/victor/pulp_shared_vm/pulp_box/pulpissimo/ips/fpnew/src/fpnew_top.sv Line: 77
Error (10170): Verilog HDL syntax error at fpnew_top.sv(139) near text: "end";  expecting "endmodule". Check for and fix any syntax errors that appear immediately before or at the specified keyword. The Intel FPGA Knowledge Database contains many articles with specific details on how to resolve this error. Visit the Knowledge Database at https://www.altera.com/support/support-resources/knowledge-base/search.html and search for this specific error message number. File: /home/victor/pulp_shared_vm/pulp_box/pulpissimo/ips/fpnew/src/fpnew_top.sv Line: 139
Error (10112): Ignored design unit "fpnew_top" at fpnew_top.sv(14) due to previous errors File: /home/victor/pulp_shared_vm/pulp_box/pulpissimo/ips/fpnew/src/fpnew_top.sv Line: 14
Info (12021): Found 0 design units, including 0 entities, in source file /home/victor/pulp_shared_vm/pulp_box/pulpissimo/ips/fpnew/src/fpnew_top.sv
Info (144001): Generated suppressed messages file /home/victor/pulp_shared_vm/pulp_box/pulpissimo/fpga/xilinx_pulpissimo.map.smsg
Error: Quartus Prime Analysis & Elaboration was unsuccessful. 1311 errors, 182 warnings
    Error: Peak virtual memory: 739 megabytes
    Error: Processing ended: Tue Jul  1 14:25:39 2025
    Error: Elapsed time: 00:00:12
    Error: Total CPU time (on all processors): 00:00:25


+--------------------------------------------+
; Analysis & Elaboration Suppressed Messages ;
+--------------------------------------------+
The suppressed messages can be found in /home/victor/pulp_shared_vm/pulp_box/pulpissimo/fpga/xilinx_pulpissimo.map.smsg.


