Timing Analyzer report for xilinx_pulpissimo
Fri Jul  4 18:20:27 2025
Quartus Prime Version 22.1std.2 Build 922 07/20/2023 SC Lite Edition


---------------------
; Table of Contents ;
---------------------
  1. Legal Notice
  2. Timing Analyzer Summary
  3. Parallel Compilation
  4. SDC File List
  5. Clocks
  6. Slow 1100mV 85C Model Fmax Summary
  7. Timing Closure Recommendations
  8. Slow 1100mV 85C Model Setup Summary
  9. Slow 1100mV 85C Model Hold Summary
 10. Slow 1100mV 85C Model Recovery Summary
 11. Slow 1100mV 85C Model Removal Summary
 12. Slow 1100mV 85C Model Minimum Pulse Width Summary
 13. Slow 1100mV 85C Model Metastability Summary
 14. Slow 1100mV 0C Model Fmax Summary
 15. Slow 1100mV 0C Model Setup Summary
 16. Slow 1100mV 0C Model Hold Summary
 17. Slow 1100mV 0C Model Recovery Summary
 18. Slow 1100mV 0C Model Removal Summary
 19. Slow 1100mV 0C Model Minimum Pulse Width Summary
 20. Slow 1100mV 0C Model Metastability Summary
 21. Fast 1100mV 85C Model Setup Summary
 22. Fast 1100mV 85C Model Hold Summary
 23. Fast 1100mV 85C Model Recovery Summary
 24. Fast 1100mV 85C Model Removal Summary
 25. Fast 1100mV 85C Model Minimum Pulse Width Summary
 26. Fast 1100mV 85C Model Metastability Summary
 27. Fast 1100mV 0C Model Setup Summary
 28. Fast 1100mV 0C Model Hold Summary
 29. Fast 1100mV 0C Model Recovery Summary
 30. Fast 1100mV 0C Model Removal Summary
 31. Fast 1100mV 0C Model Minimum Pulse Width Summary
 32. Fast 1100mV 0C Model Metastability Summary
 33. Multicorner Timing Analysis Summary
 34. Board Trace Model Assignments
 35. Input Transition Times
 36. Signal Integrity Metrics (Slow 1100mv 0c Model)
 37. Signal Integrity Metrics (Slow 1100mv 85c Model)
 38. Signal Integrity Metrics (Fast 1100mv 0c Model)
 39. Signal Integrity Metrics (Fast 1100mv 85c Model)
 40. Setup Transfers
 41. Hold Transfers
 42. Recovery Transfers
 43. Removal Transfers
 44. Report TCCS
 45. Report RSKM
 46. Unconstrained Paths Summary
 47. Clock Status Summary
 48. Unconstrained Input Ports
 49. Unconstrained Output Ports
 50. Unconstrained Input Ports
 51. Unconstrained Output Ports
 52. Timing Analyzer Messages



----------------
; Legal Notice ;
----------------
Copyright (C) 2023  Intel Corporation. All rights reserved.
Your use of Intel Corporation's design tools, logic functions 
and other software and tools, and any partner logic 
functions, and any output files from any of the foregoing 
(including device programming or simulation files), and any 
associated documentation or information are expressly subject 
to the terms and conditions of the Intel Program License 
Subscription Agreement, the Intel Quartus Prime License Agreement,
the Intel FPGA IP License Agreement, or other applicable license
agreement, including, without limitation, that your use is for
the sole purpose of programming logic devices manufactured by
Intel and sold by Intel or its authorized distributors.  Please
refer to the applicable agreement for further details, at
https://fpgasoftware.intel.com/eula.



+--------------------------------------------------------------------------------+
; Timing Analyzer Summary                                                        ;
+-----------------------+--------------------------------------------------------+
; Quartus Prime Version ; Version 22.1std.2 Build 922 07/20/2023 SC Lite Edition ;
; Timing Analyzer       ; Legacy Timing Analyzer                                 ;
; Revision Name         ; xilinx_pulpissimo                                      ;
; Device Family         ; Cyclone V                                              ;
; Device Name           ; 5CSXFC6D6F31C6                                         ;
; Timing Models         ; Final                                                  ;
; Delay Model           ; Combined                                               ;
; Rise/Fall Delays      ; Enabled                                                ;
+-----------------------+--------------------------------------------------------+


+------------------------------------------+
; Parallel Compilation                     ;
+----------------------------+-------------+
; Processors                 ; Number      ;
+----------------------------+-------------+
; Number detected on machine ; 4           ;
; Maximum allowed            ; 2           ;
;                            ;             ;
; Average used               ; 1.22        ;
; Maximum used               ; 2           ;
;                            ;             ;
; Usage by Processor         ; % Time Used ;
;     Processor 1            ; 100.0%      ;
;     Processor 2            ;  21.9%      ;
+----------------------------+-------------+


+-------------------------------------------------------+
; SDC File List                                         ;
+-------------------+--------+--------------------------+
; SDC File Path     ; Status ; Read at                  ;
+-------------------+--------+--------------------------+
; DE10_Standard.SDC ; OK     ; Fri Jul  4 18:19:08 2025 ;
+-------------------+--------+--------------------------+


+---------------------------------------------------------------------------------------------------------------------------------------------------------------------------------------+
; Clocks                                                                                                                                                                                ;
+------------+------+--------+-----------+-------+--------+------------+-----------+-------------+-------+--------+-----------+------------+----------+--------+--------+---------------+
; Clock Name ; Type ; Period ; Frequency ; Rise  ; Fall   ; Duty Cycle ; Divide by ; Multiply by ; Phase ; Offset ; Edge List ; Edge Shift ; Inverted ; Master ; Source ; Targets       ;
+------------+------+--------+-----------+-------+--------+------------+-----------+-------------+-------+--------+-----------+------------+----------+--------+--------+---------------+
; ref_clk_i  ; Base ; 20.000 ; 50.0 MHz  ; 0.000 ; 10.000 ;            ;           ;             ;       ;        ;           ;            ;          ;        ;        ; { ref_clk_i } ;
+------------+------+--------+-----------+-------+--------+------------+-----------+-------------+-------+--------+-----------+------------+----------+--------+--------+---------------+


+-------------------------------------------------+
; Slow 1100mV 85C Model Fmax Summary              ;
+-----------+-----------------+------------+------+
; Fmax      ; Restricted Fmax ; Clock Name ; Note ;
+-----------+-----------------+------------+------+
; 39.02 MHz ; 39.02 MHz       ; ref_clk_i  ;      ;
+-----------+-----------------+------------+------+
This panel reports FMAX for every clock in the design, regardless of the user-specified clock periods.  FMAX is only computed for paths where the source and destination registers or ports are driven by the same clock.  Paths of different clocks, including generated clocks, are ignored.  For paths between a clock and its inversion, FMAX is computed as if the rising and falling edges are scaled along with FMAX, such that the duty cycle (in terms of a percentage) is maintained. Altera recommends that you always use clock constraints and other slack reports for sign-off analysis.


----------------------------------
; Timing Closure Recommendations ;
----------------------------------
HTML report is unavailable in plain text report export.


+-------------------------------------+
; Slow 1100mV 85C Model Setup Summary ;
+-----------+--------+----------------+
; Clock     ; Slack  ; End Point TNS  ;
+-----------+--------+----------------+
; ref_clk_i ; -2.813 ; -14.464        ;
+-----------+--------+----------------+


+------------------------------------+
; Slow 1100mV 85C Model Hold Summary ;
+-----------+-------+----------------+
; Clock     ; Slack ; End Point TNS  ;
+-----------+-------+----------------+
; ref_clk_i ; 0.106 ; 0.000          ;
+-----------+-------+----------------+


+----------------------------------------+
; Slow 1100mV 85C Model Recovery Summary ;
+-----------+-------+--------------------+
; Clock     ; Slack ; End Point TNS      ;
+-----------+-------+--------------------+
; ref_clk_i ; 1.473 ; 0.000              ;
+-----------+-------+--------------------+


+---------------------------------------+
; Slow 1100mV 85C Model Removal Summary ;
+-----------+-------+-------------------+
; Clock     ; Slack ; End Point TNS     ;
+-----------+-------+-------------------+
; ref_clk_i ; 1.806 ; 0.000             ;
+-----------+-------+-------------------+


+---------------------------------------------------+
; Slow 1100mV 85C Model Minimum Pulse Width Summary ;
+-----------+-------+-------------------------------+
; Clock     ; Slack ; End Point TNS                 ;
+-----------+-------+-------------------------------+
; ref_clk_i ; 6.546 ; 0.000                         ;
+-----------+-------+-------------------------------+


-----------------------------------------------
; Slow 1100mV 85C Model Metastability Summary ;
-----------------------------------------------
The design MTBF is not calculated because there are no specified synchronizers in the design.
Number of Synchronizer Chains Found: 3
Shortest Synchronizer Chain: 3 Registers
Fraction of Chains for which MTBFs Could Not be Calculated: 1.000
Worst Case Available Settling Time: 42.546 ns




+-------------------------------------------------+
; Slow 1100mV 0C Model Fmax Summary               ;
+-----------+-----------------+------------+------+
; Fmax      ; Restricted Fmax ; Clock Name ; Note ;
+-----------+-----------------+------------+------+
; 40.35 MHz ; 40.35 MHz       ; ref_clk_i  ;      ;
+-----------+-----------------+------------+------+
This panel reports FMAX for every clock in the design, regardless of the user-specified clock periods.  FMAX is only computed for paths where the source and destination registers or ports are driven by the same clock.  Paths of different clocks, including generated clocks, are ignored.  For paths between a clock and its inversion, FMAX is computed as if the rising and falling edges are scaled along with FMAX, such that the duty cycle (in terms of a percentage) is maintained. Altera recommends that you always use clock constraints and other slack reports for sign-off analysis.


+------------------------------------+
; Slow 1100mV 0C Model Setup Summary ;
+-----------+--------+---------------+
; Clock     ; Slack  ; End Point TNS ;
+-----------+--------+---------------+
; ref_clk_i ; -2.393 ; -11.799       ;
+-----------+--------+---------------+


+-----------------------------------+
; Slow 1100mV 0C Model Hold Summary ;
+-----------+-------+---------------+
; Clock     ; Slack ; End Point TNS ;
+-----------+-------+---------------+
; ref_clk_i ; 0.150 ; 0.000         ;
+-----------+-------+---------------+


+---------------------------------------+
; Slow 1100mV 0C Model Recovery Summary ;
+-----------+-------+-------------------+
; Clock     ; Slack ; End Point TNS     ;
+-----------+-------+-------------------+
; ref_clk_i ; 1.744 ; 0.000             ;
+-----------+-------+-------------------+


+--------------------------------------+
; Slow 1100mV 0C Model Removal Summary ;
+-----------+-------+------------------+
; Clock     ; Slack ; End Point TNS    ;
+-----------+-------+------------------+
; ref_clk_i ; 1.865 ; 0.000            ;
+-----------+-------+------------------+


+--------------------------------------------------+
; Slow 1100mV 0C Model Minimum Pulse Width Summary ;
+-----------+-------+------------------------------+
; Clock     ; Slack ; End Point TNS                ;
+-----------+-------+------------------------------+
; ref_clk_i ; 6.685 ; 0.000                        ;
+-----------+-------+------------------------------+


----------------------------------------------
; Slow 1100mV 0C Model Metastability Summary ;
----------------------------------------------
The design MTBF is not calculated because there are no specified synchronizers in the design.
Number of Synchronizer Chains Found: 3
Shortest Synchronizer Chain: 3 Registers
Fraction of Chains for which MTBFs Could Not be Calculated: 1.000
Worst Case Available Settling Time: 43.048 ns




+-------------------------------------+
; Fast 1100mV 85C Model Setup Summary ;
+-----------+-------+-----------------+
; Clock     ; Slack ; End Point TNS   ;
+-----------+-------+-----------------+
; ref_clk_i ; 2.225 ; 0.000           ;
+-----------+-------+-----------------+


+------------------------------------+
; Fast 1100mV 85C Model Hold Summary ;
+-----------+-------+----------------+
; Clock     ; Slack ; End Point TNS  ;
+-----------+-------+----------------+
; ref_clk_i ; 0.028 ; 0.000          ;
+-----------+-------+----------------+


+----------------------------------------+
; Fast 1100mV 85C Model Recovery Summary ;
+-----------+-------+--------------------+
; Clock     ; Slack ; End Point TNS      ;
+-----------+-------+--------------------+
; ref_clk_i ; 4.981 ; 0.000              ;
+-----------+-------+--------------------+


+---------------------------------------+
; Fast 1100mV 85C Model Removal Summary ;
+-----------+-------+-------------------+
; Clock     ; Slack ; End Point TNS     ;
+-----------+-------+-------------------+
; ref_clk_i ; 1.075 ; 0.000             ;
+-----------+-------+-------------------+


+---------------------------------------------------+
; Fast 1100mV 85C Model Minimum Pulse Width Summary ;
+-----------+-------+-------------------------------+
; Clock     ; Slack ; End Point TNS                 ;
+-----------+-------+-------------------------------+
; ref_clk_i ; 6.986 ; 0.000                         ;
+-----------+-------+-------------------------------+


-----------------------------------------------
; Fast 1100mV 85C Model Metastability Summary ;
-----------------------------------------------
The design MTBF is not calculated because there are no specified synchronizers in the design.
Number of Synchronizer Chains Found: 3
Shortest Synchronizer Chain: 3 Registers
Fraction of Chains for which MTBFs Could Not be Calculated: 1.000
Worst Case Available Settling Time: 48.091 ns




+------------------------------------+
; Fast 1100mV 0C Model Setup Summary ;
+-----------+-------+----------------+
; Clock     ; Slack ; End Point TNS  ;
+-----------+-------+----------------+
; ref_clk_i ; 3.100 ; 0.000          ;
+-----------+-------+----------------+


+-----------------------------------+
; Fast 1100mV 0C Model Hold Summary ;
+-----------+-------+---------------+
; Clock     ; Slack ; End Point TNS ;
+-----------+-------+---------------+
; ref_clk_i ; 0.035 ; 0.000         ;
+-----------+-------+---------------+


+---------------------------------------+
; Fast 1100mV 0C Model Recovery Summary ;
+-----------+-------+-------------------+
; Clock     ; Slack ; End Point TNS     ;
+-----------+-------+-------------------+
; ref_clk_i ; 5.366 ; 0.000             ;
+-----------+-------+-------------------+


+--------------------------------------+
; Fast 1100mV 0C Model Removal Summary ;
+-----------+-------+------------------+
; Clock     ; Slack ; End Point TNS    ;
+-----------+-------+------------------+
; ref_clk_i ; 1.046 ; 0.000            ;
+-----------+-------+------------------+


+--------------------------------------------------+
; Fast 1100mV 0C Model Minimum Pulse Width Summary ;
+-----------+-------+------------------------------+
; Clock     ; Slack ; End Point TNS                ;
+-----------+-------+------------------------------+
; ref_clk_i ; 7.181 ; 0.000                        ;
+-----------+-------+------------------------------+


----------------------------------------------
; Fast 1100mV 0C Model Metastability Summary ;
----------------------------------------------
The design MTBF is not calculated because there are no specified synchronizers in the design.
Number of Synchronizer Chains Found: 3
Shortest Synchronizer Chain: 3 Registers
Fraction of Chains for which MTBFs Could Not be Calculated: 1.000
Worst Case Available Settling Time: 49.275 ns




+-------------------------------------------------------------------------------+
; Multicorner Timing Analysis Summary                                           ;
+------------------+---------+-------+----------+---------+---------------------+
; Clock            ; Setup   ; Hold  ; Recovery ; Removal ; Minimum Pulse Width ;
+------------------+---------+-------+----------+---------+---------------------+
; Worst-case Slack ; -2.813  ; 0.028 ; 1.473    ; 1.046   ; 6.546               ;
;  ref_clk_i       ; -2.813  ; 0.028 ; 1.473    ; 1.046   ; 6.546               ;
; Design-wide TNS  ; -14.464 ; 0.0   ; 0.0      ; 0.0     ; 0.0                 ;
;  ref_clk_i       ; -14.464 ; 0.000 ; 0.000    ; 0.000   ; 0.000               ;
+------------------+---------+-------+----------+---------+---------------------+


+-----------------------------------------------------------------------------------------------------------------------------------------------------------------------------------------------------------------------------------------------------------------------------------------------------------------------------------------------------------------------------------------------------------------+
; Board Trace Model Assignments                                                                                                                                                                                                                                                                                                                                                                                   ;
+--------------+--------------+-------------------+-------------------------+-------------------------+---------------+---------------------+----------------+------------------+--------+------------------+------------------------+------------------------+--------------+---------------+-----------------+-------+---------------------+--------------------+---------------+-----------------+-------------+
; Pin          ; I/O Standard ; Near Tline Length ; Near Tline L per Length ; Near Tline C per Length ; Near Series R ; Near Differential R ; Near Pull-up R ; Near Pull-down R ; Near C ; Far Tline Length ; Far Tline L per Length ; Far Tline C per Length ; Far Series R ; Far Pull-up R ; Far Pull-down R ; Far C ; Termination Voltage ; Far Differential R ; EBD File Name ; EBD Signal Name ; EBD Far-end ;
+--------------+--------------+-------------------+-------------------------+-------------------------+---------------+---------------------+----------------+------------------+--------+------------------+------------------------+------------------------+--------------+---------------+-----------------+-------+---------------------+--------------------+---------------+-----------------+-------------+
; led0_o       ; 2.5 V        ; 0 in              ; 0 H/in                  ; 0 F/in                  ; short         ; -                   ; open           ; open             ; open   ; 0 in             ; 0 H/in                 ; 0 F/in                 ; short        ; open          ; open            ; open  ; 0 V                 ; -                  ; n/a           ; n/a             ; n/a         ;
; pad_jtag_tdo ; 2.5 V        ; 0 in              ; 0 H/in                  ; 0 F/in                  ; short         ; -                   ; open           ; open             ; open   ; 0 in             ; 0 H/in                 ; 0 F/in                 ; short        ; open          ; open            ; open  ; 0 V                 ; -                  ; n/a           ; n/a             ; n/a         ;
; pad_uart_rx  ; 2.5 V        ; 0 in              ; 0 H/in                  ; 0 F/in                  ; short         ; -                   ; open           ; open             ; open   ; 0 in             ; 0 H/in                 ; 0 F/in                 ; short        ; open          ; open            ; open  ; 0 V                 ; -                  ; n/a           ; n/a             ; n/a         ;
; pad_uart_tx  ; 2.5 V        ; 0 in              ; 0 H/in                  ; 0 F/in                  ; short         ; -                   ; open           ; open             ; open   ; 0 in             ; 0 H/in                 ; 0 F/in                 ; short        ; open          ; open            ; open  ; 0 V                 ; -                  ; n/a           ; n/a             ; n/a         ;
; pad_uart_rts ; 2.5 V        ; 0 in              ; 0 H/in                  ; 0 F/in                  ; short         ; -                   ; open           ; open             ; open   ; 0 in             ; 0 H/in                 ; 0 F/in                 ; short        ; open          ; open            ; open  ; 0 V                 ; -                  ; n/a           ; n/a             ; n/a         ;
; pad_uart_cts ; 2.5 V        ; 0 in              ; 0 H/in                  ; 0 F/in                  ; short         ; -                   ; open           ; open             ; open   ; 0 in             ; 0 H/in                 ; 0 F/in                 ; short        ; open          ; open            ; open  ; 0 V                 ; -                  ; n/a           ; n/a             ; n/a         ;
; led1_o       ; 2.5 V        ; 0 in              ; 0 H/in                  ; 0 F/in                  ; short         ; -                   ; open           ; open             ; open   ; 0 in             ; 0 H/in                 ; 0 F/in                 ; short        ; open          ; open            ; open  ; 0 V                 ; -                  ; n/a           ; n/a             ; n/a         ;
; led2_o       ; 2.5 V        ; 0 in              ; 0 H/in                  ; 0 F/in                  ; short         ; -                   ; open           ; open             ; open   ; 0 in             ; 0 H/in                 ; 0 F/in                 ; short        ; open          ; open            ; open  ; 0 V                 ; -                  ; n/a           ; n/a             ; n/a         ;
; led3_o       ; 2.5 V        ; 0 in              ; 0 H/in                  ; 0 F/in                  ; short         ; -                   ; open           ; open             ; open   ; 0 in             ; 0 H/in                 ; 0 F/in                 ; short        ; open          ; open            ; open  ; 0 V                 ; -                  ; n/a           ; n/a             ; n/a         ;
; led4_o       ; 2.5 V        ; 0 in              ; 0 H/in                  ; 0 F/in                  ; short         ; -                   ; open           ; open             ; open   ; 0 in             ; 0 H/in                 ; 0 F/in                 ; short        ; open          ; open            ; open  ; 0 V                 ; -                  ; n/a           ; n/a             ; n/a         ;
; led5_o       ; 2.5 V        ; 0 in              ; 0 H/in                  ; 0 F/in                  ; short         ; -                   ; open           ; open             ; open   ; 0 in             ; 0 H/in                 ; 0 F/in                 ; short        ; open          ; open            ; open  ; 0 V                 ; -                  ; n/a           ; n/a             ; n/a         ;
; led6_o       ; 2.5 V        ; 0 in              ; 0 H/in                  ; 0 F/in                  ; short         ; -                   ; open           ; open             ; open   ; 0 in             ; 0 H/in                 ; 0 F/in                 ; short        ; open          ; open            ; open  ; 0 V                 ; -                  ; n/a           ; n/a             ; n/a         ;
; led7_o       ; 2.5 V        ; 0 in              ; 0 H/in                  ; 0 F/in                  ; short         ; -                   ; open           ; open             ; open   ; 0 in             ; 0 H/in                 ; 0 F/in                 ; short        ; open          ; open            ; open  ; 0 V                 ; -                  ; n/a           ; n/a             ; n/a         ;
; pad_i2c0_sda ; 2.5 V        ; 0 in              ; 0 H/in                  ; 0 F/in                  ; short         ; -                   ; open           ; open             ; open   ; 0 in             ; 0 H/in                 ; 0 F/in                 ; short        ; open          ; open            ; open  ; 0 V                 ; -                  ; n/a           ; n/a             ; n/a         ;
; pad_i2c0_scl ; 2.5 V        ; 0 in              ; 0 H/in                  ; 0 F/in                  ; short         ; -                   ; open           ; open             ; open   ; 0 in             ; 0 H/in                 ; 0 F/in                 ; short        ; open          ; open            ; open  ; 0 V                 ; -                  ; n/a           ; n/a             ; n/a         ;
; pad_i2c1_scl ; 2.5 V        ; 0 in              ; 0 H/in                  ; 0 F/in                  ; short         ; -                   ; open           ; open             ; open   ; 0 in             ; 0 H/in                 ; 0 F/in                 ; short        ; open          ; open            ; open  ; 0 V                 ; -                  ; n/a           ; n/a             ; n/a         ;
; pad_i2c1_sda ; 2.5 V        ; 0 in              ; 0 H/in                  ; 0 F/in                  ; short         ; -                   ; open           ; open             ; open   ; 0 in             ; 0 H/in                 ; 0 F/in                 ; short        ; open          ; open            ; open  ; 0 V                 ; -                  ; n/a           ; n/a             ; n/a         ;
; pad_pmod1_4  ; 2.5 V        ; 0 in              ; 0 H/in                  ; 0 F/in                  ; short         ; -                   ; open           ; open             ; open   ; 0 in             ; 0 H/in                 ; 0 F/in                 ; short        ; open          ; open            ; open  ; 0 V                 ; -                  ; n/a           ; n/a             ; n/a         ;
; pad_pmod1_5  ; 2.5 V        ; 0 in              ; 0 H/in                  ; 0 F/in                  ; short         ; -                   ; open           ; open             ; open   ; 0 in             ; 0 H/in                 ; 0 F/in                 ; short        ; open          ; open            ; open  ; 0 V                 ; -                  ; n/a           ; n/a             ; n/a         ;
; pad_pmod1_6  ; 2.5 V        ; 0 in              ; 0 H/in                  ; 0 F/in                  ; short         ; -                   ; open           ; open             ; open   ; 0 in             ; 0 H/in                 ; 0 F/in                 ; short        ; open          ; open            ; open  ; 0 V                 ; -                  ; n/a           ; n/a             ; n/a         ;
; pad_pmod1_7  ; 2.5 V        ; 0 in              ; 0 H/in                  ; 0 F/in                  ; short         ; -                   ; open           ; open             ; open   ; 0 in             ; 0 H/in                 ; 0 F/in                 ; short        ; open          ; open            ; open  ; 0 V                 ; -                  ; n/a           ; n/a             ; n/a         ;
+--------------+--------------+-------------------+-------------------------+-------------------------+---------------+---------------------+----------------+------------------+--------+------------------+------------------------+------------------------+--------------+---------------+-----------------+-------+---------------------+--------------------+---------------+-----------------+-------------+


+-----------------------------------------------------------------+
; Input Transition Times                                          ;
+--------------+--------------+-----------------+-----------------+
; Pin          ; I/O Standard ; 10-90 Rise Time ; 90-10 Fall Time ;
+--------------+--------------+-----------------+-----------------+
; pad_uart_rx  ; 2.5 V        ; 2000 ps         ; 2000 ps         ;
; pad_uart_tx  ; 2.5 V        ; 2000 ps         ; 2000 ps         ;
; pad_uart_rts ; 2.5 V        ; 2000 ps         ; 2000 ps         ;
; pad_uart_cts ; 2.5 V        ; 2000 ps         ; 2000 ps         ;
; led1_o       ; 2.5 V        ; 2000 ps         ; 2000 ps         ;
; led2_o       ; 2.5 V        ; 2000 ps         ; 2000 ps         ;
; led3_o       ; 2.5 V        ; 2000 ps         ; 2000 ps         ;
; led4_o       ; 2.5 V        ; 2000 ps         ; 2000 ps         ;
; led5_o       ; 2.5 V        ; 2000 ps         ; 2000 ps         ;
; led6_o       ; 2.5 V        ; 2000 ps         ; 2000 ps         ;
; led7_o       ; 2.5 V        ; 2000 ps         ; 2000 ps         ;
; pad_i2c0_sda ; 2.5 V        ; 2000 ps         ; 2000 ps         ;
; pad_i2c0_scl ; 2.5 V        ; 2000 ps         ; 2000 ps         ;
; pad_i2c1_scl ; 2.5 V        ; 2000 ps         ; 2000 ps         ;
; pad_i2c1_sda ; 2.5 V        ; 2000 ps         ; 2000 ps         ;
; pad_pmod1_4  ; 2.5 V        ; 2000 ps         ; 2000 ps         ;
; pad_pmod1_5  ; 2.5 V        ; 2000 ps         ; 2000 ps         ;
; pad_pmod1_6  ; 2.5 V        ; 2000 ps         ; 2000 ps         ;
; pad_pmod1_7  ; 2.5 V        ; 2000 ps         ; 2000 ps         ;
; pad_jtag_tdi ; 2.5 V        ; 2000 ps         ; 2000 ps         ;
; btnl_i       ; 2.5 V        ; 2000 ps         ; 2000 ps         ;
; btnd_i       ; 2.5 V        ; 2000 ps         ; 2000 ps         ;
; btnr_i       ; 2.5 V        ; 2000 ps         ; 2000 ps         ;
; btnu_i       ; 2.5 V        ; 2000 ps         ; 2000 ps         ;
; switch7_i    ; 2.5 V        ; 2000 ps         ; 2000 ps         ;
; switch6_i    ; 2.5 V        ; 2000 ps         ; 2000 ps         ;
; switch5_i    ; 2.5 V        ; 2000 ps         ; 2000 ps         ;
; switch3_i    ; 2.5 V        ; 2000 ps         ; 2000 ps         ;
; switch2_i    ; 2.5 V        ; 2000 ps         ; 2000 ps         ;
; switch1_i    ; 2.5 V        ; 2000 ps         ; 2000 ps         ;
; pad_jtag_tms ; 2.5 V        ; 2000 ps         ; 2000 ps         ;
; pad_jtag_tck ; 2.5 V        ; 2000 ps         ; 2000 ps         ;
; pad_reset    ; 2.5 V        ; 2000 ps         ; 2000 ps         ;
; switch4_i    ; 2.5 V        ; 2000 ps         ; 2000 ps         ;
; switch0_i    ; 2.5 V        ; 2000 ps         ; 2000 ps         ;
; ref_clk_i    ; 2.5 V        ; 2000 ps         ; 2000 ps         ;
+--------------+--------------+-----------------+-----------------+


+-------------------------------------------------------------------------------------------------------------------------------------------------------------------------------------------------------------------------------------------------------------------------------------------------------------------------------------------------------------------------------------------------------------------------------------------------------------------------------------------------------------------------------------------------------------------------------------------------------------------------------------------------------------------------------------------+
; Signal Integrity Metrics (Slow 1100mv 0c Model)                                                                                                                                                                                                                                                                                                                                                                                                                                                                                                                                                                                                                                           ;
+--------------+--------------+---------------------+---------------------+------------------------------+------------------------------+---------------------+---------------------+--------------------------------------+--------------------------------------+-----------------------------+-----------------------------+----------------------------+----------------------------+-----------------------------+-----------------------------+--------------------+--------------------+-------------------------------------+-------------------------------------+----------------------------+----------------------------+---------------------------+---------------------------+
; Pin          ; I/O Standard ; Board Delay on Rise ; Board Delay on Fall ; Steady State Voh at FPGA Pin ; Steady State Vol at FPGA Pin ; Voh Max at FPGA Pin ; Vol Min at FPGA Pin ; Ringback Voltage on Rise at FPGA Pin ; Ringback Voltage on Fall at FPGA Pin ; 10-90 Rise Time at FPGA Pin ; 90-10 Fall Time at FPGA Pin ; Monotonic Rise at FPGA Pin ; Monotonic Fall at FPGA Pin ; Steady State Voh at Far-end ; Steady State Vol at Far-end ; Voh Max at Far-end ; Vol Min at Far-end ; Ringback Voltage on Rise at Far-end ; Ringback Voltage on Fall at Far-end ; 10-90 Rise Time at Far-end ; 90-10 Fall Time at Far-end ; Monotonic Rise at Far-end ; Monotonic Fall at Far-end ;
+--------------+--------------+---------------------+---------------------+------------------------------+------------------------------+---------------------+---------------------+--------------------------------------+--------------------------------------+-----------------------------+-----------------------------+----------------------------+----------------------------+-----------------------------+-----------------------------+--------------------+--------------------+-------------------------------------+-------------------------------------+----------------------------+----------------------------+---------------------------+---------------------------+
; led0_o       ; 2.5 V        ; 0 s                 ; 0 s                 ; 2.32 V                       ; 3.6e-07 V                    ; 2.41 V              ; -0.0463 V           ; 0.201 V                              ; 0.131 V                              ; 4.61e-10 s                  ; 4.53e-10 s                  ; No                         ; Yes                        ; 2.32 V                      ; 3.6e-07 V                   ; 2.41 V             ; -0.0463 V          ; 0.201 V                             ; 0.131 V                             ; 4.61e-10 s                 ; 4.53e-10 s                 ; No                        ; Yes                       ;
; pad_jtag_tdo ; 2.5 V        ; 0 s                 ; 0 s                 ; 2.32 V                       ; 3.6e-07 V                    ; 2.41 V              ; -0.0463 V           ; 0.201 V                              ; 0.131 V                              ; 4.61e-10 s                  ; 4.53e-10 s                  ; No                         ; Yes                        ; 2.32 V                      ; 3.6e-07 V                   ; 2.41 V             ; -0.0463 V          ; 0.201 V                             ; 0.131 V                             ; 4.61e-10 s                 ; 4.53e-10 s                 ; No                        ; Yes                       ;
; pad_uart_rx  ; 2.5 V        ; 0 s                 ; 0 s                 ; 2.32 V                       ; 3.52e-07 V                   ; 2.42 V              ; -0.0568 V           ; 0.173 V                              ; 0.113 V                              ; 4.5e-10 s                   ; 4.35e-10 s                  ; No                         ; No                         ; 2.32 V                      ; 3.52e-07 V                  ; 2.42 V             ; -0.0568 V          ; 0.173 V                             ; 0.113 V                             ; 4.5e-10 s                  ; 4.35e-10 s                 ; No                        ; No                        ;
; pad_uart_tx  ; 2.5 V        ; 0 s                 ; 0 s                 ; 2.32 V                       ; 3.52e-07 V                   ; 2.42 V              ; -0.0568 V           ; 0.173 V                              ; 0.113 V                              ; 4.5e-10 s                   ; 4.35e-10 s                  ; No                         ; No                         ; 2.32 V                      ; 3.52e-07 V                  ; 2.42 V             ; -0.0568 V          ; 0.173 V                             ; 0.113 V                             ; 4.5e-10 s                  ; 4.35e-10 s                 ; No                        ; No                        ;
; pad_uart_rts ; 2.5 V        ; 0 s                 ; 0 s                 ; 2.32 V                       ; 3.52e-07 V                   ; 2.42 V              ; -0.0568 V           ; 0.173 V                              ; 0.113 V                              ; 4.5e-10 s                   ; 4.35e-10 s                  ; No                         ; No                         ; 2.32 V                      ; 3.52e-07 V                  ; 2.42 V             ; -0.0568 V          ; 0.173 V                             ; 0.113 V                             ; 4.5e-10 s                  ; 4.35e-10 s                 ; No                        ; No                        ;
; pad_uart_cts ; 2.5 V        ; 0 s                 ; 0 s                 ; 2.32 V                       ; 3.52e-07 V                   ; 2.42 V              ; -0.0557 V           ; 0.175 V                              ; 0.114 V                              ; 4.5e-10 s                   ; 4.35e-10 s                  ; No                         ; No                         ; 2.32 V                      ; 3.52e-07 V                  ; 2.42 V             ; -0.0557 V          ; 0.175 V                             ; 0.114 V                             ; 4.5e-10 s                  ; 4.35e-10 s                 ; No                        ; No                        ;
; led1_o       ; 2.5 V        ; 0 s                 ; 0 s                 ; 2.32 V                       ; 3.07e-07 V                   ; 2.36 V              ; -0.0231 V           ; 0.14 V                               ; 0.089 V                              ; 4.52e-10 s                  ; 4.35e-10 s                  ; No                         ; Yes                        ; 2.32 V                      ; 3.07e-07 V                  ; 2.36 V             ; -0.0231 V          ; 0.14 V                              ; 0.089 V                             ; 4.52e-10 s                 ; 4.35e-10 s                 ; No                        ; Yes                       ;
; led2_o       ; 2.5 V        ; 0 s                 ; 0 s                 ; 2.32 V                       ; 3.07e-07 V                   ; 2.36 V              ; -0.0231 V           ; 0.14 V                               ; 0.089 V                              ; 4.52e-10 s                  ; 4.35e-10 s                  ; No                         ; Yes                        ; 2.32 V                      ; 3.07e-07 V                  ; 2.36 V             ; -0.0231 V          ; 0.14 V                              ; 0.089 V                             ; 4.52e-10 s                 ; 4.35e-10 s                 ; No                        ; Yes                       ;
; led3_o       ; 2.5 V        ; 0 s                 ; 0 s                 ; 2.32 V                       ; 3.52e-07 V                   ; 2.42 V              ; -0.0568 V           ; 0.173 V                              ; 0.113 V                              ; 4.5e-10 s                   ; 4.35e-10 s                  ; No                         ; No                         ; 2.32 V                      ; 3.52e-07 V                  ; 2.42 V             ; -0.0568 V          ; 0.173 V                             ; 0.113 V                             ; 4.5e-10 s                  ; 4.35e-10 s                 ; No                        ; No                        ;
; led4_o       ; 2.5 V        ; 0 s                 ; 0 s                 ; 2.32 V                       ; 3.52e-07 V                   ; 2.42 V              ; -0.0568 V           ; 0.173 V                              ; 0.113 V                              ; 4.5e-10 s                   ; 4.35e-10 s                  ; No                         ; No                         ; 2.32 V                      ; 3.52e-07 V                  ; 2.42 V             ; -0.0568 V          ; 0.173 V                             ; 0.113 V                             ; 4.5e-10 s                  ; 4.35e-10 s                 ; No                        ; No                        ;
; led5_o       ; 2.5 V        ; 0 s                 ; 0 s                 ; 2.32 V                       ; 3.52e-07 V                   ; 2.42 V              ; -0.0568 V           ; 0.173 V                              ; 0.113 V                              ; 4.5e-10 s                   ; 4.35e-10 s                  ; No                         ; No                         ; 2.32 V                      ; 3.52e-07 V                  ; 2.42 V             ; -0.0568 V          ; 0.173 V                             ; 0.113 V                             ; 4.5e-10 s                  ; 4.35e-10 s                 ; No                        ; No                        ;
; led6_o       ; 2.5 V        ; 0 s                 ; 0 s                 ; 2.32 V                       ; 3.52e-07 V                   ; 2.42 V              ; -0.0557 V           ; 0.175 V                              ; 0.114 V                              ; 4.5e-10 s                   ; 4.35e-10 s                  ; No                         ; No                         ; 2.32 V                      ; 3.52e-07 V                  ; 2.42 V             ; -0.0557 V          ; 0.175 V                             ; 0.114 V                             ; 4.5e-10 s                  ; 4.35e-10 s                 ; No                        ; No                        ;
; led7_o       ; 2.5 V        ; 0 s                 ; 0 s                 ; 2.32 V                       ; 3.07e-07 V                   ; 2.36 V              ; -0.0231 V           ; 0.14 V                               ; 0.089 V                              ; 4.52e-10 s                  ; 4.35e-10 s                  ; No                         ; Yes                        ; 2.32 V                      ; 3.07e-07 V                  ; 2.36 V             ; -0.0231 V          ; 0.14 V                              ; 0.089 V                             ; 4.52e-10 s                 ; 4.35e-10 s                 ; No                        ; Yes                       ;
; pad_i2c0_sda ; 2.5 V        ; 0 s                 ; 0 s                 ; 2.32 V                       ; 3.6e-07 V                    ; 2.41 V              ; -0.0463 V           ; 0.201 V                              ; 0.131 V                              ; 4.61e-10 s                  ; 4.53e-10 s                  ; No                         ; Yes                        ; 2.32 V                      ; 3.6e-07 V                   ; 2.41 V             ; -0.0463 V          ; 0.201 V                             ; 0.131 V                             ; 4.61e-10 s                 ; 4.53e-10 s                 ; No                        ; Yes                       ;
; pad_i2c0_scl ; 2.5 V        ; 0 s                 ; 0 s                 ; 2.32 V                       ; 3.07e-07 V                   ; 2.36 V              ; -0.0231 V           ; 0.14 V                               ; 0.089 V                              ; 4.52e-10 s                  ; 4.35e-10 s                  ; No                         ; Yes                        ; 2.32 V                      ; 3.07e-07 V                  ; 2.36 V             ; -0.0231 V          ; 0.14 V                              ; 0.089 V                             ; 4.52e-10 s                 ; 4.35e-10 s                 ; No                        ; Yes                       ;
; pad_i2c1_scl ; 2.5 V        ; 0 s                 ; 0 s                 ; 2.32 V                       ; 3.6e-07 V                    ; 2.41 V              ; -0.0463 V           ; 0.201 V                              ; 0.131 V                              ; 4.61e-10 s                  ; 4.53e-10 s                  ; No                         ; Yes                        ; 2.32 V                      ; 3.6e-07 V                   ; 2.41 V             ; -0.0463 V          ; 0.201 V                             ; 0.131 V                             ; 4.61e-10 s                 ; 4.53e-10 s                 ; No                        ; Yes                       ;
; pad_i2c1_sda ; 2.5 V        ; 0 s                 ; 0 s                 ; 2.32 V                       ; 3.6e-07 V                    ; 2.41 V              ; -0.0463 V           ; 0.201 V                              ; 0.131 V                              ; 4.61e-10 s                  ; 4.53e-10 s                  ; No                         ; Yes                        ; 2.32 V                      ; 3.6e-07 V                   ; 2.41 V             ; -0.0463 V          ; 0.201 V                             ; 0.131 V                             ; 4.61e-10 s                 ; 4.53e-10 s                 ; No                        ; Yes                       ;
; pad_pmod1_4  ; 2.5 V        ; 0 s                 ; 0 s                 ; 2.32 V                       ; 3.52e-07 V                   ; 2.42 V              ; -0.0557 V           ; 0.175 V                              ; 0.114 V                              ; 4.5e-10 s                   ; 4.35e-10 s                  ; No                         ; No                         ; 2.32 V                      ; 3.52e-07 V                  ; 2.42 V             ; -0.0557 V          ; 0.175 V                             ; 0.114 V                             ; 4.5e-10 s                  ; 4.35e-10 s                 ; No                        ; No                        ;
; pad_pmod1_5  ; 2.5 V        ; 0 s                 ; 0 s                 ; 2.32 V                       ; 3.52e-07 V                   ; 2.42 V              ; -0.0568 V           ; 0.173 V                              ; 0.113 V                              ; 4.5e-10 s                   ; 4.35e-10 s                  ; No                         ; No                         ; 2.32 V                      ; 3.52e-07 V                  ; 2.42 V             ; -0.0568 V          ; 0.173 V                             ; 0.113 V                             ; 4.5e-10 s                  ; 4.35e-10 s                 ; No                        ; No                        ;
; pad_pmod1_6  ; 2.5 V        ; 0 s                 ; 0 s                 ; 2.32 V                       ; 3.52e-07 V                   ; 2.42 V              ; -0.0557 V           ; 0.175 V                              ; 0.114 V                              ; 4.5e-10 s                   ; 4.35e-10 s                  ; No                         ; No                         ; 2.32 V                      ; 3.52e-07 V                  ; 2.42 V             ; -0.0557 V          ; 0.175 V                             ; 0.114 V                             ; 4.5e-10 s                  ; 4.35e-10 s                 ; No                        ; No                        ;
; pad_pmod1_7  ; 2.5 V        ; 0 s                 ; 0 s                 ; 2.32 V                       ; 3.52e-07 V                   ; 2.42 V              ; -0.0557 V           ; 0.175 V                              ; 0.114 V                              ; 4.5e-10 s                   ; 4.35e-10 s                  ; No                         ; No                         ; 2.32 V                      ; 3.52e-07 V                  ; 2.42 V             ; -0.0557 V          ; 0.175 V                             ; 0.114 V                             ; 4.5e-10 s                  ; 4.35e-10 s                 ; No                        ; No                        ;
+--------------+--------------+---------------------+---------------------+------------------------------+------------------------------+---------------------+---------------------+--------------------------------------+--------------------------------------+-----------------------------+-----------------------------+----------------------------+----------------------------+-----------------------------+-----------------------------+--------------------+--------------------+-------------------------------------+-------------------------------------+----------------------------+----------------------------+---------------------------+---------------------------+


+-------------------------------------------------------------------------------------------------------------------------------------------------------------------------------------------------------------------------------------------------------------------------------------------------------------------------------------------------------------------------------------------------------------------------------------------------------------------------------------------------------------------------------------------------------------------------------------------------------------------------------------------------------------------------------------------+
; Signal Integrity Metrics (Slow 1100mv 85c Model)                                                                                                                                                                                                                                                                                                                                                                                                                                                                                                                                                                                                                                          ;
+--------------+--------------+---------------------+---------------------+------------------------------+------------------------------+---------------------+---------------------+--------------------------------------+--------------------------------------+-----------------------------+-----------------------------+----------------------------+----------------------------+-----------------------------+-----------------------------+--------------------+--------------------+-------------------------------------+-------------------------------------+----------------------------+----------------------------+---------------------------+---------------------------+
; Pin          ; I/O Standard ; Board Delay on Rise ; Board Delay on Fall ; Steady State Voh at FPGA Pin ; Steady State Vol at FPGA Pin ; Voh Max at FPGA Pin ; Vol Min at FPGA Pin ; Ringback Voltage on Rise at FPGA Pin ; Ringback Voltage on Fall at FPGA Pin ; 10-90 Rise Time at FPGA Pin ; 90-10 Fall Time at FPGA Pin ; Monotonic Rise at FPGA Pin ; Monotonic Fall at FPGA Pin ; Steady State Voh at Far-end ; Steady State Vol at Far-end ; Voh Max at Far-end ; Vol Min at Far-end ; Ringback Voltage on Rise at Far-end ; Ringback Voltage on Fall at Far-end ; 10-90 Rise Time at Far-end ; 90-10 Fall Time at Far-end ; Monotonic Rise at Far-end ; Monotonic Fall at Far-end ;
+--------------+--------------+---------------------+---------------------+------------------------------+------------------------------+---------------------+---------------------+--------------------------------------+--------------------------------------+-----------------------------+-----------------------------+----------------------------+----------------------------+-----------------------------+-----------------------------+--------------------+--------------------+-------------------------------------+-------------------------------------+----------------------------+----------------------------+---------------------------+---------------------------+
; led0_o       ; 2.5 V        ; 0 s                 ; 0 s                 ; 2.32 V                       ; 3.96e-05 V                   ; 2.38 V              ; -0.0306 V           ; 0.23 V                               ; 0.206 V                              ; 4.83e-10 s                  ; 5.01e-10 s                  ; No                         ; Yes                        ; 2.32 V                      ; 3.96e-05 V                  ; 2.38 V             ; -0.0306 V          ; 0.23 V                              ; 0.206 V                             ; 4.83e-10 s                 ; 5.01e-10 s                 ; No                        ; Yes                       ;
; pad_jtag_tdo ; 2.5 V        ; 0 s                 ; 0 s                 ; 2.32 V                       ; 3.96e-05 V                   ; 2.38 V              ; -0.0306 V           ; 0.23 V                               ; 0.206 V                              ; 4.83e-10 s                  ; 5.01e-10 s                  ; No                         ; Yes                        ; 2.32 V                      ; 3.96e-05 V                  ; 2.38 V             ; -0.0306 V          ; 0.23 V                              ; 0.206 V                             ; 4.83e-10 s                 ; 5.01e-10 s                 ; No                        ; Yes                       ;
; pad_uart_rx  ; 2.5 V        ; 0 s                 ; 0 s                 ; 2.32 V                       ; 3.88e-05 V                   ; 2.39 V              ; -0.0374 V           ; 0.189 V                              ; 0.158 V                              ; 4.66e-10 s                  ; 4.67e-10 s                  ; No                         ; Yes                        ; 2.32 V                      ; 3.88e-05 V                  ; 2.39 V             ; -0.0374 V          ; 0.189 V                             ; 0.158 V                             ; 4.66e-10 s                 ; 4.67e-10 s                 ; No                        ; Yes                       ;
; pad_uart_tx  ; 2.5 V        ; 0 s                 ; 0 s                 ; 2.32 V                       ; 3.88e-05 V                   ; 2.39 V              ; -0.0374 V           ; 0.189 V                              ; 0.158 V                              ; 4.66e-10 s                  ; 4.67e-10 s                  ; No                         ; Yes                        ; 2.32 V                      ; 3.88e-05 V                  ; 2.39 V             ; -0.0374 V          ; 0.189 V                             ; 0.158 V                             ; 4.66e-10 s                 ; 4.67e-10 s                 ; No                        ; Yes                       ;
; pad_uart_rts ; 2.5 V        ; 0 s                 ; 0 s                 ; 2.32 V                       ; 3.88e-05 V                   ; 2.39 V              ; -0.0374 V           ; 0.189 V                              ; 0.158 V                              ; 4.66e-10 s                  ; 4.67e-10 s                  ; No                         ; Yes                        ; 2.32 V                      ; 3.88e-05 V                  ; 2.39 V             ; -0.0374 V          ; 0.189 V                             ; 0.158 V                             ; 4.66e-10 s                 ; 4.67e-10 s                 ; No                        ; Yes                       ;
; pad_uart_cts ; 2.5 V        ; 0 s                 ; 0 s                 ; 2.32 V                       ; 3.88e-05 V                   ; 2.39 V              ; -0.037 V            ; 0.188 V                              ; 0.158 V                              ; 4.67e-10 s                  ; 4.67e-10 s                  ; No                         ; Yes                        ; 2.32 V                      ; 3.88e-05 V                  ; 2.39 V             ; -0.037 V           ; 0.188 V                             ; 0.158 V                             ; 4.67e-10 s                 ; 4.67e-10 s                 ; No                        ; Yes                       ;
; led1_o       ; 2.5 V        ; 0 s                 ; 0 s                 ; 2.32 V                       ; 3.49e-05 V                   ; 2.34 V              ; -0.0118 V           ; 0.182 V                              ; 0.051 V                              ; 4.81e-10 s                  ; 4.83e-10 s                  ; Yes                        ; Yes                        ; 2.32 V                      ; 3.49e-05 V                  ; 2.34 V             ; -0.0118 V          ; 0.182 V                             ; 0.051 V                             ; 4.81e-10 s                 ; 4.83e-10 s                 ; Yes                       ; Yes                       ;
; led2_o       ; 2.5 V        ; 0 s                 ; 0 s                 ; 2.32 V                       ; 3.49e-05 V                   ; 2.34 V              ; -0.0118 V           ; 0.182 V                              ; 0.051 V                              ; 4.81e-10 s                  ; 4.83e-10 s                  ; Yes                        ; Yes                        ; 2.32 V                      ; 3.49e-05 V                  ; 2.34 V             ; -0.0118 V          ; 0.182 V                             ; 0.051 V                             ; 4.81e-10 s                 ; 4.83e-10 s                 ; Yes                       ; Yes                       ;
; led3_o       ; 2.5 V        ; 0 s                 ; 0 s                 ; 2.32 V                       ; 3.88e-05 V                   ; 2.39 V              ; -0.0374 V           ; 0.189 V                              ; 0.158 V                              ; 4.66e-10 s                  ; 4.67e-10 s                  ; No                         ; Yes                        ; 2.32 V                      ; 3.88e-05 V                  ; 2.39 V             ; -0.0374 V          ; 0.189 V                             ; 0.158 V                             ; 4.66e-10 s                 ; 4.67e-10 s                 ; No                        ; Yes                       ;
; led4_o       ; 2.5 V        ; 0 s                 ; 0 s                 ; 2.32 V                       ; 3.88e-05 V                   ; 2.39 V              ; -0.0374 V           ; 0.189 V                              ; 0.158 V                              ; 4.66e-10 s                  ; 4.67e-10 s                  ; No                         ; Yes                        ; 2.32 V                      ; 3.88e-05 V                  ; 2.39 V             ; -0.0374 V          ; 0.189 V                             ; 0.158 V                             ; 4.66e-10 s                 ; 4.67e-10 s                 ; No                        ; Yes                       ;
; led5_o       ; 2.5 V        ; 0 s                 ; 0 s                 ; 2.32 V                       ; 3.88e-05 V                   ; 2.39 V              ; -0.0374 V           ; 0.189 V                              ; 0.158 V                              ; 4.66e-10 s                  ; 4.67e-10 s                  ; No                         ; Yes                        ; 2.32 V                      ; 3.88e-05 V                  ; 2.39 V             ; -0.0374 V          ; 0.189 V                             ; 0.158 V                             ; 4.66e-10 s                 ; 4.67e-10 s                 ; No                        ; Yes                       ;
; led6_o       ; 2.5 V        ; 0 s                 ; 0 s                 ; 2.32 V                       ; 3.88e-05 V                   ; 2.39 V              ; -0.037 V            ; 0.188 V                              ; 0.158 V                              ; 4.67e-10 s                  ; 4.67e-10 s                  ; No                         ; Yes                        ; 2.32 V                      ; 3.88e-05 V                  ; 2.39 V             ; -0.037 V           ; 0.188 V                             ; 0.158 V                             ; 4.67e-10 s                 ; 4.67e-10 s                 ; No                        ; Yes                       ;
; led7_o       ; 2.5 V        ; 0 s                 ; 0 s                 ; 2.32 V                       ; 3.49e-05 V                   ; 2.34 V              ; -0.0118 V           ; 0.182 V                              ; 0.051 V                              ; 4.81e-10 s                  ; 4.83e-10 s                  ; Yes                        ; Yes                        ; 2.32 V                      ; 3.49e-05 V                  ; 2.34 V             ; -0.0118 V          ; 0.182 V                             ; 0.051 V                             ; 4.81e-10 s                 ; 4.83e-10 s                 ; Yes                       ; Yes                       ;
; pad_i2c0_sda ; 2.5 V        ; 0 s                 ; 0 s                 ; 2.32 V                       ; 3.96e-05 V                   ; 2.38 V              ; -0.0306 V           ; 0.23 V                               ; 0.206 V                              ; 4.83e-10 s                  ; 5.01e-10 s                  ; No                         ; Yes                        ; 2.32 V                      ; 3.96e-05 V                  ; 2.38 V             ; -0.0306 V          ; 0.23 V                              ; 0.206 V                             ; 4.83e-10 s                 ; 5.01e-10 s                 ; No                        ; Yes                       ;
; pad_i2c0_scl ; 2.5 V        ; 0 s                 ; 0 s                 ; 2.32 V                       ; 3.49e-05 V                   ; 2.34 V              ; -0.0118 V           ; 0.182 V                              ; 0.051 V                              ; 4.81e-10 s                  ; 4.83e-10 s                  ; Yes                        ; Yes                        ; 2.32 V                      ; 3.49e-05 V                  ; 2.34 V             ; -0.0118 V          ; 0.182 V                             ; 0.051 V                             ; 4.81e-10 s                 ; 4.83e-10 s                 ; Yes                       ; Yes                       ;
; pad_i2c1_scl ; 2.5 V        ; 0 s                 ; 0 s                 ; 2.32 V                       ; 3.96e-05 V                   ; 2.38 V              ; -0.0306 V           ; 0.23 V                               ; 0.206 V                              ; 4.83e-10 s                  ; 5.01e-10 s                  ; No                         ; Yes                        ; 2.32 V                      ; 3.96e-05 V                  ; 2.38 V             ; -0.0306 V          ; 0.23 V                              ; 0.206 V                             ; 4.83e-10 s                 ; 5.01e-10 s                 ; No                        ; Yes                       ;
; pad_i2c1_sda ; 2.5 V        ; 0 s                 ; 0 s                 ; 2.32 V                       ; 3.96e-05 V                   ; 2.38 V              ; -0.0306 V           ; 0.23 V                               ; 0.206 V                              ; 4.83e-10 s                  ; 5.01e-10 s                  ; No                         ; Yes                        ; 2.32 V                      ; 3.96e-05 V                  ; 2.38 V             ; -0.0306 V          ; 0.23 V                              ; 0.206 V                             ; 4.83e-10 s                 ; 5.01e-10 s                 ; No                        ; Yes                       ;
; pad_pmod1_4  ; 2.5 V        ; 0 s                 ; 0 s                 ; 2.32 V                       ; 3.88e-05 V                   ; 2.39 V              ; -0.037 V            ; 0.188 V                              ; 0.158 V                              ; 4.67e-10 s                  ; 4.67e-10 s                  ; No                         ; Yes                        ; 2.32 V                      ; 3.88e-05 V                  ; 2.39 V             ; -0.037 V           ; 0.188 V                             ; 0.158 V                             ; 4.67e-10 s                 ; 4.67e-10 s                 ; No                        ; Yes                       ;
; pad_pmod1_5  ; 2.5 V        ; 0 s                 ; 0 s                 ; 2.32 V                       ; 3.88e-05 V                   ; 2.39 V              ; -0.0374 V           ; 0.189 V                              ; 0.158 V                              ; 4.66e-10 s                  ; 4.67e-10 s                  ; No                         ; Yes                        ; 2.32 V                      ; 3.88e-05 V                  ; 2.39 V             ; -0.0374 V          ; 0.189 V                             ; 0.158 V                             ; 4.66e-10 s                 ; 4.67e-10 s                 ; No                        ; Yes                       ;
; pad_pmod1_6  ; 2.5 V        ; 0 s                 ; 0 s                 ; 2.32 V                       ; 3.88e-05 V                   ; 2.39 V              ; -0.037 V            ; 0.188 V                              ; 0.158 V                              ; 4.67e-10 s                  ; 4.67e-10 s                  ; No                         ; Yes                        ; 2.32 V                      ; 3.88e-05 V                  ; 2.39 V             ; -0.037 V           ; 0.188 V                             ; 0.158 V                             ; 4.67e-10 s                 ; 4.67e-10 s                 ; No                        ; Yes                       ;
; pad_pmod1_7  ; 2.5 V        ; 0 s                 ; 0 s                 ; 2.32 V                       ; 3.88e-05 V                   ; 2.39 V              ; -0.037 V            ; 0.188 V                              ; 0.158 V                              ; 4.67e-10 s                  ; 4.67e-10 s                  ; No                         ; Yes                        ; 2.32 V                      ; 3.88e-05 V                  ; 2.39 V             ; -0.037 V           ; 0.188 V                             ; 0.158 V                             ; 4.67e-10 s                 ; 4.67e-10 s                 ; No                        ; Yes                       ;
+--------------+--------------+---------------------+---------------------+------------------------------+------------------------------+---------------------+---------------------+--------------------------------------+--------------------------------------+-----------------------------+-----------------------------+----------------------------+----------------------------+-----------------------------+-----------------------------+--------------------+--------------------+-------------------------------------+-------------------------------------+----------------------------+----------------------------+---------------------------+---------------------------+


+-------------------------------------------------------------------------------------------------------------------------------------------------------------------------------------------------------------------------------------------------------------------------------------------------------------------------------------------------------------------------------------------------------------------------------------------------------------------------------------------------------------------------------------------------------------------------------------------------------------------------------------------------------------------------------------------+
; Signal Integrity Metrics (Fast 1100mv 0c Model)                                                                                                                                                                                                                                                                                                                                                                                                                                                                                                                                                                                                                                           ;
+--------------+--------------+---------------------+---------------------+------------------------------+------------------------------+---------------------+---------------------+--------------------------------------+--------------------------------------+-----------------------------+-----------------------------+----------------------------+----------------------------+-----------------------------+-----------------------------+--------------------+--------------------+-------------------------------------+-------------------------------------+----------------------------+----------------------------+---------------------------+---------------------------+
; Pin          ; I/O Standard ; Board Delay on Rise ; Board Delay on Fall ; Steady State Voh at FPGA Pin ; Steady State Vol at FPGA Pin ; Voh Max at FPGA Pin ; Vol Min at FPGA Pin ; Ringback Voltage on Rise at FPGA Pin ; Ringback Voltage on Fall at FPGA Pin ; 10-90 Rise Time at FPGA Pin ; 90-10 Fall Time at FPGA Pin ; Monotonic Rise at FPGA Pin ; Monotonic Fall at FPGA Pin ; Steady State Voh at Far-end ; Steady State Vol at Far-end ; Voh Max at Far-end ; Vol Min at Far-end ; Ringback Voltage on Rise at Far-end ; Ringback Voltage on Fall at Far-end ; 10-90 Rise Time at Far-end ; 90-10 Fall Time at Far-end ; Monotonic Rise at Far-end ; Monotonic Fall at Far-end ;
+--------------+--------------+---------------------+---------------------+------------------------------+------------------------------+---------------------+---------------------+--------------------------------------+--------------------------------------+-----------------------------+-----------------------------+----------------------------+----------------------------+-----------------------------+-----------------------------+--------------------+--------------------+-------------------------------------+-------------------------------------+----------------------------+----------------------------+---------------------------+---------------------------+
; led0_o       ; 2.5 V        ; 0 s                 ; 0 s                 ; 2.75 V                       ; 4.25e-06 V                   ; 2.9 V               ; -0.107 V            ; 0.378 V                              ; 0.16 V                               ; 2.87e-10 s                  ; 4.28e-10 s                  ; No                         ; No                         ; 2.75 V                      ; 4.25e-06 V                  ; 2.9 V              ; -0.107 V           ; 0.378 V                             ; 0.16 V                              ; 2.87e-10 s                 ; 4.28e-10 s                 ; No                        ; No                        ;
; pad_jtag_tdo ; 2.5 V        ; 0 s                 ; 0 s                 ; 2.75 V                       ; 4.25e-06 V                   ; 2.9 V               ; -0.107 V            ; 0.378 V                              ; 0.16 V                               ; 2.87e-10 s                  ; 4.28e-10 s                  ; No                         ; No                         ; 2.75 V                      ; 4.25e-06 V                  ; 2.9 V              ; -0.107 V           ; 0.378 V                             ; 0.16 V                              ; 2.87e-10 s                 ; 4.28e-10 s                 ; No                        ; No                        ;
; pad_uart_rx  ; 2.5 V        ; 0 s                 ; 0 s                 ; 2.75 V                       ; 4.14e-06 V                   ; 2.91 V              ; -0.119 V            ; 0.326 V                              ; 0.298 V                              ; 2.74e-10 s                  ; 2.8e-10 s                   ; No                         ; No                         ; 2.75 V                      ; 4.14e-06 V                  ; 2.91 V             ; -0.119 V           ; 0.326 V                             ; 0.298 V                             ; 2.74e-10 s                 ; 2.8e-10 s                  ; No                        ; No                        ;
; pad_uart_tx  ; 2.5 V        ; 0 s                 ; 0 s                 ; 2.75 V                       ; 4.14e-06 V                   ; 2.91 V              ; -0.119 V            ; 0.326 V                              ; 0.298 V                              ; 2.74e-10 s                  ; 2.8e-10 s                   ; No                         ; No                         ; 2.75 V                      ; 4.14e-06 V                  ; 2.91 V             ; -0.119 V           ; 0.326 V                             ; 0.298 V                             ; 2.74e-10 s                 ; 2.8e-10 s                  ; No                        ; No                        ;
; pad_uart_rts ; 2.5 V        ; 0 s                 ; 0 s                 ; 2.75 V                       ; 4.14e-06 V                   ; 2.91 V              ; -0.119 V            ; 0.326 V                              ; 0.298 V                              ; 2.74e-10 s                  ; 2.8e-10 s                   ; No                         ; No                         ; 2.75 V                      ; 4.14e-06 V                  ; 2.91 V             ; -0.119 V           ; 0.326 V                             ; 0.298 V                             ; 2.74e-10 s                 ; 2.8e-10 s                  ; No                        ; No                        ;
; pad_uart_cts ; 2.5 V        ; 0 s                 ; 0 s                 ; 2.75 V                       ; 4.14e-06 V                   ; 2.91 V              ; -0.121 V            ; 0.326 V                              ; 0.297 V                              ; 2.74e-10 s                  ; 2.8e-10 s                   ; No                         ; No                         ; 2.75 V                      ; 4.14e-06 V                  ; 2.91 V             ; -0.121 V           ; 0.326 V                             ; 0.297 V                             ; 2.74e-10 s                 ; 2.8e-10 s                  ; No                        ; No                        ;
; led1_o       ; 2.5 V        ; 0 s                 ; 0 s                 ; 2.75 V                       ; 3.54e-06 V                   ; 2.81 V              ; -0.0578 V           ; 0.303 V                              ; 0.28 V                               ; 2.93e-10 s                  ; 3.01e-10 s                  ; No                         ; No                         ; 2.75 V                      ; 3.54e-06 V                  ; 2.81 V             ; -0.0578 V          ; 0.303 V                             ; 0.28 V                              ; 2.93e-10 s                 ; 3.01e-10 s                 ; No                        ; No                        ;
; led2_o       ; 2.5 V        ; 0 s                 ; 0 s                 ; 2.75 V                       ; 3.54e-06 V                   ; 2.81 V              ; -0.0578 V           ; 0.303 V                              ; 0.28 V                               ; 2.93e-10 s                  ; 3.01e-10 s                  ; No                         ; No                         ; 2.75 V                      ; 3.54e-06 V                  ; 2.81 V             ; -0.0578 V          ; 0.303 V                             ; 0.28 V                              ; 2.93e-10 s                 ; 3.01e-10 s                 ; No                        ; No                        ;
; led3_o       ; 2.5 V        ; 0 s                 ; 0 s                 ; 2.75 V                       ; 4.14e-06 V                   ; 2.91 V              ; -0.119 V            ; 0.326 V                              ; 0.298 V                              ; 2.74e-10 s                  ; 2.8e-10 s                   ; No                         ; No                         ; 2.75 V                      ; 4.14e-06 V                  ; 2.91 V             ; -0.119 V           ; 0.326 V                             ; 0.298 V                             ; 2.74e-10 s                 ; 2.8e-10 s                  ; No                        ; No                        ;
; led4_o       ; 2.5 V        ; 0 s                 ; 0 s                 ; 2.75 V                       ; 4.14e-06 V                   ; 2.91 V              ; -0.119 V            ; 0.326 V                              ; 0.298 V                              ; 2.74e-10 s                  ; 2.8e-10 s                   ; No                         ; No                         ; 2.75 V                      ; 4.14e-06 V                  ; 2.91 V             ; -0.119 V           ; 0.326 V                             ; 0.298 V                             ; 2.74e-10 s                 ; 2.8e-10 s                  ; No                        ; No                        ;
; led5_o       ; 2.5 V        ; 0 s                 ; 0 s                 ; 2.75 V                       ; 4.14e-06 V                   ; 2.91 V              ; -0.119 V            ; 0.326 V                              ; 0.298 V                              ; 2.74e-10 s                  ; 2.8e-10 s                   ; No                         ; No                         ; 2.75 V                      ; 4.14e-06 V                  ; 2.91 V             ; -0.119 V           ; 0.326 V                             ; 0.298 V                             ; 2.74e-10 s                 ; 2.8e-10 s                  ; No                        ; No                        ;
; led6_o       ; 2.5 V        ; 0 s                 ; 0 s                 ; 2.75 V                       ; 4.14e-06 V                   ; 2.91 V              ; -0.121 V            ; 0.326 V                              ; 0.297 V                              ; 2.74e-10 s                  ; 2.8e-10 s                   ; No                         ; No                         ; 2.75 V                      ; 4.14e-06 V                  ; 2.91 V             ; -0.121 V           ; 0.326 V                             ; 0.297 V                             ; 2.74e-10 s                 ; 2.8e-10 s                  ; No                        ; No                        ;
; led7_o       ; 2.5 V        ; 0 s                 ; 0 s                 ; 2.75 V                       ; 3.54e-06 V                   ; 2.81 V              ; -0.0578 V           ; 0.303 V                              ; 0.28 V                               ; 2.93e-10 s                  ; 3.01e-10 s                  ; No                         ; No                         ; 2.75 V                      ; 3.54e-06 V                  ; 2.81 V             ; -0.0578 V          ; 0.303 V                             ; 0.28 V                              ; 2.93e-10 s                 ; 3.01e-10 s                 ; No                        ; No                        ;
; pad_i2c0_sda ; 2.5 V        ; 0 s                 ; 0 s                 ; 2.75 V                       ; 4.25e-06 V                   ; 2.9 V               ; -0.107 V            ; 0.378 V                              ; 0.16 V                               ; 2.87e-10 s                  ; 4.28e-10 s                  ; No                         ; No                         ; 2.75 V                      ; 4.25e-06 V                  ; 2.9 V              ; -0.107 V           ; 0.378 V                             ; 0.16 V                              ; 2.87e-10 s                 ; 4.28e-10 s                 ; No                        ; No                        ;
; pad_i2c0_scl ; 2.5 V        ; 0 s                 ; 0 s                 ; 2.75 V                       ; 3.54e-06 V                   ; 2.81 V              ; -0.0578 V           ; 0.303 V                              ; 0.28 V                               ; 2.93e-10 s                  ; 3.01e-10 s                  ; No                         ; No                         ; 2.75 V                      ; 3.54e-06 V                  ; 2.81 V             ; -0.0578 V          ; 0.303 V                             ; 0.28 V                              ; 2.93e-10 s                 ; 3.01e-10 s                 ; No                        ; No                        ;
; pad_i2c1_scl ; 2.5 V        ; 0 s                 ; 0 s                 ; 2.75 V                       ; 4.25e-06 V                   ; 2.9 V               ; -0.107 V            ; 0.378 V                              ; 0.16 V                               ; 2.87e-10 s                  ; 4.28e-10 s                  ; No                         ; No                         ; 2.75 V                      ; 4.25e-06 V                  ; 2.9 V              ; -0.107 V           ; 0.378 V                             ; 0.16 V                              ; 2.87e-10 s                 ; 4.28e-10 s                 ; No                        ; No                        ;
; pad_i2c1_sda ; 2.5 V        ; 0 s                 ; 0 s                 ; 2.75 V                       ; 4.25e-06 V                   ; 2.9 V               ; -0.107 V            ; 0.378 V                              ; 0.16 V                               ; 2.87e-10 s                  ; 4.28e-10 s                  ; No                         ; No                         ; 2.75 V                      ; 4.25e-06 V                  ; 2.9 V              ; -0.107 V           ; 0.378 V                             ; 0.16 V                              ; 2.87e-10 s                 ; 4.28e-10 s                 ; No                        ; No                        ;
; pad_pmod1_4  ; 2.5 V        ; 0 s                 ; 0 s                 ; 2.75 V                       ; 4.14e-06 V                   ; 2.91 V              ; -0.121 V            ; 0.326 V                              ; 0.297 V                              ; 2.74e-10 s                  ; 2.8e-10 s                   ; No                         ; No                         ; 2.75 V                      ; 4.14e-06 V                  ; 2.91 V             ; -0.121 V           ; 0.326 V                             ; 0.297 V                             ; 2.74e-10 s                 ; 2.8e-10 s                  ; No                        ; No                        ;
; pad_pmod1_5  ; 2.5 V        ; 0 s                 ; 0 s                 ; 2.75 V                       ; 4.14e-06 V                   ; 2.91 V              ; -0.119 V            ; 0.326 V                              ; 0.298 V                              ; 2.74e-10 s                  ; 2.8e-10 s                   ; No                         ; No                         ; 2.75 V                      ; 4.14e-06 V                  ; 2.91 V             ; -0.119 V           ; 0.326 V                             ; 0.298 V                             ; 2.74e-10 s                 ; 2.8e-10 s                  ; No                        ; No                        ;
; pad_pmod1_6  ; 2.5 V        ; 0 s                 ; 0 s                 ; 2.75 V                       ; 4.14e-06 V                   ; 2.91 V              ; -0.121 V            ; 0.326 V                              ; 0.297 V                              ; 2.74e-10 s                  ; 2.8e-10 s                   ; No                         ; No                         ; 2.75 V                      ; 4.14e-06 V                  ; 2.91 V             ; -0.121 V           ; 0.326 V                             ; 0.297 V                             ; 2.74e-10 s                 ; 2.8e-10 s                  ; No                        ; No                        ;
; pad_pmod1_7  ; 2.5 V        ; 0 s                 ; 0 s                 ; 2.75 V                       ; 4.14e-06 V                   ; 2.91 V              ; -0.121 V            ; 0.326 V                              ; 0.297 V                              ; 2.74e-10 s                  ; 2.8e-10 s                   ; No                         ; No                         ; 2.75 V                      ; 4.14e-06 V                  ; 2.91 V             ; -0.121 V           ; 0.326 V                             ; 0.297 V                             ; 2.74e-10 s                 ; 2.8e-10 s                  ; No                        ; No                        ;
+--------------+--------------+---------------------+---------------------+------------------------------+------------------------------+---------------------+---------------------+--------------------------------------+--------------------------------------+-----------------------------+-----------------------------+----------------------------+----------------------------+-----------------------------+-----------------------------+--------------------+--------------------+-------------------------------------+-------------------------------------+----------------------------+----------------------------+---------------------------+---------------------------+


+-------------------------------------------------------------------------------------------------------------------------------------------------------------------------------------------------------------------------------------------------------------------------------------------------------------------------------------------------------------------------------------------------------------------------------------------------------------------------------------------------------------------------------------------------------------------------------------------------------------------------------------------------------------------------------------------+
; Signal Integrity Metrics (Fast 1100mv 85c Model)                                                                                                                                                                                                                                                                                                                                                                                                                                                                                                                                                                                                                                          ;
+--------------+--------------+---------------------+---------------------+------------------------------+------------------------------+---------------------+---------------------+--------------------------------------+--------------------------------------+-----------------------------+-----------------------------+----------------------------+----------------------------+-----------------------------+-----------------------------+--------------------+--------------------+-------------------------------------+-------------------------------------+----------------------------+----------------------------+---------------------------+---------------------------+
; Pin          ; I/O Standard ; Board Delay on Rise ; Board Delay on Fall ; Steady State Voh at FPGA Pin ; Steady State Vol at FPGA Pin ; Voh Max at FPGA Pin ; Vol Min at FPGA Pin ; Ringback Voltage on Rise at FPGA Pin ; Ringback Voltage on Fall at FPGA Pin ; 10-90 Rise Time at FPGA Pin ; 90-10 Fall Time at FPGA Pin ; Monotonic Rise at FPGA Pin ; Monotonic Fall at FPGA Pin ; Steady State Voh at Far-end ; Steady State Vol at Far-end ; Voh Max at Far-end ; Vol Min at Far-end ; Ringback Voltage on Rise at Far-end ; Ringback Voltage on Fall at Far-end ; 10-90 Rise Time at Far-end ; 90-10 Fall Time at Far-end ; Monotonic Rise at Far-end ; Monotonic Fall at Far-end ;
+--------------+--------------+---------------------+---------------------+------------------------------+------------------------------+---------------------+---------------------+--------------------------------------+--------------------------------------+-----------------------------+-----------------------------+----------------------------+----------------------------+-----------------------------+-----------------------------+--------------------+--------------------+-------------------------------------+-------------------------------------+----------------------------+----------------------------+---------------------------+---------------------------+
; led0_o       ; 2.5 V        ; 0 s                 ; 0 s                 ; 2.75 V                       ; 0.000247 V                   ; 2.85 V              ; -0.0711 V           ; 0.204 V                              ; 0.181 V                              ; 4.55e-10 s                  ; 4.49e-10 s                  ; No                         ; No                         ; 2.75 V                      ; 0.000247 V                  ; 2.85 V             ; -0.0711 V          ; 0.204 V                             ; 0.181 V                             ; 4.55e-10 s                 ; 4.49e-10 s                 ; No                        ; No                        ;
; pad_jtag_tdo ; 2.5 V        ; 0 s                 ; 0 s                 ; 2.75 V                       ; 0.000247 V                   ; 2.85 V              ; -0.0711 V           ; 0.204 V                              ; 0.181 V                              ; 4.55e-10 s                  ; 4.49e-10 s                  ; No                         ; No                         ; 2.75 V                      ; 0.000247 V                  ; 2.85 V             ; -0.0711 V          ; 0.204 V                             ; 0.181 V                             ; 4.55e-10 s                 ; 4.49e-10 s                 ; No                        ; No                        ;
; pad_uart_rx  ; 2.5 V        ; 0 s                 ; 0 s                 ; 2.75 V                       ; 0.000242 V                   ; 2.86 V              ; -0.0805 V           ; 0.358 V                              ; 0.156 V                              ; 3.01e-10 s                  ; 4.34e-10 s                  ; No                         ; No                         ; 2.75 V                      ; 0.000242 V                  ; 2.86 V             ; -0.0805 V          ; 0.358 V                             ; 0.156 V                             ; 3.01e-10 s                 ; 4.34e-10 s                 ; No                        ; No                        ;
; pad_uart_tx  ; 2.5 V        ; 0 s                 ; 0 s                 ; 2.75 V                       ; 0.000242 V                   ; 2.86 V              ; -0.0805 V           ; 0.358 V                              ; 0.156 V                              ; 3.01e-10 s                  ; 4.34e-10 s                  ; No                         ; No                         ; 2.75 V                      ; 0.000242 V                  ; 2.86 V             ; -0.0805 V          ; 0.358 V                             ; 0.156 V                             ; 3.01e-10 s                 ; 4.34e-10 s                 ; No                        ; No                        ;
; pad_uart_rts ; 2.5 V        ; 0 s                 ; 0 s                 ; 2.75 V                       ; 0.000242 V                   ; 2.86 V              ; -0.0805 V           ; 0.358 V                              ; 0.156 V                              ; 3.01e-10 s                  ; 4.34e-10 s                  ; No                         ; No                         ; 2.75 V                      ; 0.000242 V                  ; 2.86 V             ; -0.0805 V          ; 0.358 V                             ; 0.156 V                             ; 3.01e-10 s                 ; 4.34e-10 s                 ; No                        ; No                        ;
; pad_uart_cts ; 2.5 V        ; 0 s                 ; 0 s                 ; 2.75 V                       ; 0.000242 V                   ; 2.86 V              ; -0.0814 V           ; 0.36 V                               ; 0.156 V                              ; 3e-10 s                     ; 4.34e-10 s                  ; No                         ; No                         ; 2.75 V                      ; 0.000242 V                  ; 2.86 V             ; -0.0814 V          ; 0.36 V                              ; 0.156 V                             ; 3e-10 s                    ; 4.34e-10 s                 ; No                        ; No                        ;
; led1_o       ; 2.5 V        ; 0 s                 ; 0 s                 ; 2.75 V                       ; 0.000213 V                   ; 2.79 V              ; -0.0324 V           ; 0.139 V                              ; 0.119 V                              ; 4.42e-10 s                  ; 4.33e-10 s                  ; No                         ; Yes                        ; 2.75 V                      ; 0.000213 V                  ; 2.79 V             ; -0.0324 V          ; 0.139 V                             ; 0.119 V                             ; 4.42e-10 s                 ; 4.33e-10 s                 ; No                        ; Yes                       ;
; led2_o       ; 2.5 V        ; 0 s                 ; 0 s                 ; 2.75 V                       ; 0.000213 V                   ; 2.79 V              ; -0.0324 V           ; 0.139 V                              ; 0.119 V                              ; 4.42e-10 s                  ; 4.33e-10 s                  ; No                         ; Yes                        ; 2.75 V                      ; 0.000213 V                  ; 2.79 V             ; -0.0324 V          ; 0.139 V                             ; 0.119 V                             ; 4.42e-10 s                 ; 4.33e-10 s                 ; No                        ; Yes                       ;
; led3_o       ; 2.5 V        ; 0 s                 ; 0 s                 ; 2.75 V                       ; 0.000242 V                   ; 2.86 V              ; -0.0805 V           ; 0.358 V                              ; 0.156 V                              ; 3.01e-10 s                  ; 4.34e-10 s                  ; No                         ; No                         ; 2.75 V                      ; 0.000242 V                  ; 2.86 V             ; -0.0805 V          ; 0.358 V                             ; 0.156 V                             ; 3.01e-10 s                 ; 4.34e-10 s                 ; No                        ; No                        ;
; led4_o       ; 2.5 V        ; 0 s                 ; 0 s                 ; 2.75 V                       ; 0.000242 V                   ; 2.86 V              ; -0.0805 V           ; 0.358 V                              ; 0.156 V                              ; 3.01e-10 s                  ; 4.34e-10 s                  ; No                         ; No                         ; 2.75 V                      ; 0.000242 V                  ; 2.86 V             ; -0.0805 V          ; 0.358 V                             ; 0.156 V                             ; 3.01e-10 s                 ; 4.34e-10 s                 ; No                        ; No                        ;
; led5_o       ; 2.5 V        ; 0 s                 ; 0 s                 ; 2.75 V                       ; 0.000242 V                   ; 2.86 V              ; -0.0805 V           ; 0.358 V                              ; 0.156 V                              ; 3.01e-10 s                  ; 4.34e-10 s                  ; No                         ; No                         ; 2.75 V                      ; 0.000242 V                  ; 2.86 V             ; -0.0805 V          ; 0.358 V                             ; 0.156 V                             ; 3.01e-10 s                 ; 4.34e-10 s                 ; No                        ; No                        ;
; led6_o       ; 2.5 V        ; 0 s                 ; 0 s                 ; 2.75 V                       ; 0.000242 V                   ; 2.86 V              ; -0.0814 V           ; 0.36 V                               ; 0.156 V                              ; 3e-10 s                     ; 4.34e-10 s                  ; No                         ; No                         ; 2.75 V                      ; 0.000242 V                  ; 2.86 V             ; -0.0814 V          ; 0.36 V                              ; 0.156 V                             ; 3e-10 s                    ; 4.34e-10 s                 ; No                        ; No                        ;
; led7_o       ; 2.5 V        ; 0 s                 ; 0 s                 ; 2.75 V                       ; 0.000213 V                   ; 2.79 V              ; -0.0324 V           ; 0.139 V                              ; 0.119 V                              ; 4.42e-10 s                  ; 4.33e-10 s                  ; No                         ; Yes                        ; 2.75 V                      ; 0.000213 V                  ; 2.79 V             ; -0.0324 V          ; 0.139 V                             ; 0.119 V                             ; 4.42e-10 s                 ; 4.33e-10 s                 ; No                        ; Yes                       ;
; pad_i2c0_sda ; 2.5 V        ; 0 s                 ; 0 s                 ; 2.75 V                       ; 0.000247 V                   ; 2.85 V              ; -0.0711 V           ; 0.204 V                              ; 0.181 V                              ; 4.55e-10 s                  ; 4.49e-10 s                  ; No                         ; No                         ; 2.75 V                      ; 0.000247 V                  ; 2.85 V             ; -0.0711 V          ; 0.204 V                             ; 0.181 V                             ; 4.55e-10 s                 ; 4.49e-10 s                 ; No                        ; No                        ;
; pad_i2c0_scl ; 2.5 V        ; 0 s                 ; 0 s                 ; 2.75 V                       ; 0.000213 V                   ; 2.79 V              ; -0.0324 V           ; 0.139 V                              ; 0.119 V                              ; 4.42e-10 s                  ; 4.33e-10 s                  ; No                         ; Yes                        ; 2.75 V                      ; 0.000213 V                  ; 2.79 V             ; -0.0324 V          ; 0.139 V                             ; 0.119 V                             ; 4.42e-10 s                 ; 4.33e-10 s                 ; No                        ; Yes                       ;
; pad_i2c1_scl ; 2.5 V        ; 0 s                 ; 0 s                 ; 2.75 V                       ; 0.000247 V                   ; 2.85 V              ; -0.0711 V           ; 0.204 V                              ; 0.181 V                              ; 4.55e-10 s                  ; 4.49e-10 s                  ; No                         ; No                         ; 2.75 V                      ; 0.000247 V                  ; 2.85 V             ; -0.0711 V          ; 0.204 V                             ; 0.181 V                             ; 4.55e-10 s                 ; 4.49e-10 s                 ; No                        ; No                        ;
; pad_i2c1_sda ; 2.5 V        ; 0 s                 ; 0 s                 ; 2.75 V                       ; 0.000247 V                   ; 2.85 V              ; -0.0711 V           ; 0.204 V                              ; 0.181 V                              ; 4.55e-10 s                  ; 4.49e-10 s                  ; No                         ; No                         ; 2.75 V                      ; 0.000247 V                  ; 2.85 V             ; -0.0711 V          ; 0.204 V                             ; 0.181 V                             ; 4.55e-10 s                 ; 4.49e-10 s                 ; No                        ; No                        ;
; pad_pmod1_4  ; 2.5 V        ; 0 s                 ; 0 s                 ; 2.75 V                       ; 0.000242 V                   ; 2.86 V              ; -0.0814 V           ; 0.36 V                               ; 0.156 V                              ; 3e-10 s                     ; 4.34e-10 s                  ; No                         ; No                         ; 2.75 V                      ; 0.000242 V                  ; 2.86 V             ; -0.0814 V          ; 0.36 V                              ; 0.156 V                             ; 3e-10 s                    ; 4.34e-10 s                 ; No                        ; No                        ;
; pad_pmod1_5  ; 2.5 V        ; 0 s                 ; 0 s                 ; 2.75 V                       ; 0.000242 V                   ; 2.86 V              ; -0.0805 V           ; 0.358 V                              ; 0.156 V                              ; 3.01e-10 s                  ; 4.34e-10 s                  ; No                         ; No                         ; 2.75 V                      ; 0.000242 V                  ; 2.86 V             ; -0.0805 V          ; 0.358 V                             ; 0.156 V                             ; 3.01e-10 s                 ; 4.34e-10 s                 ; No                        ; No                        ;
; pad_pmod1_6  ; 2.5 V        ; 0 s                 ; 0 s                 ; 2.75 V                       ; 0.000242 V                   ; 2.86 V              ; -0.0814 V           ; 0.36 V                               ; 0.156 V                              ; 3e-10 s                     ; 4.34e-10 s                  ; No                         ; No                         ; 2.75 V                      ; 0.000242 V                  ; 2.86 V             ; -0.0814 V          ; 0.36 V                              ; 0.156 V                             ; 3e-10 s                    ; 4.34e-10 s                 ; No                        ; No                        ;
; pad_pmod1_7  ; 2.5 V        ; 0 s                 ; 0 s                 ; 2.75 V                       ; 0.000242 V                   ; 2.86 V              ; -0.0814 V           ; 0.36 V                               ; 0.156 V                              ; 3e-10 s                     ; 4.34e-10 s                  ; No                         ; No                         ; 2.75 V                      ; 0.000242 V                  ; 2.86 V             ; -0.0814 V          ; 0.36 V                              ; 0.156 V                             ; 3e-10 s                    ; 4.34e-10 s                 ; No                        ; No                        ;
+--------------+--------------+---------------------+---------------------+------------------------------+------------------------------+---------------------+---------------------+--------------------------------------+--------------------------------------+-----------------------------+-----------------------------+----------------------------+----------------------------+-----------------------------+-----------------------------+--------------------+--------------------+-------------------------------------+-------------------------------------+----------------------------+----------------------------+---------------------------+---------------------------+


+------------------------------------------------------------------------+
; Setup Transfers                                                        ;
+------------+-----------+--------------+----------+----------+----------+
; From Clock ; To Clock  ; RR Paths     ; FR Paths ; RF Paths ; FF Paths ;
+------------+-----------+--------------+----------+----------+----------+
; ref_clk_i  ; ref_clk_i ; > 2147483647 ; 2149     ; 26208    ; 5        ;
+------------+-----------+--------------+----------+----------+----------+
Entries labeled "false path" only account for clock-to-clock false paths and not path-based false paths. As a result, actual path counts may be lower than reported.


+------------------------------------------------------------------------+
; Hold Transfers                                                         ;
+------------+-----------+--------------+----------+----------+----------+
; From Clock ; To Clock  ; RR Paths     ; FR Paths ; RF Paths ; FF Paths ;
+------------+-----------+--------------+----------+----------+----------+
; ref_clk_i  ; ref_clk_i ; > 2147483647 ; 2149     ; 26208    ; 5        ;
+------------+-----------+--------------+----------+----------+----------+
Entries labeled "false path" only account for clock-to-clock false paths and not path-based false paths. As a result, actual path counts may be lower than reported.


+--------------------------------------------------------------------+
; Recovery Transfers                                                 ;
+------------+-----------+----------+----------+----------+----------+
; From Clock ; To Clock  ; RR Paths ; FR Paths ; RF Paths ; FF Paths ;
+------------+-----------+----------+----------+----------+----------+
; ref_clk_i  ; ref_clk_i ; 3397     ; 0        ; 10       ; 0        ;
+------------+-----------+----------+----------+----------+----------+
Entries labeled "false path" only account for clock-to-clock false paths and not path-based false paths. As a result, actual path counts may be lower than reported.


+--------------------------------------------------------------------+
; Removal Transfers                                                  ;
+------------+-----------+----------+----------+----------+----------+
; From Clock ; To Clock  ; RR Paths ; FR Paths ; RF Paths ; FF Paths ;
+------------+-----------+----------+----------+----------+----------+
; ref_clk_i  ; ref_clk_i ; 3397     ; 0        ; 10       ; 0        ;
+------------+-----------+----------+----------+----------+----------+
Entries labeled "false path" only account for clock-to-clock false paths and not path-based false paths. As a result, actual path counts may be lower than reported.


---------------
; Report TCCS ;
---------------
No dedicated SERDES Transmitter circuitry present in device or used in design


---------------
; Report RSKM ;
---------------
No non-DPA dedicated SERDES Receiver circuitry present in device or used in design


+------------------------------------------------+
; Unconstrained Paths Summary                    ;
+---------------------------------+-------+------+
; Property                        ; Setup ; Hold ;
+---------------------------------+-------+------+
; Illegal Clocks                  ; 0     ; 0    ;
; Unconstrained Clocks            ; 2     ; 2    ;
; Unconstrained Input Ports       ; 13    ; 13   ;
; Unconstrained Input Port Paths  ; 185   ; 185  ;
; Unconstrained Output Ports      ; 13    ; 13   ;
; Unconstrained Output Port Paths ; 89    ; 89   ;
+---------------------------------+-------+------+


+-------------------------------------------------+
; Clock Status Summary                            ;
+--------------+-----------+------+---------------+
; Target       ; Clock     ; Type ; Status        ;
+--------------+-----------+------+---------------+
; pad_jtag_tck ;           ; Base ; Unconstrained ;
; pad_pmod1_4  ;           ; Base ; Unconstrained ;
; ref_clk_i    ; ref_clk_i ; Base ; Constrained   ;
+--------------+-----------+------+---------------+


+-----------------------------------------------------------------------------------------------------+
; Unconstrained Input Ports                                                                           ;
+--------------+--------------------------------------------------------------------------------------+
; Input Port   ; Comment                                                                              ;
+--------------+--------------------------------------------------------------------------------------+
; led4_o       ; No input delay, min/max delays, false-path exceptions, or max skew assignments found ;
; led5_o       ; No input delay, min/max delays, false-path exceptions, or max skew assignments found ;
; led6_o       ; No input delay, min/max delays, false-path exceptions, or max skew assignments found ;
; led7_o       ; No input delay, min/max delays, false-path exceptions, or max skew assignments found ;
; pad_i2c0_scl ; No input delay, min/max delays, false-path exceptions, or max skew assignments found ;
; pad_i2c0_sda ; No input delay, min/max delays, false-path exceptions, or max skew assignments found ;
; pad_i2c1_sda ; No input delay, min/max delays, false-path exceptions, or max skew assignments found ;
; pad_jtag_tms ; No input delay, min/max delays, false-path exceptions, or max skew assignments found ;
; pad_pmod1_4  ; No input delay, min/max delays, false-path exceptions, or max skew assignments found ;
; pad_reset    ; No input delay, min/max delays, false-path exceptions, or max skew assignments found ;
; ref_clk_i    ; No input delay, min/max delays, false-path exceptions, or max skew assignments found ;
; switch0_i    ; No input delay, min/max delays, false-path exceptions, or max skew assignments found ;
; switch4_i    ; No input delay, min/max delays, false-path exceptions, or max skew assignments found ;
+--------------+--------------------------------------------------------------------------------------+


+------------------------------------------------------------------------------------------------------+
; Unconstrained Output Ports                                                                           ;
+--------------+---------------------------------------------------------------------------------------+
; Output Port  ; Comment                                                                               ;
+--------------+---------------------------------------------------------------------------------------+
; led0_o       ; No output delay, min/max delays, false-path exceptions, or max skew assignments found ;
; led4_o       ; No output delay, min/max delays, false-path exceptions, or max skew assignments found ;
; led5_o       ; No output delay, min/max delays, false-path exceptions, or max skew assignments found ;
; led6_o       ; No output delay, min/max delays, false-path exceptions, or max skew assignments found ;
; led7_o       ; No output delay, min/max delays, false-path exceptions, or max skew assignments found ;
; pad_i2c0_scl ; No output delay, min/max delays, false-path exceptions, or max skew assignments found ;
; pad_i2c0_sda ; No output delay, min/max delays, false-path exceptions, or max skew assignments found ;
; pad_i2c1_scl ; No output delay, min/max delays, false-path exceptions, or max skew assignments found ;
; pad_i2c1_sda ; No output delay, min/max delays, false-path exceptions, or max skew assignments found ;
; pad_jtag_tdo ; No output delay, min/max delays, false-path exceptions, or max skew assignments found ;
; pad_pmod1_5  ; No output delay, min/max delays, false-path exceptions, or max skew assignments found ;
; pad_uart_cts ; No output delay, min/max delays, false-path exceptions, or max skew assignments found ;
; pad_uart_rts ; No output delay, min/max delays, false-path exceptions, or max skew assignments found ;
+--------------+---------------------------------------------------------------------------------------+


+-----------------------------------------------------------------------------------------------------+
; Unconstrained Input Ports                                                                           ;
+--------------+--------------------------------------------------------------------------------------+
; Input Port   ; Comment                                                                              ;
+--------------+--------------------------------------------------------------------------------------+
; led4_o       ; No input delay, min/max delays, false-path exceptions, or max skew assignments found ;
; led5_o       ; No input delay, min/max delays, false-path exceptions, or max skew assignments found ;
; led6_o       ; No input delay, min/max delays, false-path exceptions, or max skew assignments found ;
; led7_o       ; No input delay, min/max delays, false-path exceptions, or max skew assignments found ;
; pad_i2c0_scl ; No input delay, min/max delays, false-path exceptions, or max skew assignments found ;
; pad_i2c0_sda ; No input delay, min/max delays, false-path exceptions, or max skew assignments found ;
; pad_i2c1_sda ; No input delay, min/max delays, false-path exceptions, or max skew assignments found ;
; pad_jtag_tms ; No input delay, min/max delays, false-path exceptions, or max skew assignments found ;
; pad_pmod1_4  ; No input delay, min/max delays, false-path exceptions, or max skew assignments found ;
; pad_reset    ; No input delay, min/max delays, false-path exceptions, or max skew assignments found ;
; ref_clk_i    ; No input delay, min/max delays, false-path exceptions, or max skew assignments found ;
; switch0_i    ; No input delay, min/max delays, false-path exceptions, or max skew assignments found ;
; switch4_i    ; No input delay, min/max delays, false-path exceptions, or max skew assignments found ;
+--------------+--------------------------------------------------------------------------------------+


+------------------------------------------------------------------------------------------------------+
; Unconstrained Output Ports                                                                           ;
+--------------+---------------------------------------------------------------------------------------+
; Output Port  ; Comment                                                                               ;
+--------------+---------------------------------------------------------------------------------------+
; led0_o       ; No output delay, min/max delays, false-path exceptions, or max skew assignments found ;
; led4_o       ; No output delay, min/max delays, false-path exceptions, or max skew assignments found ;
; led5_o       ; No output delay, min/max delays, false-path exceptions, or max skew assignments found ;
; led6_o       ; No output delay, min/max delays, false-path exceptions, or max skew assignments found ;
; led7_o       ; No output delay, min/max delays, false-path exceptions, or max skew assignments found ;
; pad_i2c0_scl ; No output delay, min/max delays, false-path exceptions, or max skew assignments found ;
; pad_i2c0_sda ; No output delay, min/max delays, false-path exceptions, or max skew assignments found ;
; pad_i2c1_scl ; No output delay, min/max delays, false-path exceptions, or max skew assignments found ;
; pad_i2c1_sda ; No output delay, min/max delays, false-path exceptions, or max skew assignments found ;
; pad_jtag_tdo ; No output delay, min/max delays, false-path exceptions, or max skew assignments found ;
; pad_pmod1_5  ; No output delay, min/max delays, false-path exceptions, or max skew assignments found ;
; pad_uart_cts ; No output delay, min/max delays, false-path exceptions, or max skew assignments found ;
; pad_uart_rts ; No output delay, min/max delays, false-path exceptions, or max skew assignments found ;
+--------------+---------------------------------------------------------------------------------------+


+--------------------------+
; Timing Analyzer Messages ;
+--------------------------+
Info: *******************************************************************
Info: Running Quartus Prime Timing Analyzer
    Info: Version 22.1std.2 Build 922 07/20/2023 SC Lite Edition
    Info: Processing started: Fri Jul  4 18:19:05 2025
Info: Command: quartus_sta xilinx_pulpissimo -c xilinx_pulpissimo
Info: qsta_default_script.tcl version: #1
Warning (18236): Number of processors has not been specified which may cause overloading on shared machines.  Set the global assignment NUM_PARALLEL_PROCESSORS in your QSF to an appropriate value for best performance.
Info (20030): Parallel compilation is enabled and will use 2 of the 2 processors detected
Info (21077): Low junction temperature is 0 degrees C
Info (21077): High junction temperature is 85 degrees C
Warning (335093): The Timing Analyzer is analyzing 3 combinational loops as latches. For more details, run the Check Timing command in the Timing Analyzer or view the "User-Specified and Inferred Latches" table in the Analysis & Synthesis report.
Info (332104): Reading SDC File: 'DE10_Standard.SDC'
Warning (332174): Ignored filter at DE10_Standard.SDC(9): CLOCK2_50 could not be matched with a port File: /home/victor/pulp_shared_vm/pulp_box/pulpissimo/fpga/quartus22/DE10_Standard.SDC Line: 9
Warning (332049): Ignored create_clock at DE10_Standard.SDC(9): Argument <targets> is an empty collection File: /home/victor/pulp_shared_vm/pulp_box/pulpissimo/fpga/quartus22/DE10_Standard.SDC Line: 9
    Info (332050): create_clock -period "50.000000 MHz" [get_ports CLOCK2_50] File: /home/victor/pulp_shared_vm/pulp_box/pulpissimo/fpga/quartus22/DE10_Standard.SDC Line: 9
Warning (332174): Ignored filter at DE10_Standard.SDC(10): CLOCK3_50 could not be matched with a port File: /home/victor/pulp_shared_vm/pulp_box/pulpissimo/fpga/quartus22/DE10_Standard.SDC Line: 10
Warning (332049): Ignored create_clock at DE10_Standard.SDC(10): Argument <targets> is an empty collection File: /home/victor/pulp_shared_vm/pulp_box/pulpissimo/fpga/quartus22/DE10_Standard.SDC Line: 10
    Info (332050): create_clock -period "50.000000 MHz" [get_ports CLOCK3_50] File: /home/victor/pulp_shared_vm/pulp_box/pulpissimo/fpga/quartus22/DE10_Standard.SDC Line: 10
Warning (332174): Ignored filter at DE10_Standard.SDC(11): CLOCK4_50 could not be matched with a port File: /home/victor/pulp_shared_vm/pulp_box/pulpissimo/fpga/quartus22/DE10_Standard.SDC Line: 11
Warning (332049): Ignored create_clock at DE10_Standard.SDC(11): Argument <targets> is an empty collection File: /home/victor/pulp_shared_vm/pulp_box/pulpissimo/fpga/quartus22/DE10_Standard.SDC Line: 11
    Info (332050): create_clock -period "50.000000 MHz" [get_ports CLOCK4_50] File: /home/victor/pulp_shared_vm/pulp_box/pulpissimo/fpga/quartus22/DE10_Standard.SDC Line: 11
Warning (332174): Ignored filter at DE10_Standard.SDC(15): altera_reserved_tck could not be matched with a port or pin or register or keeper or net or combinational node or node File: /home/victor/pulp_shared_vm/pulp_box/pulpissimo/fpga/quartus22/DE10_Standard.SDC Line: 15
Warning (332049): Ignored create_clock at DE10_Standard.SDC(15): Argument <targets> is not an object ID File: /home/victor/pulp_shared_vm/pulp_box/pulpissimo/fpga/quartus22/DE10_Standard.SDC Line: 15
    Info (332050): create_clock -name {altera_reserved_tck} -period 40 {altera_reserved_tck} File: /home/victor/pulp_shared_vm/pulp_box/pulpissimo/fpga/quartus22/DE10_Standard.SDC Line: 15
Warning (332174): Ignored filter at DE10_Standard.SDC(16): altera_reserved_tdi could not be matched with a port File: /home/victor/pulp_shared_vm/pulp_box/pulpissimo/fpga/quartus22/DE10_Standard.SDC Line: 16
Warning (332174): Ignored filter at DE10_Standard.SDC(16): altera_reserved_tck could not be matched with a clock File: /home/victor/pulp_shared_vm/pulp_box/pulpissimo/fpga/quartus22/DE10_Standard.SDC Line: 16
Warning (332049): Ignored set_input_delay at DE10_Standard.SDC(16): Argument <targets> is an empty collection File: /home/victor/pulp_shared_vm/pulp_box/pulpissimo/fpga/quartus22/DE10_Standard.SDC Line: 16
    Info (332050): set_input_delay -clock altera_reserved_tck -clock_fall 3 [get_ports altera_reserved_tdi] File: /home/victor/pulp_shared_vm/pulp_box/pulpissimo/fpga/quartus22/DE10_Standard.SDC Line: 16
Warning (332049): Ignored set_input_delay at DE10_Standard.SDC(16): Argument -clock is not an object ID File: /home/victor/pulp_shared_vm/pulp_box/pulpissimo/fpga/quartus22/DE10_Standard.SDC Line: 16
Warning (332174): Ignored filter at DE10_Standard.SDC(17): altera_reserved_tms could not be matched with a port File: /home/victor/pulp_shared_vm/pulp_box/pulpissimo/fpga/quartus22/DE10_Standard.SDC Line: 17
Warning (332049): Ignored set_input_delay at DE10_Standard.SDC(17): Argument <targets> is an empty collection File: /home/victor/pulp_shared_vm/pulp_box/pulpissimo/fpga/quartus22/DE10_Standard.SDC Line: 17
    Info (332050): set_input_delay -clock altera_reserved_tck -clock_fall 3 [get_ports altera_reserved_tms] File: /home/victor/pulp_shared_vm/pulp_box/pulpissimo/fpga/quartus22/DE10_Standard.SDC Line: 17
Warning (332049): Ignored set_input_delay at DE10_Standard.SDC(17): Argument -clock is not an object ID File: /home/victor/pulp_shared_vm/pulp_box/pulpissimo/fpga/quartus22/DE10_Standard.SDC Line: 17
Warning (332174): Ignored filter at DE10_Standard.SDC(18): altera_reserved_tdo could not be matched with a port File: /home/victor/pulp_shared_vm/pulp_box/pulpissimo/fpga/quartus22/DE10_Standard.SDC Line: 18
Warning (332049): Ignored set_output_delay at DE10_Standard.SDC(18): Argument <targets> is an empty collection File: /home/victor/pulp_shared_vm/pulp_box/pulpissimo/fpga/quartus22/DE10_Standard.SDC Line: 18
    Info (332050): set_output_delay -clock altera_reserved_tck 3 [get_ports altera_reserved_tdo] File: /home/victor/pulp_shared_vm/pulp_box/pulpissimo/fpga/quartus22/DE10_Standard.SDC Line: 18
Warning (332049): Ignored set_output_delay at DE10_Standard.SDC(18): Argument -clock is not an object ID File: /home/victor/pulp_shared_vm/pulp_box/pulpissimo/fpga/quartus22/DE10_Standard.SDC Line: 18
Info (332151): Clock uncertainty is not calculated until you update the timing netlist.
Warning (332125): Found combinational loop of 2 nodes File: /home/victor/pulp_shared_vm/pulp_box/pulpissimo/fpga/quartus22/synplify_xilinx_pulpissimo_work/xilinx_pulpissimo.vqm Line: 584203
    Warning (332126): Node "i_pulpissimo|soc_domain_i|pulp_soc_i|soc_peripherals_i|i_udma|i_i2s_udma|i_clkws_gen|i_master_cg|clk_en|combout"
    Warning (332126): Node "i_pulpissimo|soc_domain_i|pulp_soc_i|soc_peripherals_i|i_udma|i_i2s_udma|i_clkws_gen|i_master_cg|clk_en|dataa"
Warning (332125): Found combinational loop of 2 nodes File: /home/victor/pulp_shared_vm/pulp_box/pulpissimo/fpga/quartus22/synplify_xilinx_pulpissimo_work/xilinx_pulpissimo.vqm Line: 485035
    Warning (332126): Node "i_pulpissimo|soc_domain_i|pulp_soc_i|soc_peripherals_i|i_udma|i_udmacore|genblk1_0__i_clk_gate_per|i_clk_gate|clk_en_Z|combout"
    Warning (332126): Node "i_pulpissimo|soc_domain_i|pulp_soc_i|soc_peripherals_i|i_udma|i_udmacore|genblk1_0__i_clk_gate_per|i_clk_gate|clk_en_Z|datac"
Warning (332125): Found combinational loop of 2 nodes File: /home/victor/pulp_shared_vm/pulp_box/pulpissimo/fpga/quartus22/synplify_xilinx_pulpissimo_work/xilinx_pulpissimo.vqm Line: 485905
    Warning (332126): Node "i_pulpissimo|soc_domain_i|pulp_soc_i|soc_peripherals_i|i_udma|i_udmacore|genblk1_6__i_clk_gate_sys|clk_en|combout"
    Warning (332126): Node "i_pulpissimo|soc_domain_i|pulp_soc_i|soc_peripherals_i|i_udma|i_udmacore|genblk1_6__i_clk_gate_sys|clk_en|datad"
Warning (332125): Found combinational loop of 2 nodes File: /home/victor/pulp_shared_vm/pulp_box/pulpissimo/fpga/quartus22/synplify_xilinx_pulpissimo_work/xilinx_pulpissimo.vqm Line: 485396
    Warning (332126): Node "i_pulpissimo|soc_domain_i|pulp_soc_i|soc_peripherals_i|i_udma|i_udmacore|genblk1_3__i_clk_gate_per|i_clk_gate|clk_en_Z|combout"
    Warning (332126): Node "i_pulpissimo|soc_domain_i|pulp_soc_i|soc_peripherals_i|i_udma|i_udmacore|genblk1_3__i_clk_gate_per|i_clk_gate|clk_en_Z|datac"
Warning (332125): Found combinational loop of 2 nodes File: /home/victor/pulp_shared_vm/pulp_box/pulpissimo/fpga/quartus22/synplify_xilinx_pulpissimo_work/xilinx_pulpissimo.vqm Line: 485150
    Warning (332126): Node "i_pulpissimo|soc_domain_i|pulp_soc_i|soc_peripherals_i|i_udma|i_udmacore|genblk1_2__i_clk_gate_per|i_clk_gate|clk_en_Z|combout"
    Warning (332126): Node "i_pulpissimo|soc_domain_i|pulp_soc_i|soc_peripherals_i|i_udma|i_udmacore|genblk1_2__i_clk_gate_per|i_clk_gate|clk_en_Z|dataf"
Warning (332125): Found combinational loop of 2 nodes File: /home/victor/pulp_shared_vm/pulp_box/pulpissimo/fpga/quartus22/synplify_xilinx_pulpissimo_work/xilinx_pulpissimo.vqm Line: 584060
    Warning (332126): Node "i_pulpissimo|soc_domain_i|pulp_soc_i|soc_peripherals_i|i_udma|i_i2s_udma|i_clkws_gen|i_slave_cg|clk_en|combout"
    Warning (332126): Node "i_pulpissimo|soc_domain_i|pulp_soc_i|soc_peripherals_i|i_udma|i_i2s_udma|i_clkws_gen|i_slave_cg|clk_en|datac"
Warning (332125): Found combinational loop of 2 nodes File: /home/victor/pulp_shared_vm/pulp_box/pulpissimo/fpga/quartus22/synplify_xilinx_pulpissimo_work/xilinx_pulpissimo.vqm Line: 485624
    Warning (332126): Node "i_pulpissimo|soc_domain_i|pulp_soc_i|soc_peripherals_i|i_udma|i_udmacore|genblk1_2__i_clk_gate_sys|clk_en|combout"
    Warning (332126): Node "i_pulpissimo|soc_domain_i|pulp_soc_i|soc_peripherals_i|i_udma|i_udmacore|genblk1_2__i_clk_gate_sys|clk_en|datac"
Warning (332125): Found combinational loop of 2 nodes File: /home/victor/pulp_shared_vm/pulp_box/pulpissimo/fpga/quartus22/synplify_xilinx_pulpissimo_work/xilinx_pulpissimo.vqm Line: 485719
    Warning (332126): Node "i_pulpissimo|soc_domain_i|pulp_soc_i|soc_peripherals_i|i_udma|i_udmacore|genblk1_3__i_clk_gate_sys|clk_en|combout"
    Warning (332126): Node "i_pulpissimo|soc_domain_i|pulp_soc_i|soc_peripherals_i|i_udma|i_udmacore|genblk1_3__i_clk_gate_sys|clk_en|datae"
Warning (332125): Found combinational loop of 2 nodes File: /home/victor/pulp_shared_vm/pulp_box/pulpissimo/fpga/quartus22/synplify_xilinx_pulpissimo_work/xilinx_pulpissimo.vqm Line: 485831
    Warning (332126): Node "i_pulpissimo|soc_domain_i|pulp_soc_i|soc_peripherals_i|i_udma|i_udmacore|genblk1_7__i_clk_gate_sys|clk_en|combout"
    Warning (332126): Node "i_pulpissimo|soc_domain_i|pulp_soc_i|soc_peripherals_i|i_udma|i_udmacore|genblk1_7__i_clk_gate_sys|clk_en|datac"
Warning (332125): Found combinational loop of 2 nodes File: /home/victor/pulp_shared_vm/pulp_box/pulpissimo/fpga/quartus22/synplify_xilinx_pulpissimo_work/xilinx_pulpissimo.vqm Line: 485868
    Warning (332126): Node "i_pulpissimo|soc_domain_i|pulp_soc_i|soc_peripherals_i|i_udma|i_udmacore|genblk1_0__i_clk_gate_sys|clk_en|combout"
    Warning (332126): Node "i_pulpissimo|soc_domain_i|pulp_soc_i|soc_peripherals_i|i_udma|i_udmacore|genblk1_0__i_clk_gate_sys|clk_en|datac"
Warning (332125): Found combinational loop of 2 nodes File: /home/victor/pulp_shared_vm/pulp_box/pulpissimo/fpga/quartus22/synplify_xilinx_pulpissimo_work/xilinx_pulpissimo.vqm Line: 485942
    Warning (332126): Node "i_pulpissimo|soc_domain_i|pulp_soc_i|soc_peripherals_i|i_udma|i_udmacore|genblk1_5__i_clk_gate_sys|clk_en|combout"
    Warning (332126): Node "i_pulpissimo|soc_domain_i|pulp_soc_i|soc_peripherals_i|i_udma|i_udmacore|genblk1_5__i_clk_gate_sys|clk_en|datac"
Warning (332125): Found combinational loop of 2 nodes File: /home/victor/pulp_shared_vm/pulp_box/pulpissimo/fpga/quartus22/synplify_xilinx_pulpissimo_work/xilinx_pulpissimo.vqm Line: 485777
    Warning (332126): Node "i_pulpissimo|soc_domain_i|pulp_soc_i|soc_peripherals_i|i_udma|i_udmacore|genblk1_1__i_clk_gate_sys|clk_en|combout"
    Warning (332126): Node "i_pulpissimo|soc_domain_i|pulp_soc_i|soc_peripherals_i|i_udma|i_udmacore|genblk1_1__i_clk_gate_sys|clk_en|datae"
Warning (332125): Found combinational loop of 2 nodes File: /home/victor/pulp_shared_vm/pulp_box/pulpissimo/fpga/quartus22/synplify_xilinx_pulpissimo_work/xilinx_pulpissimo.vqm Line: 529890
    Warning (332126): Node "i_pulpissimo|soc_domain_i|pulp_soc_i|soc_peripherals_i|i_udma|i_spim_gen_0__i_spim|u_txrx|u_outclkgte_cpha|clk_en|combout"
    Warning (332126): Node "i_pulpissimo|soc_domain_i|pulp_soc_i|soc_peripherals_i|i_udma|i_spim_gen_0__i_spim|u_txrx|u_outclkgte_cpha|clk_en|dataf"
Warning (332125): Found combinational loop of 2 nodes File: /home/victor/pulp_shared_vm/pulp_box/pulpissimo/fpga/quartus22/synplify_xilinx_pulpissimo_work/xilinx_pulpissimo.vqm Line: 485678
    Warning (332126): Node "i_pulpissimo|soc_domain_i|pulp_soc_i|soc_peripherals_i|i_udma|i_udmacore|genblk1_4__i_clk_gate_sys|clk_en|combout"
    Warning (332126): Node "i_pulpissimo|soc_domain_i|pulp_soc_i|soc_peripherals_i|i_udma|i_udmacore|genblk1_4__i_clk_gate_sys|clk_en|datac"
Warning (332125): Found combinational loop of 2 nodes File: /home/victor/pulp_shared_vm/pulp_box/pulpissimo/fpga/quartus22/synplify_xilinx_pulpissimo_work/xilinx_pulpissimo.vqm Line: 484982
    Warning (332126): Node "i_pulpissimo|soc_domain_i|pulp_soc_i|soc_peripherals_i|i_udma|i_udmacore|i_clk_gate_sys_udma|clk_en_Z|combout"
    Warning (332126): Node "i_pulpissimo|soc_domain_i|pulp_soc_i|soc_peripherals_i|i_udma|i_udmacore|i_clk_gate_sys_udma|clk_en_Z|datad"
Warning (332125): Found combinational loop of 2 nodes File: /home/victor/pulp_shared_vm/pulp_box/pulpissimo/fpga/quartus22/synplify_xilinx_pulpissimo_work/xilinx_pulpissimo.vqm Line: 485271
    Warning (332126): Node "i_pulpissimo|soc_domain_i|pulp_soc_i|soc_peripherals_i|i_udma|i_udmacore|genblk1_1__i_clk_gate_per|i_clk_gate|clk_en_Z|combout"
    Warning (332126): Node "i_pulpissimo|soc_domain_i|pulp_soc_i|soc_peripherals_i|i_udma|i_udmacore|genblk1_1__i_clk_gate_per|i_clk_gate|clk_en_Z|datae"
Warning (332125): Found combinational loop of 2 nodes File: /home/victor/pulp_shared_vm/pulp_box/pulpissimo/fpga/quartus22/synplify_xilinx_pulpissimo_work/xilinx_pulpissimo.vqm Line: 485994
    Warning (332126): Node "i_pulpissimo|soc_domain_i|pulp_soc_i|soc_peripherals_i|i_udma|i_udmacore|genblk1_4__i_clk_gate_per|i_clk_gate|clk_en_Z|combout"
    Warning (332126): Node "i_pulpissimo|soc_domain_i|pulp_soc_i|soc_peripherals_i|i_udma|i_udmacore|genblk1_4__i_clk_gate_per|i_clk_gate|clk_en_Z|datad"
Warning (332060): Node: pad_jtag_tck was determined to be a clock but was found without an associated clock assignment.
    Info (13166): Register pulpissimo_Z560:i_pulpissimo|soc_domain_Z559:soc_domain_i|pulp_soc_Z23:pulp_soc_i|jtag_tap_top:jtag_tap_top_i|tap_top:tap_top_i|s_jtag_tdo_c is being clocked by pad_jtag_tck
Warning (332060): Node: pad_pmod1_4 was determined to be a clock but was found without an associated clock assignment.
    Info (13166): Register pulpissimo_Z560:i_pulpissimo|soc_domain_Z559:soc_domain_i|pulp_soc_Z23:pulp_soc_i|soc_peripherals_Z84:soc_peripherals_i|udma_subsystem_Z83:i_udma|udma_i2s_top_19s_20s_4s:i_i2s_udma|i2s_clkws_gen:i_clkws_gen|i2s_ws_gen_2:i_ws_gen_0|s_ws_int_0 is being clocked by pad_pmod1_4
Info (332097): The following timing edges are non-unate.  The Timing Analyzer will assume pos-unate behavior for these edges in the clock network.
    Info (332098): From: pulpissimo_Z560:i_pulpissimo|soc_domain_Z559:soc_domain_i|pulp_soc_Z23:pulp_soc_i|soc_peripherals_Z84:soc_peripherals_i|udma_subsystem_Z83:i_udma|udma_i2c_top_19s_20s_0:i_i2c_gen_1__i_i2c|udma_dc_fifo_8s_4s_3_2:i_dc_fifo_tx|dc_token_ring_fifo_din_8s_4s_2:u_din|dc_data_buffer_8s_4s_3_2:buffer|syn_mlab_8:data_mlab|i_pulpissimo_soc_domain_i_pulp_soc_i_soc_peripherals_i_i_udma_i_i2c_gen_1__i_i2c_i_dc_fifo_tx_u_din_buffer_data_209_0_~CLKMUX_0  to: pulpissimo_Z560:i_pulpissimo|soc_domain_Z559:soc_domain_i|pulp_soc_Z23:pulp_soc_i|soc_peripherals_Z84:soc_peripherals_i|udma_subsystem_Z83:i_udma|udma_i2c_top_19s_20s_0:i_i2c_gen_1__i_i2c|udma_dc_fifo_8s_4s_3_2:i_dc_fifo_tx|dc_token_ring_fifo_din_8s_4s_2:u_din|dc_data_buffer_8s_4s_3_2:buffer|syn_mlab_8:data_mlab|i_pulpissimo_soc_domain_i_pulp_soc_i_soc_peripherals_i_i_udma_i_i2c_gen_1__i_i2c_i_dc_fifo_tx_u_din_buffer_data_209_0_~MEMORYREGOUT
    Info (332098): From: pulpissimo_Z560:i_pulpissimo|soc_domain_Z559:soc_domain_i|pulp_soc_Z23:pulp_soc_i|soc_peripherals_Z84:soc_peripherals_i|udma_subsystem_Z83:i_udma|udma_i2c_top_19s_20s_0:i_i2c_gen_1__i_i2c|udma_dc_fifo_8s_4s_3_2:i_dc_fifo_tx|dc_token_ring_fifo_din_8s_4s_2:u_din|dc_data_buffer_8s_4s_3_2:buffer|syn_mlab_8:data_mlab|i_pulpissimo_soc_domain_i_pulp_soc_i_soc_peripherals_i_i_udma_i_i2c_gen_1__i_i2c_i_dc_fifo_tx_u_din_buffer_data_210_1_~CLKMUX_0  to: pulpissimo_Z560:i_pulpissimo|soc_domain_Z559:soc_domain_i|pulp_soc_Z23:pulp_soc_i|soc_peripherals_Z84:soc_peripherals_i|udma_subsystem_Z83:i_udma|udma_i2c_top_19s_20s_0:i_i2c_gen_1__i_i2c|udma_dc_fifo_8s_4s_3_2:i_dc_fifo_tx|dc_token_ring_fifo_din_8s_4s_2:u_din|dc_data_buffer_8s_4s_3_2:buffer|syn_mlab_8:data_mlab|i_pulpissimo_soc_domain_i_pulp_soc_i_soc_peripherals_i_i_udma_i_i2c_gen_1__i_i2c_i_dc_fifo_tx_u_din_buffer_data_210_1_~MEMORYREGOUT
    Info (332098): From: pulpissimo_Z560:i_pulpissimo|soc_domain_Z559:soc_domain_i|pulp_soc_Z23:pulp_soc_i|soc_peripherals_Z84:soc_peripherals_i|udma_subsystem_Z83:i_udma|udma_i2c_top_19s_20s_0:i_i2c_gen_1__i_i2c|udma_dc_fifo_8s_4s_3_2:i_dc_fifo_tx|dc_token_ring_fifo_din_8s_4s_2:u_din|dc_data_buffer_8s_4s_3_2:buffer|syn_mlab_8:data_mlab|i_pulpissimo_soc_domain_i_pulp_soc_i_soc_peripherals_i_i_udma_i_i2c_gen_1__i_i2c_i_dc_fifo_tx_u_din_buffer_data_211_2_~CLKMUX_0  to: pulpissimo_Z560:i_pulpissimo|soc_domain_Z559:soc_domain_i|pulp_soc_Z23:pulp_soc_i|soc_peripherals_Z84:soc_peripherals_i|udma_subsystem_Z83:i_udma|udma_i2c_top_19s_20s_0:i_i2c_gen_1__i_i2c|udma_dc_fifo_8s_4s_3_2:i_dc_fifo_tx|dc_token_ring_fifo_din_8s_4s_2:u_din|dc_data_buffer_8s_4s_3_2:buffer|syn_mlab_8:data_mlab|i_pulpissimo_soc_domain_i_pulp_soc_i_soc_peripherals_i_i_udma_i_i2c_gen_1__i_i2c_i_dc_fifo_tx_u_din_buffer_data_211_2_~MEMORYREGOUT
    Info (332098): From: pulpissimo_Z560:i_pulpissimo|soc_domain_Z559:soc_domain_i|pulp_soc_Z23:pulp_soc_i|soc_peripherals_Z84:soc_peripherals_i|udma_subsystem_Z83:i_udma|udma_i2c_top_19s_20s_0:i_i2c_gen_1__i_i2c|udma_dc_fifo_8s_4s_3_2:i_dc_fifo_tx|dc_token_ring_fifo_din_8s_4s_2:u_din|dc_data_buffer_8s_4s_3_2:buffer|syn_mlab_8:data_mlab|i_pulpissimo_soc_domain_i_pulp_soc_i_soc_peripherals_i_i_udma_i_i2c_gen_1__i_i2c_i_dc_fifo_tx_u_din_buffer_data_212_3_~CLKMUX_0  to: pulpissimo_Z560:i_pulpissimo|soc_domain_Z559:soc_domain_i|pulp_soc_Z23:pulp_soc_i|soc_peripherals_Z84:soc_peripherals_i|udma_subsystem_Z83:i_udma|udma_i2c_top_19s_20s_0:i_i2c_gen_1__i_i2c|udma_dc_fifo_8s_4s_3_2:i_dc_fifo_tx|dc_token_ring_fifo_din_8s_4s_2:u_din|dc_data_buffer_8s_4s_3_2:buffer|syn_mlab_8:data_mlab|i_pulpissimo_soc_domain_i_pulp_soc_i_soc_peripherals_i_i_udma_i_i2c_gen_1__i_i2c_i_dc_fifo_tx_u_din_buffer_data_212_3_~MEMORYREGOUT
    Info (332098): From: pulpissimo_Z560:i_pulpissimo|soc_domain_Z559:soc_domain_i|pulp_soc_Z23:pulp_soc_i|soc_peripherals_Z84:soc_peripherals_i|udma_subsystem_Z83:i_udma|udma_i2c_top_19s_20s_0:i_i2c_gen_1__i_i2c|udma_dc_fifo_8s_4s_3_2:i_dc_fifo_tx|dc_token_ring_fifo_din_8s_4s_2:u_din|dc_data_buffer_8s_4s_3_2:buffer|syn_mlab_8:data_mlab|i_pulpissimo_soc_domain_i_pulp_soc_i_soc_peripherals_i_i_udma_i_i2c_gen_1__i_i2c_i_dc_fifo_tx_u_din_buffer_data_213_4_~CLKMUX_0  to: pulpissimo_Z560:i_pulpissimo|soc_domain_Z559:soc_domain_i|pulp_soc_Z23:pulp_soc_i|soc_peripherals_Z84:soc_peripherals_i|udma_subsystem_Z83:i_udma|udma_i2c_top_19s_20s_0:i_i2c_gen_1__i_i2c|udma_dc_fifo_8s_4s_3_2:i_dc_fifo_tx|dc_token_ring_fifo_din_8s_4s_2:u_din|dc_data_buffer_8s_4s_3_2:buffer|syn_mlab_8:data_mlab|i_pulpissimo_soc_domain_i_pulp_soc_i_soc_peripherals_i_i_udma_i_i2c_gen_1__i_i2c_i_dc_fifo_tx_u_din_buffer_data_213_4_~MEMORYREGOUT
    Info (332098): From: pulpissimo_Z560:i_pulpissimo|soc_domain_Z559:soc_domain_i|pulp_soc_Z23:pulp_soc_i|soc_peripherals_Z84:soc_peripherals_i|udma_subsystem_Z83:i_udma|udma_i2c_top_19s_20s_0:i_i2c_gen_1__i_i2c|udma_dc_fifo_8s_4s_3_2:i_dc_fifo_tx|dc_token_ring_fifo_din_8s_4s_2:u_din|dc_data_buffer_8s_4s_3_2:buffer|syn_mlab_8:data_mlab|i_pulpissimo_soc_domain_i_pulp_soc_i_soc_peripherals_i_i_udma_i_i2c_gen_1__i_i2c_i_dc_fifo_tx_u_din_buffer_data_214_5_~CLKMUX_0  to: pulpissimo_Z560:i_pulpissimo|soc_domain_Z559:soc_domain_i|pulp_soc_Z23:pulp_soc_i|soc_peripherals_Z84:soc_peripherals_i|udma_subsystem_Z83:i_udma|udma_i2c_top_19s_20s_0:i_i2c_gen_1__i_i2c|udma_dc_fifo_8s_4s_3_2:i_dc_fifo_tx|dc_token_ring_fifo_din_8s_4s_2:u_din|dc_data_buffer_8s_4s_3_2:buffer|syn_mlab_8:data_mlab|i_pulpissimo_soc_domain_i_pulp_soc_i_soc_peripherals_i_i_udma_i_i2c_gen_1__i_i2c_i_dc_fifo_tx_u_din_buffer_data_214_5_~MEMORYREGOUT
    Info (332098): From: pulpissimo_Z560:i_pulpissimo|soc_domain_Z559:soc_domain_i|pulp_soc_Z23:pulp_soc_i|soc_peripherals_Z84:soc_peripherals_i|udma_subsystem_Z83:i_udma|udma_i2c_top_19s_20s_0:i_i2c_gen_1__i_i2c|udma_dc_fifo_8s_4s_3_2:i_dc_fifo_tx|dc_token_ring_fifo_din_8s_4s_2:u_din|dc_data_buffer_8s_4s_3_2:buffer|syn_mlab_8:data_mlab|i_pulpissimo_soc_domain_i_pulp_soc_i_soc_peripherals_i_i_udma_i_i2c_gen_1__i_i2c_i_dc_fifo_tx_u_din_buffer_data_215_6_~CLKMUX_0  to: pulpissimo_Z560:i_pulpissimo|soc_domain_Z559:soc_domain_i|pulp_soc_Z23:pulp_soc_i|soc_peripherals_Z84:soc_peripherals_i|udma_subsystem_Z83:i_udma|udma_i2c_top_19s_20s_0:i_i2c_gen_1__i_i2c|udma_dc_fifo_8s_4s_3_2:i_dc_fifo_tx|dc_token_ring_fifo_din_8s_4s_2:u_din|dc_data_buffer_8s_4s_3_2:buffer|syn_mlab_8:data_mlab|i_pulpissimo_soc_domain_i_pulp_soc_i_soc_peripherals_i_i_udma_i_i2c_gen_1__i_i2c_i_dc_fifo_tx_u_din_buffer_data_215_6_~MEMORYREGOUT
    Info (332098): From: pulpissimo_Z560:i_pulpissimo|soc_domain_Z559:soc_domain_i|pulp_soc_Z23:pulp_soc_i|soc_peripherals_Z84:soc_peripherals_i|udma_subsystem_Z83:i_udma|udma_i2c_top_19s_20s_0:i_i2c_gen_1__i_i2c|udma_dc_fifo_8s_4s_3_2:i_dc_fifo_tx|dc_token_ring_fifo_din_8s_4s_2:u_din|dc_data_buffer_8s_4s_3_2:buffer|syn_mlab_8:data_mlab|i_pulpissimo_soc_domain_i_pulp_soc_i_soc_peripherals_i_i_udma_i_i2c_gen_1__i_i2c_i_dc_fifo_tx_u_din_buffer_data_216_7_~CLKMUX_0  to: pulpissimo_Z560:i_pulpissimo|soc_domain_Z559:soc_domain_i|pulp_soc_Z23:pulp_soc_i|soc_peripherals_Z84:soc_peripherals_i|udma_subsystem_Z83:i_udma|udma_i2c_top_19s_20s_0:i_i2c_gen_1__i_i2c|udma_dc_fifo_8s_4s_3_2:i_dc_fifo_tx|dc_token_ring_fifo_din_8s_4s_2:u_din|dc_data_buffer_8s_4s_3_2:buffer|syn_mlab_8:data_mlab|i_pulpissimo_soc_domain_i_pulp_soc_i_soc_peripherals_i_i_udma_i_i2c_gen_1__i_i2c_i_dc_fifo_tx_u_din_buffer_data_216_7_~MEMORYREGOUT
    Info (332098): From: pulpissimo_Z560:i_pulpissimo|soc_domain_Z559:soc_domain_i|pulp_soc_Z23:pulp_soc_i|soc_peripherals_Z84:soc_peripherals_i|udma_subsystem_Z83:i_udma|udma_i2c_top_19s_20s_1:i_i2c_gen_0__i_i2c|udma_dc_fifo_8s_4s_3_0:i_dc_fifo_tx|dc_token_ring_fifo_din_8s_4s_3_0:u_din|dc_data_buffer_8s_4s_3_0:buffer|syn_mlab_6:data_mlab|i_pulpissimo_soc_domain_i_pulp_soc_i_soc_peripherals_i_i_udma_i_i2c_gen_0__i_i2c_i_dc_fifo_tx_u_din_buffer_data_193_0_~CLKMUX_0  to: pulpissimo_Z560:i_pulpissimo|soc_domain_Z559:soc_domain_i|pulp_soc_Z23:pulp_soc_i|soc_peripherals_Z84:soc_peripherals_i|udma_subsystem_Z83:i_udma|udma_i2c_top_19s_20s_1:i_i2c_gen_0__i_i2c|udma_dc_fifo_8s_4s_3_0:i_dc_fifo_tx|dc_token_ring_fifo_din_8s_4s_3_0:u_din|dc_data_buffer_8s_4s_3_0:buffer|syn_mlab_6:data_mlab|i_pulpissimo_soc_domain_i_pulp_soc_i_soc_peripherals_i_i_udma_i_i2c_gen_0__i_i2c_i_dc_fifo_tx_u_din_buffer_data_193_0_~MEMORYREGOUT
    Info (332098): From: pulpissimo_Z560:i_pulpissimo|soc_domain_Z559:soc_domain_i|pulp_soc_Z23:pulp_soc_i|soc_peripherals_Z84:soc_peripherals_i|udma_subsystem_Z83:i_udma|udma_i2c_top_19s_20s_1:i_i2c_gen_0__i_i2c|udma_dc_fifo_8s_4s_3_0:i_dc_fifo_tx|dc_token_ring_fifo_din_8s_4s_3_0:u_din|dc_data_buffer_8s_4s_3_0:buffer|syn_mlab_6:data_mlab|i_pulpissimo_soc_domain_i_pulp_soc_i_soc_peripherals_i_i_udma_i_i2c_gen_0__i_i2c_i_dc_fifo_tx_u_din_buffer_data_194_1_~CLKMUX_0  to: pulpissimo_Z560:i_pulpissimo|soc_domain_Z559:soc_domain_i|pulp_soc_Z23:pulp_soc_i|soc_peripherals_Z84:soc_peripherals_i|udma_subsystem_Z83:i_udma|udma_i2c_top_19s_20s_1:i_i2c_gen_0__i_i2c|udma_dc_fifo_8s_4s_3_0:i_dc_fifo_tx|dc_token_ring_fifo_din_8s_4s_3_0:u_din|dc_data_buffer_8s_4s_3_0:buffer|syn_mlab_6:data_mlab|i_pulpissimo_soc_domain_i_pulp_soc_i_soc_peripherals_i_i_udma_i_i2c_gen_0__i_i2c_i_dc_fifo_tx_u_din_buffer_data_194_1_~MEMORYREGOUT
    Info (332098): From: pulpissimo_Z560:i_pulpissimo|soc_domain_Z559:soc_domain_i|pulp_soc_Z23:pulp_soc_i|soc_peripherals_Z84:soc_peripherals_i|udma_subsystem_Z83:i_udma|udma_i2c_top_19s_20s_1:i_i2c_gen_0__i_i2c|udma_dc_fifo_8s_4s_3_0:i_dc_fifo_tx|dc_token_ring_fifo_din_8s_4s_3_0:u_din|dc_data_buffer_8s_4s_3_0:buffer|syn_mlab_6:data_mlab|i_pulpissimo_soc_domain_i_pulp_soc_i_soc_peripherals_i_i_udma_i_i2c_gen_0__i_i2c_i_dc_fifo_tx_u_din_buffer_data_195_2_~CLKMUX_0  to: pulpissimo_Z560:i_pulpissimo|soc_domain_Z559:soc_domain_i|pulp_soc_Z23:pulp_soc_i|soc_peripherals_Z84:soc_peripherals_i|udma_subsystem_Z83:i_udma|udma_i2c_top_19s_20s_1:i_i2c_gen_0__i_i2c|udma_dc_fifo_8s_4s_3_0:i_dc_fifo_tx|dc_token_ring_fifo_din_8s_4s_3_0:u_din|dc_data_buffer_8s_4s_3_0:buffer|syn_mlab_6:data_mlab|i_pulpissimo_soc_domain_i_pulp_soc_i_soc_peripherals_i_i_udma_i_i2c_gen_0__i_i2c_i_dc_fifo_tx_u_din_buffer_data_195_2_~MEMORYREGOUT
    Info (332098): From: pulpissimo_Z560:i_pulpissimo|soc_domain_Z559:soc_domain_i|pulp_soc_Z23:pulp_soc_i|soc_peripherals_Z84:soc_peripherals_i|udma_subsystem_Z83:i_udma|udma_i2c_top_19s_20s_1:i_i2c_gen_0__i_i2c|udma_dc_fifo_8s_4s_3_0:i_dc_fifo_tx|dc_token_ring_fifo_din_8s_4s_3_0:u_din|dc_data_buffer_8s_4s_3_0:buffer|syn_mlab_6:data_mlab|i_pulpissimo_soc_domain_i_pulp_soc_i_soc_peripherals_i_i_udma_i_i2c_gen_0__i_i2c_i_dc_fifo_tx_u_din_buffer_data_196_3_~CLKMUX_0  to: pulpissimo_Z560:i_pulpissimo|soc_domain_Z559:soc_domain_i|pulp_soc_Z23:pulp_soc_i|soc_peripherals_Z84:soc_peripherals_i|udma_subsystem_Z83:i_udma|udma_i2c_top_19s_20s_1:i_i2c_gen_0__i_i2c|udma_dc_fifo_8s_4s_3_0:i_dc_fifo_tx|dc_token_ring_fifo_din_8s_4s_3_0:u_din|dc_data_buffer_8s_4s_3_0:buffer|syn_mlab_6:data_mlab|i_pulpissimo_soc_domain_i_pulp_soc_i_soc_peripherals_i_i_udma_i_i2c_gen_0__i_i2c_i_dc_fifo_tx_u_din_buffer_data_196_3_~MEMORYREGOUT
    Info (332098): From: pulpissimo_Z560:i_pulpissimo|soc_domain_Z559:soc_domain_i|pulp_soc_Z23:pulp_soc_i|soc_peripherals_Z84:soc_peripherals_i|udma_subsystem_Z83:i_udma|udma_i2c_top_19s_20s_1:i_i2c_gen_0__i_i2c|udma_dc_fifo_8s_4s_3_0:i_dc_fifo_tx|dc_token_ring_fifo_din_8s_4s_3_0:u_din|dc_data_buffer_8s_4s_3_0:buffer|syn_mlab_6:data_mlab|i_pulpissimo_soc_domain_i_pulp_soc_i_soc_peripherals_i_i_udma_i_i2c_gen_0__i_i2c_i_dc_fifo_tx_u_din_buffer_data_197_4_~CLKMUX_0  to: pulpissimo_Z560:i_pulpissimo|soc_domain_Z559:soc_domain_i|pulp_soc_Z23:pulp_soc_i|soc_peripherals_Z84:soc_peripherals_i|udma_subsystem_Z83:i_udma|udma_i2c_top_19s_20s_1:i_i2c_gen_0__i_i2c|udma_dc_fifo_8s_4s_3_0:i_dc_fifo_tx|dc_token_ring_fifo_din_8s_4s_3_0:u_din|dc_data_buffer_8s_4s_3_0:buffer|syn_mlab_6:data_mlab|i_pulpissimo_soc_domain_i_pulp_soc_i_soc_peripherals_i_i_udma_i_i2c_gen_0__i_i2c_i_dc_fifo_tx_u_din_buffer_data_197_4_~MEMORYREGOUT
    Info (332098): From: pulpissimo_Z560:i_pulpissimo|soc_domain_Z559:soc_domain_i|pulp_soc_Z23:pulp_soc_i|soc_peripherals_Z84:soc_peripherals_i|udma_subsystem_Z83:i_udma|udma_i2c_top_19s_20s_1:i_i2c_gen_0__i_i2c|udma_dc_fifo_8s_4s_3_0:i_dc_fifo_tx|dc_token_ring_fifo_din_8s_4s_3_0:u_din|dc_data_buffer_8s_4s_3_0:buffer|syn_mlab_6:data_mlab|i_pulpissimo_soc_domain_i_pulp_soc_i_soc_peripherals_i_i_udma_i_i2c_gen_0__i_i2c_i_dc_fifo_tx_u_din_buffer_data_198_5_~CLKMUX_0  to: pulpissimo_Z560:i_pulpissimo|soc_domain_Z559:soc_domain_i|pulp_soc_Z23:pulp_soc_i|soc_peripherals_Z84:soc_peripherals_i|udma_subsystem_Z83:i_udma|udma_i2c_top_19s_20s_1:i_i2c_gen_0__i_i2c|udma_dc_fifo_8s_4s_3_0:i_dc_fifo_tx|dc_token_ring_fifo_din_8s_4s_3_0:u_din|dc_data_buffer_8s_4s_3_0:buffer|syn_mlab_6:data_mlab|i_pulpissimo_soc_domain_i_pulp_soc_i_soc_peripherals_i_i_udma_i_i2c_gen_0__i_i2c_i_dc_fifo_tx_u_din_buffer_data_198_5_~MEMORYREGOUT
    Info (332098): From: pulpissimo_Z560:i_pulpissimo|soc_domain_Z559:soc_domain_i|pulp_soc_Z23:pulp_soc_i|soc_peripherals_Z84:soc_peripherals_i|udma_subsystem_Z83:i_udma|udma_i2c_top_19s_20s_1:i_i2c_gen_0__i_i2c|udma_dc_fifo_8s_4s_3_0:i_dc_fifo_tx|dc_token_ring_fifo_din_8s_4s_3_0:u_din|dc_data_buffer_8s_4s_3_0:buffer|syn_mlab_6:data_mlab|i_pulpissimo_soc_domain_i_pulp_soc_i_soc_peripherals_i_i_udma_i_i2c_gen_0__i_i2c_i_dc_fifo_tx_u_din_buffer_data_199_6_~CLKMUX_0  to: pulpissimo_Z560:i_pulpissimo|soc_domain_Z559:soc_domain_i|pulp_soc_Z23:pulp_soc_i|soc_peripherals_Z84:soc_peripherals_i|udma_subsystem_Z83:i_udma|udma_i2c_top_19s_20s_1:i_i2c_gen_0__i_i2c|udma_dc_fifo_8s_4s_3_0:i_dc_fifo_tx|dc_token_ring_fifo_din_8s_4s_3_0:u_din|dc_data_buffer_8s_4s_3_0:buffer|syn_mlab_6:data_mlab|i_pulpissimo_soc_domain_i_pulp_soc_i_soc_peripherals_i_i_udma_i_i2c_gen_0__i_i2c_i_dc_fifo_tx_u_din_buffer_data_199_6_~MEMORYREGOUT
    Info (332098): From: pulpissimo_Z560:i_pulpissimo|soc_domain_Z559:soc_domain_i|pulp_soc_Z23:pulp_soc_i|soc_peripherals_Z84:soc_peripherals_i|udma_subsystem_Z83:i_udma|udma_i2c_top_19s_20s_1:i_i2c_gen_0__i_i2c|udma_dc_fifo_8s_4s_3_0:i_dc_fifo_tx|dc_token_ring_fifo_din_8s_4s_3_0:u_din|dc_data_buffer_8s_4s_3_0:buffer|syn_mlab_6:data_mlab|i_pulpissimo_soc_domain_i_pulp_soc_i_soc_peripherals_i_i_udma_i_i2c_gen_0__i_i2c_i_dc_fifo_tx_u_din_buffer_data_200_7_~CLKMUX_0  to: pulpissimo_Z560:i_pulpissimo|soc_domain_Z559:soc_domain_i|pulp_soc_Z23:pulp_soc_i|soc_peripherals_Z84:soc_peripherals_i|udma_subsystem_Z83:i_udma|udma_i2c_top_19s_20s_1:i_i2c_gen_0__i_i2c|udma_dc_fifo_8s_4s_3_0:i_dc_fifo_tx|dc_token_ring_fifo_din_8s_4s_3_0:u_din|dc_data_buffer_8s_4s_3_0:buffer|syn_mlab_6:data_mlab|i_pulpissimo_soc_domain_i_pulp_soc_i_soc_peripherals_i_i_udma_i_i2c_gen_0__i_i2c_i_dc_fifo_tx_u_din_buffer_data_200_7_~MEMORYREGOUT
    Info (332098): From: pulpissimo_Z560:i_pulpissimo|soc_domain_Z559:soc_domain_i|pulp_soc_Z23:pulp_soc_i|soc_peripherals_Z84:soc_peripherals_i|udma_subsystem_Z83:i_udma|udma_spim_top_19s_20s_6s_8s:i_spim_gen_0__i_spim|udma_dc_fifo_32s_8s:u_dc_cmd|dc_token_ring_fifo_din_32s_8s_1:u_din|dc_data_buffer_32s_8s:buffer|syn_mlab:data_mlab|i_pulpissimo_soc_domain_i_pulp_soc_i_soc_peripherals_i_i_udma_i_spim_gen_0__i_spim_u_dc_cmd_u_din_buffer_data_10_1_~CLKMUX_0  to: pulpissimo_Z560:i_pulpissimo|soc_domain_Z559:soc_domain_i|pulp_soc_Z23:pulp_soc_i|soc_peripherals_Z84:soc_peripherals_i|udma_subsystem_Z83:i_udma|udma_spim_top_19s_20s_6s_8s:i_spim_gen_0__i_spim|udma_dc_fifo_32s_8s:u_dc_cmd|dc_token_ring_fifo_din_32s_8s_1:u_din|dc_data_buffer_32s_8s:buffer|syn_mlab:data_mlab|i_pulpissimo_soc_domain_i_pulp_soc_i_soc_peripherals_i_i_udma_i_spim_gen_0__i_spim_u_dc_cmd_u_din_buffer_data_10_1_~MEMORYREGOUT
    Info (332098): From: pulpissimo_Z560:i_pulpissimo|soc_domain_Z559:soc_domain_i|pulp_soc_Z23:pulp_soc_i|soc_peripherals_Z84:soc_peripherals_i|udma_subsystem_Z83:i_udma|udma_spim_top_19s_20s_6s_8s:i_spim_gen_0__i_spim|udma_dc_fifo_32s_8s:u_dc_cmd|dc_token_ring_fifo_din_32s_8s_1:u_din|dc_data_buffer_32s_8s:buffer|syn_mlab:data_mlab|i_pulpissimo_soc_domain_i_pulp_soc_i_soc_peripherals_i_i_udma_i_spim_gen_0__i_spim_u_dc_cmd_u_din_buffer_data_11_2_~CLKMUX_0  to: pulpissimo_Z560:i_pulpissimo|soc_domain_Z559:soc_domain_i|pulp_soc_Z23:pulp_soc_i|soc_peripherals_Z84:soc_peripherals_i|udma_subsystem_Z83:i_udma|udma_spim_top_19s_20s_6s_8s:i_spim_gen_0__i_spim|udma_dc_fifo_32s_8s:u_dc_cmd|dc_token_ring_fifo_din_32s_8s_1:u_din|dc_data_buffer_32s_8s:buffer|syn_mlab:data_mlab|i_pulpissimo_soc_domain_i_pulp_soc_i_soc_peripherals_i_i_udma_i_spim_gen_0__i_spim_u_dc_cmd_u_din_buffer_data_11_2_~MEMORYREGOUT
    Info (332098): From: pulpissimo_Z560:i_pulpissimo|soc_domain_Z559:soc_domain_i|pulp_soc_Z23:pulp_soc_i|soc_peripherals_Z84:soc_peripherals_i|udma_subsystem_Z83:i_udma|udma_spim_top_19s_20s_6s_8s:i_spim_gen_0__i_spim|udma_dc_fifo_32s_8s:u_dc_cmd|dc_token_ring_fifo_din_32s_8s_1:u_din|dc_data_buffer_32s_8s:buffer|syn_mlab:data_mlab|i_pulpissimo_soc_domain_i_pulp_soc_i_soc_peripherals_i_i_udma_i_spim_gen_0__i_spim_u_dc_cmd_u_din_buffer_data_12_3_~CLKMUX_0  to: pulpissimo_Z560:i_pulpissimo|soc_domain_Z559:soc_domain_i|pulp_soc_Z23:pulp_soc_i|soc_peripherals_Z84:soc_peripherals_i|udma_subsystem_Z83:i_udma|udma_spim_top_19s_20s_6s_8s:i_spim_gen_0__i_spim|udma_dc_fifo_32s_8s:u_dc_cmd|dc_token_ring_fifo_din_32s_8s_1:u_din|dc_data_buffer_32s_8s:buffer|syn_mlab:data_mlab|i_pulpissimo_soc_domain_i_pulp_soc_i_soc_peripherals_i_i_udma_i_spim_gen_0__i_spim_u_dc_cmd_u_din_buffer_data_12_3_~MEMORYREGOUT
    Info (332098): From: pulpissimo_Z560:i_pulpissimo|soc_domain_Z559:soc_domain_i|pulp_soc_Z23:pulp_soc_i|soc_peripherals_Z84:soc_peripherals_i|udma_subsystem_Z83:i_udma|udma_spim_top_19s_20s_6s_8s:i_spim_gen_0__i_spim|udma_dc_fifo_32s_8s:u_dc_cmd|dc_token_ring_fifo_din_32s_8s_1:u_din|dc_data_buffer_32s_8s:buffer|syn_mlab:data_mlab|i_pulpissimo_soc_domain_i_pulp_soc_i_soc_peripherals_i_i_udma_i_spim_gen_0__i_spim_u_dc_cmd_u_din_buffer_data_13_4_~CLKMUX_0  to: pulpissimo_Z560:i_pulpissimo|soc_domain_Z559:soc_domain_i|pulp_soc_Z23:pulp_soc_i|soc_peripherals_Z84:soc_peripherals_i|udma_subsystem_Z83:i_udma|udma_spim_top_19s_20s_6s_8s:i_spim_gen_0__i_spim|udma_dc_fifo_32s_8s:u_dc_cmd|dc_token_ring_fifo_din_32s_8s_1:u_din|dc_data_buffer_32s_8s:buffer|syn_mlab:data_mlab|i_pulpissimo_soc_domain_i_pulp_soc_i_soc_peripherals_i_i_udma_i_spim_gen_0__i_spim_u_dc_cmd_u_din_buffer_data_13_4_~MEMORYREGOUT
    Info (332098): From: pulpissimo_Z560:i_pulpissimo|soc_domain_Z559:soc_domain_i|pulp_soc_Z23:pulp_soc_i|soc_peripherals_Z84:soc_peripherals_i|udma_subsystem_Z83:i_udma|udma_spim_top_19s_20s_6s_8s:i_spim_gen_0__i_spim|udma_dc_fifo_32s_8s:u_dc_cmd|dc_token_ring_fifo_din_32s_8s_1:u_din|dc_data_buffer_32s_8s:buffer|syn_mlab:data_mlab|i_pulpissimo_soc_domain_i_pulp_soc_i_soc_peripherals_i_i_udma_i_spim_gen_0__i_spim_u_dc_cmd_u_din_buffer_data_14_5_~CLKMUX_0  to: pulpissimo_Z560:i_pulpissimo|soc_domain_Z559:soc_domain_i|pulp_soc_Z23:pulp_soc_i|soc_peripherals_Z84:soc_peripherals_i|udma_subsystem_Z83:i_udma|udma_spim_top_19s_20s_6s_8s:i_spim_gen_0__i_spim|udma_dc_fifo_32s_8s:u_dc_cmd|dc_token_ring_fifo_din_32s_8s_1:u_din|dc_data_buffer_32s_8s:buffer|syn_mlab:data_mlab|i_pulpissimo_soc_domain_i_pulp_soc_i_soc_peripherals_i_i_udma_i_spim_gen_0__i_spim_u_dc_cmd_u_din_buffer_data_14_5_~MEMORYREGOUT
    Info (332098): From: pulpissimo_Z560:i_pulpissimo|soc_domain_Z559:soc_domain_i|pulp_soc_Z23:pulp_soc_i|soc_peripherals_Z84:soc_peripherals_i|udma_subsystem_Z83:i_udma|udma_spim_top_19s_20s_6s_8s:i_spim_gen_0__i_spim|udma_dc_fifo_32s_8s:u_dc_cmd|dc_token_ring_fifo_din_32s_8s_1:u_din|dc_data_buffer_32s_8s:buffer|syn_mlab:data_mlab|i_pulpissimo_soc_domain_i_pulp_soc_i_soc_peripherals_i_i_udma_i_spim_gen_0__i_spim_u_dc_cmd_u_din_buffer_data_15_6_~CLKMUX_0  to: pulpissimo_Z560:i_pulpissimo|soc_domain_Z559:soc_domain_i|pulp_soc_Z23:pulp_soc_i|soc_peripherals_Z84:soc_peripherals_i|udma_subsystem_Z83:i_udma|udma_spim_top_19s_20s_6s_8s:i_spim_gen_0__i_spim|udma_dc_fifo_32s_8s:u_dc_cmd|dc_token_ring_fifo_din_32s_8s_1:u_din|dc_data_buffer_32s_8s:buffer|syn_mlab:data_mlab|i_pulpissimo_soc_domain_i_pulp_soc_i_soc_peripherals_i_i_udma_i_spim_gen_0__i_spim_u_dc_cmd_u_din_buffer_data_15_6_~MEMORYREGOUT
    Info (332098): From: pulpissimo_Z560:i_pulpissimo|soc_domain_Z559:soc_domain_i|pulp_soc_Z23:pulp_soc_i|soc_peripherals_Z84:soc_peripherals_i|udma_subsystem_Z83:i_udma|udma_spim_top_19s_20s_6s_8s:i_spim_gen_0__i_spim|udma_dc_fifo_32s_8s:u_dc_cmd|dc_token_ring_fifo_din_32s_8s_1:u_din|dc_data_buffer_32s_8s:buffer|syn_mlab:data_mlab|i_pulpissimo_soc_domain_i_pulp_soc_i_soc_peripherals_i_i_udma_i_spim_gen_0__i_spim_u_dc_cmd_u_din_buffer_data_16_7_~CLKMUX_0  to: pulpissimo_Z560:i_pulpissimo|soc_domain_Z559:soc_domain_i|pulp_soc_Z23:pulp_soc_i|soc_peripherals_Z84:soc_peripherals_i|udma_subsystem_Z83:i_udma|udma_spim_top_19s_20s_6s_8s:i_spim_gen_0__i_spim|udma_dc_fifo_32s_8s:u_dc_cmd|dc_token_ring_fifo_din_32s_8s_1:u_din|dc_data_buffer_32s_8s:buffer|syn_mlab:data_mlab|i_pulpissimo_soc_domain_i_pulp_soc_i_soc_peripherals_i_i_udma_i_spim_gen_0__i_spim_u_dc_cmd_u_din_buffer_data_16_7_~MEMORYREGOUT
    Info (332098): From: pulpissimo_Z560:i_pulpissimo|soc_domain_Z559:soc_domain_i|pulp_soc_Z23:pulp_soc_i|soc_peripherals_Z84:soc_peripherals_i|udma_subsystem_Z83:i_udma|udma_spim_top_19s_20s_6s_8s:i_spim_gen_0__i_spim|udma_dc_fifo_32s_8s:u_dc_cmd|dc_token_ring_fifo_din_32s_8s_1:u_din|dc_data_buffer_32s_8s:buffer|syn_mlab:data_mlab|i_pulpissimo_soc_domain_i_pulp_soc_i_soc_peripherals_i_i_udma_i_spim_gen_0__i_spim_u_dc_cmd_u_din_buffer_data_17_8_~CLKMUX_0  to: pulpissimo_Z560:i_pulpissimo|soc_domain_Z559:soc_domain_i|pulp_soc_Z23:pulp_soc_i|soc_peripherals_Z84:soc_peripherals_i|udma_subsystem_Z83:i_udma|udma_spim_top_19s_20s_6s_8s:i_spim_gen_0__i_spim|udma_dc_fifo_32s_8s:u_dc_cmd|dc_token_ring_fifo_din_32s_8s_1:u_din|dc_data_buffer_32s_8s:buffer|syn_mlab:data_mlab|i_pulpissimo_soc_domain_i_pulp_soc_i_soc_peripherals_i_i_udma_i_spim_gen_0__i_spim_u_dc_cmd_u_din_buffer_data_17_8_~MEMORYREGOUT
    Info (332098): From: pulpissimo_Z560:i_pulpissimo|soc_domain_Z559:soc_domain_i|pulp_soc_Z23:pulp_soc_i|soc_peripherals_Z84:soc_peripherals_i|udma_subsystem_Z83:i_udma|udma_spim_top_19s_20s_6s_8s:i_spim_gen_0__i_spim|udma_dc_fifo_32s_8s:u_dc_cmd|dc_token_ring_fifo_din_32s_8s_1:u_din|dc_data_buffer_32s_8s:buffer|syn_mlab:data_mlab|i_pulpissimo_soc_domain_i_pulp_soc_i_soc_peripherals_i_i_udma_i_spim_gen_0__i_spim_u_dc_cmd_u_din_buffer_data_18_9_~CLKMUX_0  to: pulpissimo_Z560:i_pulpissimo|soc_domain_Z559:soc_domain_i|pulp_soc_Z23:pulp_soc_i|soc_peripherals_Z84:soc_peripherals_i|udma_subsystem_Z83:i_udma|udma_spim_top_19s_20s_6s_8s:i_spim_gen_0__i_spim|udma_dc_fifo_32s_8s:u_dc_cmd|dc_token_ring_fifo_din_32s_8s_1:u_din|dc_data_buffer_32s_8s:buffer|syn_mlab:data_mlab|i_pulpissimo_soc_domain_i_pulp_soc_i_soc_peripherals_i_i_udma_i_spim_gen_0__i_spim_u_dc_cmd_u_din_buffer_data_18_9_~MEMORYREGOUT
    Info (332098): From: pulpissimo_Z560:i_pulpissimo|soc_domain_Z559:soc_domain_i|pulp_soc_Z23:pulp_soc_i|soc_peripherals_Z84:soc_peripherals_i|udma_subsystem_Z83:i_udma|udma_spim_top_19s_20s_6s_8s:i_spim_gen_0__i_spim|udma_dc_fifo_32s_8s:u_dc_cmd|dc_token_ring_fifo_din_32s_8s_1:u_din|dc_data_buffer_32s_8s:buffer|syn_mlab:data_mlab|i_pulpissimo_soc_domain_i_pulp_soc_i_soc_peripherals_i_i_udma_i_spim_gen_0__i_spim_u_dc_cmd_u_din_buffer_data_19_10_~CLKMUX_0  to: pulpissimo_Z560:i_pulpissimo|soc_domain_Z559:soc_domain_i|pulp_soc_Z23:pulp_soc_i|soc_peripherals_Z84:soc_peripherals_i|udma_subsystem_Z83:i_udma|udma_spim_top_19s_20s_6s_8s:i_spim_gen_0__i_spim|udma_dc_fifo_32s_8s:u_dc_cmd|dc_token_ring_fifo_din_32s_8s_1:u_din|dc_data_buffer_32s_8s:buffer|syn_mlab:data_mlab|i_pulpissimo_soc_domain_i_pulp_soc_i_soc_peripherals_i_i_udma_i_spim_gen_0__i_spim_u_dc_cmd_u_din_buffer_data_19_10_~MEMORYREGOUT
    Info (332098): From: pulpissimo_Z560:i_pulpissimo|soc_domain_Z559:soc_domain_i|pulp_soc_Z23:pulp_soc_i|soc_peripherals_Z84:soc_peripherals_i|udma_subsystem_Z83:i_udma|udma_spim_top_19s_20s_6s_8s:i_spim_gen_0__i_spim|udma_dc_fifo_32s_8s:u_dc_cmd|dc_token_ring_fifo_din_32s_8s_1:u_din|dc_data_buffer_32s_8s:buffer|syn_mlab:data_mlab|i_pulpissimo_soc_domain_i_pulp_soc_i_soc_peripherals_i_i_udma_i_spim_gen_0__i_spim_u_dc_cmd_u_din_buffer_data_20_11_~CLKMUX_0  to: pulpissimo_Z560:i_pulpissimo|soc_domain_Z559:soc_domain_i|pulp_soc_Z23:pulp_soc_i|soc_peripherals_Z84:soc_peripherals_i|udma_subsystem_Z83:i_udma|udma_spim_top_19s_20s_6s_8s:i_spim_gen_0__i_spim|udma_dc_fifo_32s_8s:u_dc_cmd|dc_token_ring_fifo_din_32s_8s_1:u_din|dc_data_buffer_32s_8s:buffer|syn_mlab:data_mlab|i_pulpissimo_soc_domain_i_pulp_soc_i_soc_peripherals_i_i_udma_i_spim_gen_0__i_spim_u_dc_cmd_u_din_buffer_data_20_11_~MEMORYREGOUT
    Info (332098): From: pulpissimo_Z560:i_pulpissimo|soc_domain_Z559:soc_domain_i|pulp_soc_Z23:pulp_soc_i|soc_peripherals_Z84:soc_peripherals_i|udma_subsystem_Z83:i_udma|udma_spim_top_19s_20s_6s_8s:i_spim_gen_0__i_spim|udma_dc_fifo_32s_8s:u_dc_cmd|dc_token_ring_fifo_din_32s_8s_1:u_din|dc_data_buffer_32s_8s:buffer|syn_mlab:data_mlab|i_pulpissimo_soc_domain_i_pulp_soc_i_soc_peripherals_i_i_udma_i_spim_gen_0__i_spim_u_dc_cmd_u_din_buffer_data_21_12_~CLKMUX_0  to: pulpissimo_Z560:i_pulpissimo|soc_domain_Z559:soc_domain_i|pulp_soc_Z23:pulp_soc_i|soc_peripherals_Z84:soc_peripherals_i|udma_subsystem_Z83:i_udma|udma_spim_top_19s_20s_6s_8s:i_spim_gen_0__i_spim|udma_dc_fifo_32s_8s:u_dc_cmd|dc_token_ring_fifo_din_32s_8s_1:u_din|dc_data_buffer_32s_8s:buffer|syn_mlab:data_mlab|i_pulpissimo_soc_domain_i_pulp_soc_i_soc_peripherals_i_i_udma_i_spim_gen_0__i_spim_u_dc_cmd_u_din_buffer_data_21_12_~MEMORYREGOUT
    Info (332098): From: pulpissimo_Z560:i_pulpissimo|soc_domain_Z559:soc_domain_i|pulp_soc_Z23:pulp_soc_i|soc_peripherals_Z84:soc_peripherals_i|udma_subsystem_Z83:i_udma|udma_spim_top_19s_20s_6s_8s:i_spim_gen_0__i_spim|udma_dc_fifo_32s_8s:u_dc_cmd|dc_token_ring_fifo_din_32s_8s_1:u_din|dc_data_buffer_32s_8s:buffer|syn_mlab:data_mlab|i_pulpissimo_soc_domain_i_pulp_soc_i_soc_peripherals_i_i_udma_i_spim_gen_0__i_spim_u_dc_cmd_u_din_buffer_data_22_13_~CLKMUX_0  to: pulpissimo_Z560:i_pulpissimo|soc_domain_Z559:soc_domain_i|pulp_soc_Z23:pulp_soc_i|soc_peripherals_Z84:soc_peripherals_i|udma_subsystem_Z83:i_udma|udma_spim_top_19s_20s_6s_8s:i_spim_gen_0__i_spim|udma_dc_fifo_32s_8s:u_dc_cmd|dc_token_ring_fifo_din_32s_8s_1:u_din|dc_data_buffer_32s_8s:buffer|syn_mlab:data_mlab|i_pulpissimo_soc_domain_i_pulp_soc_i_soc_peripherals_i_i_udma_i_spim_gen_0__i_spim_u_dc_cmd_u_din_buffer_data_22_13_~MEMORYREGOUT
    Info (332098): From: pulpissimo_Z560:i_pulpissimo|soc_domain_Z559:soc_domain_i|pulp_soc_Z23:pulp_soc_i|soc_peripherals_Z84:soc_peripherals_i|udma_subsystem_Z83:i_udma|udma_spim_top_19s_20s_6s_8s:i_spim_gen_0__i_spim|udma_dc_fifo_32s_8s:u_dc_cmd|dc_token_ring_fifo_din_32s_8s_1:u_din|dc_data_buffer_32s_8s:buffer|syn_mlab:data_mlab|i_pulpissimo_soc_domain_i_pulp_soc_i_soc_peripherals_i_i_udma_i_spim_gen_0__i_spim_u_dc_cmd_u_din_buffer_data_23_14_~CLKMUX_0  to: pulpissimo_Z560:i_pulpissimo|soc_domain_Z559:soc_domain_i|pulp_soc_Z23:pulp_soc_i|soc_peripherals_Z84:soc_peripherals_i|udma_subsystem_Z83:i_udma|udma_spim_top_19s_20s_6s_8s:i_spim_gen_0__i_spim|udma_dc_fifo_32s_8s:u_dc_cmd|dc_token_ring_fifo_din_32s_8s_1:u_din|dc_data_buffer_32s_8s:buffer|syn_mlab:data_mlab|i_pulpissimo_soc_domain_i_pulp_soc_i_soc_peripherals_i_i_udma_i_spim_gen_0__i_spim_u_dc_cmd_u_din_buffer_data_23_14_~MEMORYREGOUT
    Info (332098): From: pulpissimo_Z560:i_pulpissimo|soc_domain_Z559:soc_domain_i|pulp_soc_Z23:pulp_soc_i|soc_peripherals_Z84:soc_peripherals_i|udma_subsystem_Z83:i_udma|udma_spim_top_19s_20s_6s_8s:i_spim_gen_0__i_spim|udma_dc_fifo_32s_8s:u_dc_cmd|dc_token_ring_fifo_din_32s_8s_1:u_din|dc_data_buffer_32s_8s:buffer|syn_mlab:data_mlab|i_pulpissimo_soc_domain_i_pulp_soc_i_soc_peripherals_i_i_udma_i_spim_gen_0__i_spim_u_dc_cmd_u_din_buffer_data_24_15_~CLKMUX_0  to: pulpissimo_Z560:i_pulpissimo|soc_domain_Z559:soc_domain_i|pulp_soc_Z23:pulp_soc_i|soc_peripherals_Z84:soc_peripherals_i|udma_subsystem_Z83:i_udma|udma_spim_top_19s_20s_6s_8s:i_spim_gen_0__i_spim|udma_dc_fifo_32s_8s:u_dc_cmd|dc_token_ring_fifo_din_32s_8s_1:u_din|dc_data_buffer_32s_8s:buffer|syn_mlab:data_mlab|i_pulpissimo_soc_domain_i_pulp_soc_i_soc_peripherals_i_i_udma_i_spim_gen_0__i_spim_u_dc_cmd_u_din_buffer_data_24_15_~MEMORYREGOUT
    Info (332098): From: pulpissimo_Z560:i_pulpissimo|soc_domain_Z559:soc_domain_i|pulp_soc_Z23:pulp_soc_i|soc_peripherals_Z84:soc_peripherals_i|udma_subsystem_Z83:i_udma|udma_spim_top_19s_20s_6s_8s:i_spim_gen_0__i_spim|udma_dc_fifo_32s_8s:u_dc_cmd|dc_token_ring_fifo_din_32s_8s_1:u_din|dc_data_buffer_32s_8s:buffer|syn_mlab:data_mlab|i_pulpissimo_soc_domain_i_pulp_soc_i_soc_peripherals_i_i_udma_i_spim_gen_0__i_spim_u_dc_cmd_u_din_buffer_data_25_16_~CLKMUX_0  to: pulpissimo_Z560:i_pulpissimo|soc_domain_Z559:soc_domain_i|pulp_soc_Z23:pulp_soc_i|soc_peripherals_Z84:soc_peripherals_i|udma_subsystem_Z83:i_udma|udma_spim_top_19s_20s_6s_8s:i_spim_gen_0__i_spim|udma_dc_fifo_32s_8s:u_dc_cmd|dc_token_ring_fifo_din_32s_8s_1:u_din|dc_data_buffer_32s_8s:buffer|syn_mlab:data_mlab|i_pulpissimo_soc_domain_i_pulp_soc_i_soc_peripherals_i_i_udma_i_spim_gen_0__i_spim_u_dc_cmd_u_din_buffer_data_25_16_~MEMORYREGOUT
    Info (332098): From: pulpissimo_Z560:i_pulpissimo|soc_domain_Z559:soc_domain_i|pulp_soc_Z23:pulp_soc_i|soc_peripherals_Z84:soc_peripherals_i|udma_subsystem_Z83:i_udma|udma_spim_top_19s_20s_6s_8s:i_spim_gen_0__i_spim|udma_dc_fifo_32s_8s:u_dc_cmd|dc_token_ring_fifo_din_32s_8s_1:u_din|dc_data_buffer_32s_8s:buffer|syn_mlab:data_mlab|i_pulpissimo_soc_domain_i_pulp_soc_i_soc_peripherals_i_i_udma_i_spim_gen_0__i_spim_u_dc_cmd_u_din_buffer_data_26_17_~CLKMUX_0  to: pulpissimo_Z560:i_pulpissimo|soc_domain_Z559:soc_domain_i|pulp_soc_Z23:pulp_soc_i|soc_peripherals_Z84:soc_peripherals_i|udma_subsystem_Z83:i_udma|udma_spim_top_19s_20s_6s_8s:i_spim_gen_0__i_spim|udma_dc_fifo_32s_8s:u_dc_cmd|dc_token_ring_fifo_din_32s_8s_1:u_din|dc_data_buffer_32s_8s:buffer|syn_mlab:data_mlab|i_pulpissimo_soc_domain_i_pulp_soc_i_soc_peripherals_i_i_udma_i_spim_gen_0__i_spim_u_dc_cmd_u_din_buffer_data_26_17_~MEMORYREGOUT
    Info (332098): From: pulpissimo_Z560:i_pulpissimo|soc_domain_Z559:soc_domain_i|pulp_soc_Z23:pulp_soc_i|soc_peripherals_Z84:soc_peripherals_i|udma_subsystem_Z83:i_udma|udma_spim_top_19s_20s_6s_8s:i_spim_gen_0__i_spim|udma_dc_fifo_32s_8s:u_dc_cmd|dc_token_ring_fifo_din_32s_8s_1:u_din|dc_data_buffer_32s_8s:buffer|syn_mlab:data_mlab|i_pulpissimo_soc_domain_i_pulp_soc_i_soc_peripherals_i_i_udma_i_spim_gen_0__i_spim_u_dc_cmd_u_din_buffer_data_27_18_~CLKMUX_0  to: pulpissimo_Z560:i_pulpissimo|soc_domain_Z559:soc_domain_i|pulp_soc_Z23:pulp_soc_i|soc_peripherals_Z84:soc_peripherals_i|udma_subsystem_Z83:i_udma|udma_spim_top_19s_20s_6s_8s:i_spim_gen_0__i_spim|udma_dc_fifo_32s_8s:u_dc_cmd|dc_token_ring_fifo_din_32s_8s_1:u_din|dc_data_buffer_32s_8s:buffer|syn_mlab:data_mlab|i_pulpissimo_soc_domain_i_pulp_soc_i_soc_peripherals_i_i_udma_i_spim_gen_0__i_spim_u_dc_cmd_u_din_buffer_data_27_18_~MEMORYREGOUT
    Info (332098): From: pulpissimo_Z560:i_pulpissimo|soc_domain_Z559:soc_domain_i|pulp_soc_Z23:pulp_soc_i|soc_peripherals_Z84:soc_peripherals_i|udma_subsystem_Z83:i_udma|udma_spim_top_19s_20s_6s_8s:i_spim_gen_0__i_spim|udma_dc_fifo_32s_8s:u_dc_cmd|dc_token_ring_fifo_din_32s_8s_1:u_din|dc_data_buffer_32s_8s:buffer|syn_mlab:data_mlab|i_pulpissimo_soc_domain_i_pulp_soc_i_soc_peripherals_i_i_udma_i_spim_gen_0__i_spim_u_dc_cmd_u_din_buffer_data_28_19_~CLKMUX_0  to: pulpissimo_Z560:i_pulpissimo|soc_domain_Z559:soc_domain_i|pulp_soc_Z23:pulp_soc_i|soc_peripherals_Z84:soc_peripherals_i|udma_subsystem_Z83:i_udma|udma_spim_top_19s_20s_6s_8s:i_spim_gen_0__i_spim|udma_dc_fifo_32s_8s:u_dc_cmd|dc_token_ring_fifo_din_32s_8s_1:u_din|dc_data_buffer_32s_8s:buffer|syn_mlab:data_mlab|i_pulpissimo_soc_domain_i_pulp_soc_i_soc_peripherals_i_i_udma_i_spim_gen_0__i_spim_u_dc_cmd_u_din_buffer_data_28_19_~MEMORYREGOUT
    Info (332098): From: pulpissimo_Z560:i_pulpissimo|soc_domain_Z559:soc_domain_i|pulp_soc_Z23:pulp_soc_i|soc_peripherals_Z84:soc_peripherals_i|udma_subsystem_Z83:i_udma|udma_spim_top_19s_20s_6s_8s:i_spim_gen_0__i_spim|udma_dc_fifo_32s_8s:u_dc_cmd|dc_token_ring_fifo_din_32s_8s_1:u_din|dc_data_buffer_32s_8s:buffer|syn_mlab:data_mlab|i_pulpissimo_soc_domain_i_pulp_soc_i_soc_peripherals_i_i_udma_i_spim_gen_0__i_spim_u_dc_cmd_u_din_buffer_data_29_20_~CLKMUX_0  to: pulpissimo_Z560:i_pulpissimo|soc_domain_Z559:soc_domain_i|pulp_soc_Z23:pulp_soc_i|soc_peripherals_Z84:soc_peripherals_i|udma_subsystem_Z83:i_udma|udma_spim_top_19s_20s_6s_8s:i_spim_gen_0__i_spim|udma_dc_fifo_32s_8s:u_dc_cmd|dc_token_ring_fifo_din_32s_8s_1:u_din|dc_data_buffer_32s_8s:buffer|syn_mlab:data_mlab|i_pulpissimo_soc_domain_i_pulp_soc_i_soc_peripherals_i_i_udma_i_spim_gen_0__i_spim_u_dc_cmd_u_din_buffer_data_29_20_~MEMORYREGOUT
    Info (332098): From: pulpissimo_Z560:i_pulpissimo|soc_domain_Z559:soc_domain_i|pulp_soc_Z23:pulp_soc_i|soc_peripherals_Z84:soc_peripherals_i|udma_subsystem_Z83:i_udma|udma_spim_top_19s_20s_6s_8s:i_spim_gen_0__i_spim|udma_dc_fifo_32s_8s:u_dc_cmd|dc_token_ring_fifo_din_32s_8s_1:u_din|dc_data_buffer_32s_8s:buffer|syn_mlab:data_mlab|i_pulpissimo_soc_domain_i_pulp_soc_i_soc_peripherals_i_i_udma_i_spim_gen_0__i_spim_u_dc_cmd_u_din_buffer_data_30_21_~CLKMUX_0  to: pulpissimo_Z560:i_pulpissimo|soc_domain_Z559:soc_domain_i|pulp_soc_Z23:pulp_soc_i|soc_peripherals_Z84:soc_peripherals_i|udma_subsystem_Z83:i_udma|udma_spim_top_19s_20s_6s_8s:i_spim_gen_0__i_spim|udma_dc_fifo_32s_8s:u_dc_cmd|dc_token_ring_fifo_din_32s_8s_1:u_din|dc_data_buffer_32s_8s:buffer|syn_mlab:data_mlab|i_pulpissimo_soc_domain_i_pulp_soc_i_soc_peripherals_i_i_udma_i_spim_gen_0__i_spim_u_dc_cmd_u_din_buffer_data_30_21_~MEMORYREGOUT
    Info (332098): From: pulpissimo_Z560:i_pulpissimo|soc_domain_Z559:soc_domain_i|pulp_soc_Z23:pulp_soc_i|soc_peripherals_Z84:soc_peripherals_i|udma_subsystem_Z83:i_udma|udma_spim_top_19s_20s_6s_8s:i_spim_gen_0__i_spim|udma_dc_fifo_32s_8s:u_dc_cmd|dc_token_ring_fifo_din_32s_8s_1:u_din|dc_data_buffer_32s_8s:buffer|syn_mlab:data_mlab|i_pulpissimo_soc_domain_i_pulp_soc_i_soc_peripherals_i_i_udma_i_spim_gen_0__i_spim_u_dc_cmd_u_din_buffer_data_31_22_~CLKMUX_0  to: pulpissimo_Z560:i_pulpissimo|soc_domain_Z559:soc_domain_i|pulp_soc_Z23:pulp_soc_i|soc_peripherals_Z84:soc_peripherals_i|udma_subsystem_Z83:i_udma|udma_spim_top_19s_20s_6s_8s:i_spim_gen_0__i_spim|udma_dc_fifo_32s_8s:u_dc_cmd|dc_token_ring_fifo_din_32s_8s_1:u_din|dc_data_buffer_32s_8s:buffer|syn_mlab:data_mlab|i_pulpissimo_soc_domain_i_pulp_soc_i_soc_peripherals_i_i_udma_i_spim_gen_0__i_spim_u_dc_cmd_u_din_buffer_data_31_22_~MEMORYREGOUT
    Info (332098): From: pulpissimo_Z560:i_pulpissimo|soc_domain_Z559:soc_domain_i|pulp_soc_Z23:pulp_soc_i|soc_peripherals_Z84:soc_peripherals_i|udma_subsystem_Z83:i_udma|udma_spim_top_19s_20s_6s_8s:i_spim_gen_0__i_spim|udma_dc_fifo_32s_8s:u_dc_cmd|dc_token_ring_fifo_din_32s_8s_1:u_din|dc_data_buffer_32s_8s:buffer|syn_mlab:data_mlab|i_pulpissimo_soc_domain_i_pulp_soc_i_soc_peripherals_i_i_udma_i_spim_gen_0__i_spim_u_dc_cmd_u_din_buffer_data_32_23_~CLKMUX_0  to: pulpissimo_Z560:i_pulpissimo|soc_domain_Z559:soc_domain_i|pulp_soc_Z23:pulp_soc_i|soc_peripherals_Z84:soc_peripherals_i|udma_subsystem_Z83:i_udma|udma_spim_top_19s_20s_6s_8s:i_spim_gen_0__i_spim|udma_dc_fifo_32s_8s:u_dc_cmd|dc_token_ring_fifo_din_32s_8s_1:u_din|dc_data_buffer_32s_8s:buffer|syn_mlab:data_mlab|i_pulpissimo_soc_domain_i_pulp_soc_i_soc_peripherals_i_i_udma_i_spim_gen_0__i_spim_u_dc_cmd_u_din_buffer_data_32_23_~MEMORYREGOUT
    Info (332098): From: pulpissimo_Z560:i_pulpissimo|soc_domain_Z559:soc_domain_i|pulp_soc_Z23:pulp_soc_i|soc_peripherals_Z84:soc_peripherals_i|udma_subsystem_Z83:i_udma|udma_spim_top_19s_20s_6s_8s:i_spim_gen_0__i_spim|udma_dc_fifo_32s_8s:u_dc_cmd|dc_token_ring_fifo_din_32s_8s_1:u_din|dc_data_buffer_32s_8s:buffer|syn_mlab:data_mlab|i_pulpissimo_soc_domain_i_pulp_soc_i_soc_peripherals_i_i_udma_i_spim_gen_0__i_spim_u_dc_cmd_u_din_buffer_data_33_24_~CLKMUX_0  to: pulpissimo_Z560:i_pulpissimo|soc_domain_Z559:soc_domain_i|pulp_soc_Z23:pulp_soc_i|soc_peripherals_Z84:soc_peripherals_i|udma_subsystem_Z83:i_udma|udma_spim_top_19s_20s_6s_8s:i_spim_gen_0__i_spim|udma_dc_fifo_32s_8s:u_dc_cmd|dc_token_ring_fifo_din_32s_8s_1:u_din|dc_data_buffer_32s_8s:buffer|syn_mlab:data_mlab|i_pulpissimo_soc_domain_i_pulp_soc_i_soc_peripherals_i_i_udma_i_spim_gen_0__i_spim_u_dc_cmd_u_din_buffer_data_33_24_~MEMORYREGOUT
    Info (332098): From: pulpissimo_Z560:i_pulpissimo|soc_domain_Z559:soc_domain_i|pulp_soc_Z23:pulp_soc_i|soc_peripherals_Z84:soc_peripherals_i|udma_subsystem_Z83:i_udma|udma_spim_top_19s_20s_6s_8s:i_spim_gen_0__i_spim|udma_dc_fifo_32s_8s:u_dc_cmd|dc_token_ring_fifo_din_32s_8s_1:u_din|dc_data_buffer_32s_8s:buffer|syn_mlab:data_mlab|i_pulpissimo_soc_domain_i_pulp_soc_i_soc_peripherals_i_i_udma_i_spim_gen_0__i_spim_u_dc_cmd_u_din_buffer_data_34_25_~CLKMUX_0  to: pulpissimo_Z560:i_pulpissimo|soc_domain_Z559:soc_domain_i|pulp_soc_Z23:pulp_soc_i|soc_peripherals_Z84:soc_peripherals_i|udma_subsystem_Z83:i_udma|udma_spim_top_19s_20s_6s_8s:i_spim_gen_0__i_spim|udma_dc_fifo_32s_8s:u_dc_cmd|dc_token_ring_fifo_din_32s_8s_1:u_din|dc_data_buffer_32s_8s:buffer|syn_mlab:data_mlab|i_pulpissimo_soc_domain_i_pulp_soc_i_soc_peripherals_i_i_udma_i_spim_gen_0__i_spim_u_dc_cmd_u_din_buffer_data_34_25_~MEMORYREGOUT
    Info (332098): From: pulpissimo_Z560:i_pulpissimo|soc_domain_Z559:soc_domain_i|pulp_soc_Z23:pulp_soc_i|soc_peripherals_Z84:soc_peripherals_i|udma_subsystem_Z83:i_udma|udma_spim_top_19s_20s_6s_8s:i_spim_gen_0__i_spim|udma_dc_fifo_32s_8s:u_dc_cmd|dc_token_ring_fifo_din_32s_8s_1:u_din|dc_data_buffer_32s_8s:buffer|syn_mlab:data_mlab|i_pulpissimo_soc_domain_i_pulp_soc_i_soc_peripherals_i_i_udma_i_spim_gen_0__i_spim_u_dc_cmd_u_din_buffer_data_35_26_~CLKMUX_0  to: pulpissimo_Z560:i_pulpissimo|soc_domain_Z559:soc_domain_i|pulp_soc_Z23:pulp_soc_i|soc_peripherals_Z84:soc_peripherals_i|udma_subsystem_Z83:i_udma|udma_spim_top_19s_20s_6s_8s:i_spim_gen_0__i_spim|udma_dc_fifo_32s_8s:u_dc_cmd|dc_token_ring_fifo_din_32s_8s_1:u_din|dc_data_buffer_32s_8s:buffer|syn_mlab:data_mlab|i_pulpissimo_soc_domain_i_pulp_soc_i_soc_peripherals_i_i_udma_i_spim_gen_0__i_spim_u_dc_cmd_u_din_buffer_data_35_26_~MEMORYREGOUT
    Info (332098): From: pulpissimo_Z560:i_pulpissimo|soc_domain_Z559:soc_domain_i|pulp_soc_Z23:pulp_soc_i|soc_peripherals_Z84:soc_peripherals_i|udma_subsystem_Z83:i_udma|udma_spim_top_19s_20s_6s_8s:i_spim_gen_0__i_spim|udma_dc_fifo_32s_8s:u_dc_cmd|dc_token_ring_fifo_din_32s_8s_1:u_din|dc_data_buffer_32s_8s:buffer|syn_mlab:data_mlab|i_pulpissimo_soc_domain_i_pulp_soc_i_soc_peripherals_i_i_udma_i_spim_gen_0__i_spim_u_dc_cmd_u_din_buffer_data_36_27_~CLKMUX_0  to: pulpissimo_Z560:i_pulpissimo|soc_domain_Z559:soc_domain_i|pulp_soc_Z23:pulp_soc_i|soc_peripherals_Z84:soc_peripherals_i|udma_subsystem_Z83:i_udma|udma_spim_top_19s_20s_6s_8s:i_spim_gen_0__i_spim|udma_dc_fifo_32s_8s:u_dc_cmd|dc_token_ring_fifo_din_32s_8s_1:u_din|dc_data_buffer_32s_8s:buffer|syn_mlab:data_mlab|i_pulpissimo_soc_domain_i_pulp_soc_i_soc_peripherals_i_i_udma_i_spim_gen_0__i_spim_u_dc_cmd_u_din_buffer_data_36_27_~MEMORYREGOUT
    Info (332098): From: pulpissimo_Z560:i_pulpissimo|soc_domain_Z559:soc_domain_i|pulp_soc_Z23:pulp_soc_i|soc_peripherals_Z84:soc_peripherals_i|udma_subsystem_Z83:i_udma|udma_spim_top_19s_20s_6s_8s:i_spim_gen_0__i_spim|udma_dc_fifo_32s_8s:u_dc_cmd|dc_token_ring_fifo_din_32s_8s_1:u_din|dc_data_buffer_32s_8s:buffer|syn_mlab:data_mlab|i_pulpissimo_soc_domain_i_pulp_soc_i_soc_peripherals_i_i_udma_i_spim_gen_0__i_spim_u_dc_cmd_u_din_buffer_data_37_28_~CLKMUX_0  to: pulpissimo_Z560:i_pulpissimo|soc_domain_Z559:soc_domain_i|pulp_soc_Z23:pulp_soc_i|soc_peripherals_Z84:soc_peripherals_i|udma_subsystem_Z83:i_udma|udma_spim_top_19s_20s_6s_8s:i_spim_gen_0__i_spim|udma_dc_fifo_32s_8s:u_dc_cmd|dc_token_ring_fifo_din_32s_8s_1:u_din|dc_data_buffer_32s_8s:buffer|syn_mlab:data_mlab|i_pulpissimo_soc_domain_i_pulp_soc_i_soc_peripherals_i_i_udma_i_spim_gen_0__i_spim_u_dc_cmd_u_din_buffer_data_37_28_~MEMORYREGOUT
    Info (332098): From: pulpissimo_Z560:i_pulpissimo|soc_domain_Z559:soc_domain_i|pulp_soc_Z23:pulp_soc_i|soc_peripherals_Z84:soc_peripherals_i|udma_subsystem_Z83:i_udma|udma_spim_top_19s_20s_6s_8s:i_spim_gen_0__i_spim|udma_dc_fifo_32s_8s:u_dc_cmd|dc_token_ring_fifo_din_32s_8s_1:u_din|dc_data_buffer_32s_8s:buffer|syn_mlab:data_mlab|i_pulpissimo_soc_domain_i_pulp_soc_i_soc_peripherals_i_i_udma_i_spim_gen_0__i_spim_u_dc_cmd_u_din_buffer_data_38_29_~CLKMUX_0  to: pulpissimo_Z560:i_pulpissimo|soc_domain_Z559:soc_domain_i|pulp_soc_Z23:pulp_soc_i|soc_peripherals_Z84:soc_peripherals_i|udma_subsystem_Z83:i_udma|udma_spim_top_19s_20s_6s_8s:i_spim_gen_0__i_spim|udma_dc_fifo_32s_8s:u_dc_cmd|dc_token_ring_fifo_din_32s_8s_1:u_din|dc_data_buffer_32s_8s:buffer|syn_mlab:data_mlab|i_pulpissimo_soc_domain_i_pulp_soc_i_soc_peripherals_i_i_udma_i_spim_gen_0__i_spim_u_dc_cmd_u_din_buffer_data_38_29_~MEMORYREGOUT
    Info (332098): From: pulpissimo_Z560:i_pulpissimo|soc_domain_Z559:soc_domain_i|pulp_soc_Z23:pulp_soc_i|soc_peripherals_Z84:soc_peripherals_i|udma_subsystem_Z83:i_udma|udma_spim_top_19s_20s_6s_8s:i_spim_gen_0__i_spim|udma_dc_fifo_32s_8s:u_dc_cmd|dc_token_ring_fifo_din_32s_8s_1:u_din|dc_data_buffer_32s_8s:buffer|syn_mlab:data_mlab|i_pulpissimo_soc_domain_i_pulp_soc_i_soc_peripherals_i_i_udma_i_spim_gen_0__i_spim_u_dc_cmd_u_din_buffer_data_39_30_~CLKMUX_0  to: pulpissimo_Z560:i_pulpissimo|soc_domain_Z559:soc_domain_i|pulp_soc_Z23:pulp_soc_i|soc_peripherals_Z84:soc_peripherals_i|udma_subsystem_Z83:i_udma|udma_spim_top_19s_20s_6s_8s:i_spim_gen_0__i_spim|udma_dc_fifo_32s_8s:u_dc_cmd|dc_token_ring_fifo_din_32s_8s_1:u_din|dc_data_buffer_32s_8s:buffer|syn_mlab:data_mlab|i_pulpissimo_soc_domain_i_pulp_soc_i_soc_peripherals_i_i_udma_i_spim_gen_0__i_spim_u_dc_cmd_u_din_buffer_data_39_30_~MEMORYREGOUT
    Info (332098): From: pulpissimo_Z560:i_pulpissimo|soc_domain_Z559:soc_domain_i|pulp_soc_Z23:pulp_soc_i|soc_peripherals_Z84:soc_peripherals_i|udma_subsystem_Z83:i_udma|udma_spim_top_19s_20s_6s_8s:i_spim_gen_0__i_spim|udma_dc_fifo_32s_8s:u_dc_cmd|dc_token_ring_fifo_din_32s_8s_1:u_din|dc_data_buffer_32s_8s:buffer|syn_mlab:data_mlab|i_pulpissimo_soc_domain_i_pulp_soc_i_soc_peripherals_i_i_udma_i_spim_gen_0__i_spim_u_dc_cmd_u_din_buffer_data_40_31_~CLKMUX_0  to: pulpissimo_Z560:i_pulpissimo|soc_domain_Z559:soc_domain_i|pulp_soc_Z23:pulp_soc_i|soc_peripherals_Z84:soc_peripherals_i|udma_subsystem_Z83:i_udma|udma_spim_top_19s_20s_6s_8s:i_spim_gen_0__i_spim|udma_dc_fifo_32s_8s:u_dc_cmd|dc_token_ring_fifo_din_32s_8s_1:u_din|dc_data_buffer_32s_8s:buffer|syn_mlab:data_mlab|i_pulpissimo_soc_domain_i_pulp_soc_i_soc_peripherals_i_i_udma_i_spim_gen_0__i_spim_u_dc_cmd_u_din_buffer_data_40_31_~MEMORYREGOUT
    Info (332098): From: pulpissimo_Z560:i_pulpissimo|soc_domain_Z559:soc_domain_i|pulp_soc_Z23:pulp_soc_i|soc_peripherals_Z84:soc_peripherals_i|udma_subsystem_Z83:i_udma|udma_spim_top_19s_20s_6s_8s:i_spim_gen_0__i_spim|udma_dc_fifo_32s_8s:u_dc_cmd|dc_token_ring_fifo_din_32s_8s_1:u_din|dc_data_buffer_32s_8s:buffer|syn_mlab:data_mlab|i_pulpissimo_soc_domain_i_pulp_soc_i_soc_peripherals_i_i_udma_i_spim_gen_0__i_spim_u_dc_cmd_u_din_buffer_data_9_0_~CLKMUX_0  to: pulpissimo_Z560:i_pulpissimo|soc_domain_Z559:soc_domain_i|pulp_soc_Z23:pulp_soc_i|soc_peripherals_Z84:soc_peripherals_i|udma_subsystem_Z83:i_udma|udma_spim_top_19s_20s_6s_8s:i_spim_gen_0__i_spim|udma_dc_fifo_32s_8s:u_dc_cmd|dc_token_ring_fifo_din_32s_8s_1:u_din|dc_data_buffer_32s_8s:buffer|syn_mlab:data_mlab|i_pulpissimo_soc_domain_i_pulp_soc_i_soc_peripherals_i_i_udma_i_spim_gen_0__i_spim_u_dc_cmd_u_din_buffer_data_9_0_~MEMORYREGOUT
    Info (332098): From: pulpissimo_Z560:i_pulpissimo|soc_domain_Z559:soc_domain_i|pulp_soc_Z23:pulp_soc_i|soc_peripherals_Z84:soc_peripherals_i|udma_subsystem_Z83:i_udma|udma_spim_top_19s_20s_6s_8s:i_spim_gen_0__i_spim|udma_dc_fifo_32s_8s_1:u_dc_tx|dc_token_ring_fifo_din_32s_8s_1_0:u_din|dc_data_buffer_32s_8s_0:buffer|syn_mlab_0:data_mlab|i_pulpissimo_soc_domain_i_pulp_soc_i_soc_peripherals_i_i_udma_i_spim_gen_0__i_spim_u_dc_tx_u_din_buffer_data_41_0_~CLKMUX_0  to: pulpissimo_Z560:i_pulpissimo|soc_domain_Z559:soc_domain_i|pulp_soc_Z23:pulp_soc_i|soc_peripherals_Z84:soc_peripherals_i|udma_subsystem_Z83:i_udma|udma_spim_top_19s_20s_6s_8s:i_spim_gen_0__i_spim|udma_dc_fifo_32s_8s_1:u_dc_tx|dc_token_ring_fifo_din_32s_8s_1_0:u_din|dc_data_buffer_32s_8s_0:buffer|syn_mlab_0:data_mlab|i_pulpissimo_soc_domain_i_pulp_soc_i_soc_peripherals_i_i_udma_i_spim_gen_0__i_spim_u_dc_tx_u_din_buffer_data_41_0_~MEMORYREGOUT
    Info (332098): From: pulpissimo_Z560:i_pulpissimo|soc_domain_Z559:soc_domain_i|pulp_soc_Z23:pulp_soc_i|soc_peripherals_Z84:soc_peripherals_i|udma_subsystem_Z83:i_udma|udma_spim_top_19s_20s_6s_8s:i_spim_gen_0__i_spim|udma_dc_fifo_32s_8s_1:u_dc_tx|dc_token_ring_fifo_din_32s_8s_1_0:u_din|dc_data_buffer_32s_8s_0:buffer|syn_mlab_0:data_mlab|i_pulpissimo_soc_domain_i_pulp_soc_i_soc_peripherals_i_i_udma_i_spim_gen_0__i_spim_u_dc_tx_u_din_buffer_data_42_1_~CLKMUX_0  to: pulpissimo_Z560:i_pulpissimo|soc_domain_Z559:soc_domain_i|pulp_soc_Z23:pulp_soc_i|soc_peripherals_Z84:soc_peripherals_i|udma_subsystem_Z83:i_udma|udma_spim_top_19s_20s_6s_8s:i_spim_gen_0__i_spim|udma_dc_fifo_32s_8s_1:u_dc_tx|dc_token_ring_fifo_din_32s_8s_1_0:u_din|dc_data_buffer_32s_8s_0:buffer|syn_mlab_0:data_mlab|i_pulpissimo_soc_domain_i_pulp_soc_i_soc_peripherals_i_i_udma_i_spim_gen_0__i_spim_u_dc_tx_u_din_buffer_data_42_1_~MEMORYREGOUT
    Info (332098): From: pulpissimo_Z560:i_pulpissimo|soc_domain_Z559:soc_domain_i|pulp_soc_Z23:pulp_soc_i|soc_peripherals_Z84:soc_peripherals_i|udma_subsystem_Z83:i_udma|udma_spim_top_19s_20s_6s_8s:i_spim_gen_0__i_spim|udma_dc_fifo_32s_8s_1:u_dc_tx|dc_token_ring_fifo_din_32s_8s_1_0:u_din|dc_data_buffer_32s_8s_0:buffer|syn_mlab_0:data_mlab|i_pulpissimo_soc_domain_i_pulp_soc_i_soc_peripherals_i_i_udma_i_spim_gen_0__i_spim_u_dc_tx_u_din_buffer_data_43_2_~CLKMUX_0  to: pulpissimo_Z560:i_pulpissimo|soc_domain_Z559:soc_domain_i|pulp_soc_Z23:pulp_soc_i|soc_peripherals_Z84:soc_peripherals_i|udma_subsystem_Z83:i_udma|udma_spim_top_19s_20s_6s_8s:i_spim_gen_0__i_spim|udma_dc_fifo_32s_8s_1:u_dc_tx|dc_token_ring_fifo_din_32s_8s_1_0:u_din|dc_data_buffer_32s_8s_0:buffer|syn_mlab_0:data_mlab|i_pulpissimo_soc_domain_i_pulp_soc_i_soc_peripherals_i_i_udma_i_spim_gen_0__i_spim_u_dc_tx_u_din_buffer_data_43_2_~MEMORYREGOUT
    Info (332098): From: pulpissimo_Z560:i_pulpissimo|soc_domain_Z559:soc_domain_i|pulp_soc_Z23:pulp_soc_i|soc_peripherals_Z84:soc_peripherals_i|udma_subsystem_Z83:i_udma|udma_spim_top_19s_20s_6s_8s:i_spim_gen_0__i_spim|udma_dc_fifo_32s_8s_1:u_dc_tx|dc_token_ring_fifo_din_32s_8s_1_0:u_din|dc_data_buffer_32s_8s_0:buffer|syn_mlab_0:data_mlab|i_pulpissimo_soc_domain_i_pulp_soc_i_soc_peripherals_i_i_udma_i_spim_gen_0__i_spim_u_dc_tx_u_din_buffer_data_44_3_~CLKMUX_0  to: pulpissimo_Z560:i_pulpissimo|soc_domain_Z559:soc_domain_i|pulp_soc_Z23:pulp_soc_i|soc_peripherals_Z84:soc_peripherals_i|udma_subsystem_Z83:i_udma|udma_spim_top_19s_20s_6s_8s:i_spim_gen_0__i_spim|udma_dc_fifo_32s_8s_1:u_dc_tx|dc_token_ring_fifo_din_32s_8s_1_0:u_din|dc_data_buffer_32s_8s_0:buffer|syn_mlab_0:data_mlab|i_pulpissimo_soc_domain_i_pulp_soc_i_soc_peripherals_i_i_udma_i_spim_gen_0__i_spim_u_dc_tx_u_din_buffer_data_44_3_~MEMORYREGOUT
    Info (332098): From: pulpissimo_Z560:i_pulpissimo|soc_domain_Z559:soc_domain_i|pulp_soc_Z23:pulp_soc_i|soc_peripherals_Z84:soc_peripherals_i|udma_subsystem_Z83:i_udma|udma_spim_top_19s_20s_6s_8s:i_spim_gen_0__i_spim|udma_dc_fifo_32s_8s_1:u_dc_tx|dc_token_ring_fifo_din_32s_8s_1_0:u_din|dc_data_buffer_32s_8s_0:buffer|syn_mlab_0:data_mlab|i_pulpissimo_soc_domain_i_pulp_soc_i_soc_peripherals_i_i_udma_i_spim_gen_0__i_spim_u_dc_tx_u_din_buffer_data_45_4_~CLKMUX_0  to: pulpissimo_Z560:i_pulpissimo|soc_domain_Z559:soc_domain_i|pulp_soc_Z23:pulp_soc_i|soc_peripherals_Z84:soc_peripherals_i|udma_subsystem_Z83:i_udma|udma_spim_top_19s_20s_6s_8s:i_spim_gen_0__i_spim|udma_dc_fifo_32s_8s_1:u_dc_tx|dc_token_ring_fifo_din_32s_8s_1_0:u_din|dc_data_buffer_32s_8s_0:buffer|syn_mlab_0:data_mlab|i_pulpissimo_soc_domain_i_pulp_soc_i_soc_peripherals_i_i_udma_i_spim_gen_0__i_spim_u_dc_tx_u_din_buffer_data_45_4_~MEMORYREGOUT
    Info (332098): From: pulpissimo_Z560:i_pulpissimo|soc_domain_Z559:soc_domain_i|pulp_soc_Z23:pulp_soc_i|soc_peripherals_Z84:soc_peripherals_i|udma_subsystem_Z83:i_udma|udma_spim_top_19s_20s_6s_8s:i_spim_gen_0__i_spim|udma_dc_fifo_32s_8s_1:u_dc_tx|dc_token_ring_fifo_din_32s_8s_1_0:u_din|dc_data_buffer_32s_8s_0:buffer|syn_mlab_0:data_mlab|i_pulpissimo_soc_domain_i_pulp_soc_i_soc_peripherals_i_i_udma_i_spim_gen_0__i_spim_u_dc_tx_u_din_buffer_data_46_5_~CLKMUX_0  to: pulpissimo_Z560:i_pulpissimo|soc_domain_Z559:soc_domain_i|pulp_soc_Z23:pulp_soc_i|soc_peripherals_Z84:soc_peripherals_i|udma_subsystem_Z83:i_udma|udma_spim_top_19s_20s_6s_8s:i_spim_gen_0__i_spim|udma_dc_fifo_32s_8s_1:u_dc_tx|dc_token_ring_fifo_din_32s_8s_1_0:u_din|dc_data_buffer_32s_8s_0:buffer|syn_mlab_0:data_mlab|i_pulpissimo_soc_domain_i_pulp_soc_i_soc_peripherals_i_i_udma_i_spim_gen_0__i_spim_u_dc_tx_u_din_buffer_data_46_5_~MEMORYREGOUT
    Info (332098): From: pulpissimo_Z560:i_pulpissimo|soc_domain_Z559:soc_domain_i|pulp_soc_Z23:pulp_soc_i|soc_peripherals_Z84:soc_peripherals_i|udma_subsystem_Z83:i_udma|udma_spim_top_19s_20s_6s_8s:i_spim_gen_0__i_spim|udma_dc_fifo_32s_8s_1:u_dc_tx|dc_token_ring_fifo_din_32s_8s_1_0:u_din|dc_data_buffer_32s_8s_0:buffer|syn_mlab_0:data_mlab|i_pulpissimo_soc_domain_i_pulp_soc_i_soc_peripherals_i_i_udma_i_spim_gen_0__i_spim_u_dc_tx_u_din_buffer_data_47_6_~CLKMUX_0  to: pulpissimo_Z560:i_pulpissimo|soc_domain_Z559:soc_domain_i|pulp_soc_Z23:pulp_soc_i|soc_peripherals_Z84:soc_peripherals_i|udma_subsystem_Z83:i_udma|udma_spim_top_19s_20s_6s_8s:i_spim_gen_0__i_spim|udma_dc_fifo_32s_8s_1:u_dc_tx|dc_token_ring_fifo_din_32s_8s_1_0:u_din|dc_data_buffer_32s_8s_0:buffer|syn_mlab_0:data_mlab|i_pulpissimo_soc_domain_i_pulp_soc_i_soc_peripherals_i_i_udma_i_spim_gen_0__i_spim_u_dc_tx_u_din_buffer_data_47_6_~MEMORYREGOUT
    Info (332098): From: pulpissimo_Z560:i_pulpissimo|soc_domain_Z559:soc_domain_i|pulp_soc_Z23:pulp_soc_i|soc_peripherals_Z84:soc_peripherals_i|udma_subsystem_Z83:i_udma|udma_spim_top_19s_20s_6s_8s:i_spim_gen_0__i_spim|udma_dc_fifo_32s_8s_1:u_dc_tx|dc_token_ring_fifo_din_32s_8s_1_0:u_din|dc_data_buffer_32s_8s_0:buffer|syn_mlab_0:data_mlab|i_pulpissimo_soc_domain_i_pulp_soc_i_soc_peripherals_i_i_udma_i_spim_gen_0__i_spim_u_dc_tx_u_din_buffer_data_48_7_~CLKMUX_0  to: pulpissimo_Z560:i_pulpissimo|soc_domain_Z559:soc_domain_i|pulp_soc_Z23:pulp_soc_i|soc_peripherals_Z84:soc_peripherals_i|udma_subsystem_Z83:i_udma|udma_spim_top_19s_20s_6s_8s:i_spim_gen_0__i_spim|udma_dc_fifo_32s_8s_1:u_dc_tx|dc_token_ring_fifo_din_32s_8s_1_0:u_din|dc_data_buffer_32s_8s_0:buffer|syn_mlab_0:data_mlab|i_pulpissimo_soc_domain_i_pulp_soc_i_soc_peripherals_i_i_udma_i_spim_gen_0__i_spim_u_dc_tx_u_din_buffer_data_48_7_~MEMORYREGOUT
    Info (332098): From: pulpissimo_Z560:i_pulpissimo|soc_domain_Z559:soc_domain_i|pulp_soc_Z23:pulp_soc_i|soc_peripherals_Z84:soc_peripherals_i|udma_subsystem_Z83:i_udma|udma_spim_top_19s_20s_6s_8s:i_spim_gen_0__i_spim|udma_dc_fifo_32s_8s_1:u_dc_tx|dc_token_ring_fifo_din_32s_8s_1_0:u_din|dc_data_buffer_32s_8s_0:buffer|syn_mlab_0:data_mlab|i_pulpissimo_soc_domain_i_pulp_soc_i_soc_peripherals_i_i_udma_i_spim_gen_0__i_spim_u_dc_tx_u_din_buffer_data_49_8_~CLKMUX_0  to: pulpissimo_Z560:i_pulpissimo|soc_domain_Z559:soc_domain_i|pulp_soc_Z23:pulp_soc_i|soc_peripherals_Z84:soc_peripherals_i|udma_subsystem_Z83:i_udma|udma_spim_top_19s_20s_6s_8s:i_spim_gen_0__i_spim|udma_dc_fifo_32s_8s_1:u_dc_tx|dc_token_ring_fifo_din_32s_8s_1_0:u_din|dc_data_buffer_32s_8s_0:buffer|syn_mlab_0:data_mlab|i_pulpissimo_soc_domain_i_pulp_soc_i_soc_peripherals_i_i_udma_i_spim_gen_0__i_spim_u_dc_tx_u_din_buffer_data_49_8_~MEMORYREGOUT
    Info (332098): From: pulpissimo_Z560:i_pulpissimo|soc_domain_Z559:soc_domain_i|pulp_soc_Z23:pulp_soc_i|soc_peripherals_Z84:soc_peripherals_i|udma_subsystem_Z83:i_udma|udma_spim_top_19s_20s_6s_8s:i_spim_gen_0__i_spim|udma_dc_fifo_32s_8s_1:u_dc_tx|dc_token_ring_fifo_din_32s_8s_1_0:u_din|dc_data_buffer_32s_8s_0:buffer|syn_mlab_0:data_mlab|i_pulpissimo_soc_domain_i_pulp_soc_i_soc_peripherals_i_i_udma_i_spim_gen_0__i_spim_u_dc_tx_u_din_buffer_data_50_9_~CLKMUX_0  to: pulpissimo_Z560:i_pulpissimo|soc_domain_Z559:soc_domain_i|pulp_soc_Z23:pulp_soc_i|soc_peripherals_Z84:soc_peripherals_i|udma_subsystem_Z83:i_udma|udma_spim_top_19s_20s_6s_8s:i_spim_gen_0__i_spim|udma_dc_fifo_32s_8s_1:u_dc_tx|dc_token_ring_fifo_din_32s_8s_1_0:u_din|dc_data_buffer_32s_8s_0:buffer|syn_mlab_0:data_mlab|i_pulpissimo_soc_domain_i_pulp_soc_i_soc_peripherals_i_i_udma_i_spim_gen_0__i_spim_u_dc_tx_u_din_buffer_data_50_9_~MEMORYREGOUT
    Info (332098): From: pulpissimo_Z560:i_pulpissimo|soc_domain_Z559:soc_domain_i|pulp_soc_Z23:pulp_soc_i|soc_peripherals_Z84:soc_peripherals_i|udma_subsystem_Z83:i_udma|udma_spim_top_19s_20s_6s_8s:i_spim_gen_0__i_spim|udma_dc_fifo_32s_8s_1:u_dc_tx|dc_token_ring_fifo_din_32s_8s_1_0:u_din|dc_data_buffer_32s_8s_0:buffer|syn_mlab_0:data_mlab|i_pulpissimo_soc_domain_i_pulp_soc_i_soc_peripherals_i_i_udma_i_spim_gen_0__i_spim_u_dc_tx_u_din_buffer_data_51_10_~CLKMUX_0  to: pulpissimo_Z560:i_pulpissimo|soc_domain_Z559:soc_domain_i|pulp_soc_Z23:pulp_soc_i|soc_peripherals_Z84:soc_peripherals_i|udma_subsystem_Z83:i_udma|udma_spim_top_19s_20s_6s_8s:i_spim_gen_0__i_spim|udma_dc_fifo_32s_8s_1:u_dc_tx|dc_token_ring_fifo_din_32s_8s_1_0:u_din|dc_data_buffer_32s_8s_0:buffer|syn_mlab_0:data_mlab|i_pulpissimo_soc_domain_i_pulp_soc_i_soc_peripherals_i_i_udma_i_spim_gen_0__i_spim_u_dc_tx_u_din_buffer_data_51_10_~MEMORYREGOUT
    Info (332098): From: pulpissimo_Z560:i_pulpissimo|soc_domain_Z559:soc_domain_i|pulp_soc_Z23:pulp_soc_i|soc_peripherals_Z84:soc_peripherals_i|udma_subsystem_Z83:i_udma|udma_spim_top_19s_20s_6s_8s:i_spim_gen_0__i_spim|udma_dc_fifo_32s_8s_1:u_dc_tx|dc_token_ring_fifo_din_32s_8s_1_0:u_din|dc_data_buffer_32s_8s_0:buffer|syn_mlab_0:data_mlab|i_pulpissimo_soc_domain_i_pulp_soc_i_soc_peripherals_i_i_udma_i_spim_gen_0__i_spim_u_dc_tx_u_din_buffer_data_52_11_~CLKMUX_0  to: pulpissimo_Z560:i_pulpissimo|soc_domain_Z559:soc_domain_i|pulp_soc_Z23:pulp_soc_i|soc_peripherals_Z84:soc_peripherals_i|udma_subsystem_Z83:i_udma|udma_spim_top_19s_20s_6s_8s:i_spim_gen_0__i_spim|udma_dc_fifo_32s_8s_1:u_dc_tx|dc_token_ring_fifo_din_32s_8s_1_0:u_din|dc_data_buffer_32s_8s_0:buffer|syn_mlab_0:data_mlab|i_pulpissimo_soc_domain_i_pulp_soc_i_soc_peripherals_i_i_udma_i_spim_gen_0__i_spim_u_dc_tx_u_din_buffer_data_52_11_~MEMORYREGOUT
    Info (332098): From: pulpissimo_Z560:i_pulpissimo|soc_domain_Z559:soc_domain_i|pulp_soc_Z23:pulp_soc_i|soc_peripherals_Z84:soc_peripherals_i|udma_subsystem_Z83:i_udma|udma_spim_top_19s_20s_6s_8s:i_spim_gen_0__i_spim|udma_dc_fifo_32s_8s_1:u_dc_tx|dc_token_ring_fifo_din_32s_8s_1_0:u_din|dc_data_buffer_32s_8s_0:buffer|syn_mlab_0:data_mlab|i_pulpissimo_soc_domain_i_pulp_soc_i_soc_peripherals_i_i_udma_i_spim_gen_0__i_spim_u_dc_tx_u_din_buffer_data_53_12_~CLKMUX_0  to: pulpissimo_Z560:i_pulpissimo|soc_domain_Z559:soc_domain_i|pulp_soc_Z23:pulp_soc_i|soc_peripherals_Z84:soc_peripherals_i|udma_subsystem_Z83:i_udma|udma_spim_top_19s_20s_6s_8s:i_spim_gen_0__i_spim|udma_dc_fifo_32s_8s_1:u_dc_tx|dc_token_ring_fifo_din_32s_8s_1_0:u_din|dc_data_buffer_32s_8s_0:buffer|syn_mlab_0:data_mlab|i_pulpissimo_soc_domain_i_pulp_soc_i_soc_peripherals_i_i_udma_i_spim_gen_0__i_spim_u_dc_tx_u_din_buffer_data_53_12_~MEMORYREGOUT
    Info (332098): From: pulpissimo_Z560:i_pulpissimo|soc_domain_Z559:soc_domain_i|pulp_soc_Z23:pulp_soc_i|soc_peripherals_Z84:soc_peripherals_i|udma_subsystem_Z83:i_udma|udma_spim_top_19s_20s_6s_8s:i_spim_gen_0__i_spim|udma_dc_fifo_32s_8s_1:u_dc_tx|dc_token_ring_fifo_din_32s_8s_1_0:u_din|dc_data_buffer_32s_8s_0:buffer|syn_mlab_0:data_mlab|i_pulpissimo_soc_domain_i_pulp_soc_i_soc_peripherals_i_i_udma_i_spim_gen_0__i_spim_u_dc_tx_u_din_buffer_data_54_13_~CLKMUX_0  to: pulpissimo_Z560:i_pulpissimo|soc_domain_Z559:soc_domain_i|pulp_soc_Z23:pulp_soc_i|soc_peripherals_Z84:soc_peripherals_i|udma_subsystem_Z83:i_udma|udma_spim_top_19s_20s_6s_8s:i_spim_gen_0__i_spim|udma_dc_fifo_32s_8s_1:u_dc_tx|dc_token_ring_fifo_din_32s_8s_1_0:u_din|dc_data_buffer_32s_8s_0:buffer|syn_mlab_0:data_mlab|i_pulpissimo_soc_domain_i_pulp_soc_i_soc_peripherals_i_i_udma_i_spim_gen_0__i_spim_u_dc_tx_u_din_buffer_data_54_13_~MEMORYREGOUT
    Info (332098): From: pulpissimo_Z560:i_pulpissimo|soc_domain_Z559:soc_domain_i|pulp_soc_Z23:pulp_soc_i|soc_peripherals_Z84:soc_peripherals_i|udma_subsystem_Z83:i_udma|udma_spim_top_19s_20s_6s_8s:i_spim_gen_0__i_spim|udma_dc_fifo_32s_8s_1:u_dc_tx|dc_token_ring_fifo_din_32s_8s_1_0:u_din|dc_data_buffer_32s_8s_0:buffer|syn_mlab_0:data_mlab|i_pulpissimo_soc_domain_i_pulp_soc_i_soc_peripherals_i_i_udma_i_spim_gen_0__i_spim_u_dc_tx_u_din_buffer_data_55_14_~CLKMUX_0  to: pulpissimo_Z560:i_pulpissimo|soc_domain_Z559:soc_domain_i|pulp_soc_Z23:pulp_soc_i|soc_peripherals_Z84:soc_peripherals_i|udma_subsystem_Z83:i_udma|udma_spim_top_19s_20s_6s_8s:i_spim_gen_0__i_spim|udma_dc_fifo_32s_8s_1:u_dc_tx|dc_token_ring_fifo_din_32s_8s_1_0:u_din|dc_data_buffer_32s_8s_0:buffer|syn_mlab_0:data_mlab|i_pulpissimo_soc_domain_i_pulp_soc_i_soc_peripherals_i_i_udma_i_spim_gen_0__i_spim_u_dc_tx_u_din_buffer_data_55_14_~MEMORYREGOUT
    Info (332098): From: pulpissimo_Z560:i_pulpissimo|soc_domain_Z559:soc_domain_i|pulp_soc_Z23:pulp_soc_i|soc_peripherals_Z84:soc_peripherals_i|udma_subsystem_Z83:i_udma|udma_spim_top_19s_20s_6s_8s:i_spim_gen_0__i_spim|udma_dc_fifo_32s_8s_1:u_dc_tx|dc_token_ring_fifo_din_32s_8s_1_0:u_din|dc_data_buffer_32s_8s_0:buffer|syn_mlab_0:data_mlab|i_pulpissimo_soc_domain_i_pulp_soc_i_soc_peripherals_i_i_udma_i_spim_gen_0__i_spim_u_dc_tx_u_din_buffer_data_56_15_~CLKMUX_0  to: pulpissimo_Z560:i_pulpissimo|soc_domain_Z559:soc_domain_i|pulp_soc_Z23:pulp_soc_i|soc_peripherals_Z84:soc_peripherals_i|udma_subsystem_Z83:i_udma|udma_spim_top_19s_20s_6s_8s:i_spim_gen_0__i_spim|udma_dc_fifo_32s_8s_1:u_dc_tx|dc_token_ring_fifo_din_32s_8s_1_0:u_din|dc_data_buffer_32s_8s_0:buffer|syn_mlab_0:data_mlab|i_pulpissimo_soc_domain_i_pulp_soc_i_soc_peripherals_i_i_udma_i_spim_gen_0__i_spim_u_dc_tx_u_din_buffer_data_56_15_~MEMORYREGOUT
    Info (332098): From: pulpissimo_Z560:i_pulpissimo|soc_domain_Z559:soc_domain_i|pulp_soc_Z23:pulp_soc_i|soc_peripherals_Z84:soc_peripherals_i|udma_subsystem_Z83:i_udma|udma_spim_top_19s_20s_6s_8s:i_spim_gen_0__i_spim|udma_dc_fifo_32s_8s_1:u_dc_tx|dc_token_ring_fifo_din_32s_8s_1_0:u_din|dc_data_buffer_32s_8s_0:buffer|syn_mlab_0:data_mlab|i_pulpissimo_soc_domain_i_pulp_soc_i_soc_peripherals_i_i_udma_i_spim_gen_0__i_spim_u_dc_tx_u_din_buffer_data_57_16_~CLKMUX_0  to: pulpissimo_Z560:i_pulpissimo|soc_domain_Z559:soc_domain_i|pulp_soc_Z23:pulp_soc_i|soc_peripherals_Z84:soc_peripherals_i|udma_subsystem_Z83:i_udma|udma_spim_top_19s_20s_6s_8s:i_spim_gen_0__i_spim|udma_dc_fifo_32s_8s_1:u_dc_tx|dc_token_ring_fifo_din_32s_8s_1_0:u_din|dc_data_buffer_32s_8s_0:buffer|syn_mlab_0:data_mlab|i_pulpissimo_soc_domain_i_pulp_soc_i_soc_peripherals_i_i_udma_i_spim_gen_0__i_spim_u_dc_tx_u_din_buffer_data_57_16_~MEMORYREGOUT
    Info (332098): From: pulpissimo_Z560:i_pulpissimo|soc_domain_Z559:soc_domain_i|pulp_soc_Z23:pulp_soc_i|soc_peripherals_Z84:soc_peripherals_i|udma_subsystem_Z83:i_udma|udma_spim_top_19s_20s_6s_8s:i_spim_gen_0__i_spim|udma_dc_fifo_32s_8s_1:u_dc_tx|dc_token_ring_fifo_din_32s_8s_1_0:u_din|dc_data_buffer_32s_8s_0:buffer|syn_mlab_0:data_mlab|i_pulpissimo_soc_domain_i_pulp_soc_i_soc_peripherals_i_i_udma_i_spim_gen_0__i_spim_u_dc_tx_u_din_buffer_data_58_17_~CLKMUX_0  to: pulpissimo_Z560:i_pulpissimo|soc_domain_Z559:soc_domain_i|pulp_soc_Z23:pulp_soc_i|soc_peripherals_Z84:soc_peripherals_i|udma_subsystem_Z83:i_udma|udma_spim_top_19s_20s_6s_8s:i_spim_gen_0__i_spim|udma_dc_fifo_32s_8s_1:u_dc_tx|dc_token_ring_fifo_din_32s_8s_1_0:u_din|dc_data_buffer_32s_8s_0:buffer|syn_mlab_0:data_mlab|i_pulpissimo_soc_domain_i_pulp_soc_i_soc_peripherals_i_i_udma_i_spim_gen_0__i_spim_u_dc_tx_u_din_buffer_data_58_17_~MEMORYREGOUT
    Info (332098): From: pulpissimo_Z560:i_pulpissimo|soc_domain_Z559:soc_domain_i|pulp_soc_Z23:pulp_soc_i|soc_peripherals_Z84:soc_peripherals_i|udma_subsystem_Z83:i_udma|udma_spim_top_19s_20s_6s_8s:i_spim_gen_0__i_spim|udma_dc_fifo_32s_8s_1:u_dc_tx|dc_token_ring_fifo_din_32s_8s_1_0:u_din|dc_data_buffer_32s_8s_0:buffer|syn_mlab_0:data_mlab|i_pulpissimo_soc_domain_i_pulp_soc_i_soc_peripherals_i_i_udma_i_spim_gen_0__i_spim_u_dc_tx_u_din_buffer_data_59_18_~CLKMUX_0  to: pulpissimo_Z560:i_pulpissimo|soc_domain_Z559:soc_domain_i|pulp_soc_Z23:pulp_soc_i|soc_peripherals_Z84:soc_peripherals_i|udma_subsystem_Z83:i_udma|udma_spim_top_19s_20s_6s_8s:i_spim_gen_0__i_spim|udma_dc_fifo_32s_8s_1:u_dc_tx|dc_token_ring_fifo_din_32s_8s_1_0:u_din|dc_data_buffer_32s_8s_0:buffer|syn_mlab_0:data_mlab|i_pulpissimo_soc_domain_i_pulp_soc_i_soc_peripherals_i_i_udma_i_spim_gen_0__i_spim_u_dc_tx_u_din_buffer_data_59_18_~MEMORYREGOUT
    Info (332098): From: pulpissimo_Z560:i_pulpissimo|soc_domain_Z559:soc_domain_i|pulp_soc_Z23:pulp_soc_i|soc_peripherals_Z84:soc_peripherals_i|udma_subsystem_Z83:i_udma|udma_spim_top_19s_20s_6s_8s:i_spim_gen_0__i_spim|udma_dc_fifo_32s_8s_1:u_dc_tx|dc_token_ring_fifo_din_32s_8s_1_0:u_din|dc_data_buffer_32s_8s_0:buffer|syn_mlab_0:data_mlab|i_pulpissimo_soc_domain_i_pulp_soc_i_soc_peripherals_i_i_udma_i_spim_gen_0__i_spim_u_dc_tx_u_din_buffer_data_60_19_~CLKMUX_0  to: pulpissimo_Z560:i_pulpissimo|soc_domain_Z559:soc_domain_i|pulp_soc_Z23:pulp_soc_i|soc_peripherals_Z84:soc_peripherals_i|udma_subsystem_Z83:i_udma|udma_spim_top_19s_20s_6s_8s:i_spim_gen_0__i_spim|udma_dc_fifo_32s_8s_1:u_dc_tx|dc_token_ring_fifo_din_32s_8s_1_0:u_din|dc_data_buffer_32s_8s_0:buffer|syn_mlab_0:data_mlab|i_pulpissimo_soc_domain_i_pulp_soc_i_soc_peripherals_i_i_udma_i_spim_gen_0__i_spim_u_dc_tx_u_din_buffer_data_60_19_~MEMORYREGOUT
    Info (332098): From: pulpissimo_Z560:i_pulpissimo|soc_domain_Z559:soc_domain_i|pulp_soc_Z23:pulp_soc_i|soc_peripherals_Z84:soc_peripherals_i|udma_subsystem_Z83:i_udma|udma_spim_top_19s_20s_6s_8s:i_spim_gen_0__i_spim|udma_dc_fifo_32s_8s_1:u_dc_tx|dc_token_ring_fifo_din_32s_8s_1_0:u_din|dc_data_buffer_32s_8s_0:buffer|syn_mlab_0:data_mlab|i_pulpissimo_soc_domain_i_pulp_soc_i_soc_peripherals_i_i_udma_i_spim_gen_0__i_spim_u_dc_tx_u_din_buffer_data_61_20_~CLKMUX_0  to: pulpissimo_Z560:i_pulpissimo|soc_domain_Z559:soc_domain_i|pulp_soc_Z23:pulp_soc_i|soc_peripherals_Z84:soc_peripherals_i|udma_subsystem_Z83:i_udma|udma_spim_top_19s_20s_6s_8s:i_spim_gen_0__i_spim|udma_dc_fifo_32s_8s_1:u_dc_tx|dc_token_ring_fifo_din_32s_8s_1_0:u_din|dc_data_buffer_32s_8s_0:buffer|syn_mlab_0:data_mlab|i_pulpissimo_soc_domain_i_pulp_soc_i_soc_peripherals_i_i_udma_i_spim_gen_0__i_spim_u_dc_tx_u_din_buffer_data_61_20_~MEMORYREGOUT
    Info (332098): From: pulpissimo_Z560:i_pulpissimo|soc_domain_Z559:soc_domain_i|pulp_soc_Z23:pulp_soc_i|soc_peripherals_Z84:soc_peripherals_i|udma_subsystem_Z83:i_udma|udma_spim_top_19s_20s_6s_8s:i_spim_gen_0__i_spim|udma_dc_fifo_32s_8s_1:u_dc_tx|dc_token_ring_fifo_din_32s_8s_1_0:u_din|dc_data_buffer_32s_8s_0:buffer|syn_mlab_0:data_mlab|i_pulpissimo_soc_domain_i_pulp_soc_i_soc_peripherals_i_i_udma_i_spim_gen_0__i_spim_u_dc_tx_u_din_buffer_data_62_21_~CLKMUX_0  to: pulpissimo_Z560:i_pulpissimo|soc_domain_Z559:soc_domain_i|pulp_soc_Z23:pulp_soc_i|soc_peripherals_Z84:soc_peripherals_i|udma_subsystem_Z83:i_udma|udma_spim_top_19s_20s_6s_8s:i_spim_gen_0__i_spim|udma_dc_fifo_32s_8s_1:u_dc_tx|dc_token_ring_fifo_din_32s_8s_1_0:u_din|dc_data_buffer_32s_8s_0:buffer|syn_mlab_0:data_mlab|i_pulpissimo_soc_domain_i_pulp_soc_i_soc_peripherals_i_i_udma_i_spim_gen_0__i_spim_u_dc_tx_u_din_buffer_data_62_21_~MEMORYREGOUT
    Info (332098): From: pulpissimo_Z560:i_pulpissimo|soc_domain_Z559:soc_domain_i|pulp_soc_Z23:pulp_soc_i|soc_peripherals_Z84:soc_peripherals_i|udma_subsystem_Z83:i_udma|udma_spim_top_19s_20s_6s_8s:i_spim_gen_0__i_spim|udma_dc_fifo_32s_8s_1:u_dc_tx|dc_token_ring_fifo_din_32s_8s_1_0:u_din|dc_data_buffer_32s_8s_0:buffer|syn_mlab_0:data_mlab|i_pulpissimo_soc_domain_i_pulp_soc_i_soc_peripherals_i_i_udma_i_spim_gen_0__i_spim_u_dc_tx_u_din_buffer_data_63_22_~CLKMUX_0  to: pulpissimo_Z560:i_pulpissimo|soc_domain_Z559:soc_domain_i|pulp_soc_Z23:pulp_soc_i|soc_peripherals_Z84:soc_peripherals_i|udma_subsystem_Z83:i_udma|udma_spim_top_19s_20s_6s_8s:i_spim_gen_0__i_spim|udma_dc_fifo_32s_8s_1:u_dc_tx|dc_token_ring_fifo_din_32s_8s_1_0:u_din|dc_data_buffer_32s_8s_0:buffer|syn_mlab_0:data_mlab|i_pulpissimo_soc_domain_i_pulp_soc_i_soc_peripherals_i_i_udma_i_spim_gen_0__i_spim_u_dc_tx_u_din_buffer_data_63_22_~MEMORYREGOUT
    Info (332098): From: pulpissimo_Z560:i_pulpissimo|soc_domain_Z559:soc_domain_i|pulp_soc_Z23:pulp_soc_i|soc_peripherals_Z84:soc_peripherals_i|udma_subsystem_Z83:i_udma|udma_spim_top_19s_20s_6s_8s:i_spim_gen_0__i_spim|udma_dc_fifo_32s_8s_1:u_dc_tx|dc_token_ring_fifo_din_32s_8s_1_0:u_din|dc_data_buffer_32s_8s_0:buffer|syn_mlab_0:data_mlab|i_pulpissimo_soc_domain_i_pulp_soc_i_soc_peripherals_i_i_udma_i_spim_gen_0__i_spim_u_dc_tx_u_din_buffer_data_64_23_~CLKMUX_0  to: pulpissimo_Z560:i_pulpissimo|soc_domain_Z559:soc_domain_i|pulp_soc_Z23:pulp_soc_i|soc_peripherals_Z84:soc_peripherals_i|udma_subsystem_Z83:i_udma|udma_spim_top_19s_20s_6s_8s:i_spim_gen_0__i_spim|udma_dc_fifo_32s_8s_1:u_dc_tx|dc_token_ring_fifo_din_32s_8s_1_0:u_din|dc_data_buffer_32s_8s_0:buffer|syn_mlab_0:data_mlab|i_pulpissimo_soc_domain_i_pulp_soc_i_soc_peripherals_i_i_udma_i_spim_gen_0__i_spim_u_dc_tx_u_din_buffer_data_64_23_~MEMORYREGOUT
    Info (332098): From: pulpissimo_Z560:i_pulpissimo|soc_domain_Z559:soc_domain_i|pulp_soc_Z23:pulp_soc_i|soc_peripherals_Z84:soc_peripherals_i|udma_subsystem_Z83:i_udma|udma_spim_top_19s_20s_6s_8s:i_spim_gen_0__i_spim|udma_dc_fifo_32s_8s_1:u_dc_tx|dc_token_ring_fifo_din_32s_8s_1_0:u_din|dc_data_buffer_32s_8s_0:buffer|syn_mlab_0:data_mlab|i_pulpissimo_soc_domain_i_pulp_soc_i_soc_peripherals_i_i_udma_i_spim_gen_0__i_spim_u_dc_tx_u_din_buffer_data_65_24_~CLKMUX_0  to: pulpissimo_Z560:i_pulpissimo|soc_domain_Z559:soc_domain_i|pulp_soc_Z23:pulp_soc_i|soc_peripherals_Z84:soc_peripherals_i|udma_subsystem_Z83:i_udma|udma_spim_top_19s_20s_6s_8s:i_spim_gen_0__i_spim|udma_dc_fifo_32s_8s_1:u_dc_tx|dc_token_ring_fifo_din_32s_8s_1_0:u_din|dc_data_buffer_32s_8s_0:buffer|syn_mlab_0:data_mlab|i_pulpissimo_soc_domain_i_pulp_soc_i_soc_peripherals_i_i_udma_i_spim_gen_0__i_spim_u_dc_tx_u_din_buffer_data_65_24_~MEMORYREGOUT
    Info (332098): From: pulpissimo_Z560:i_pulpissimo|soc_domain_Z559:soc_domain_i|pulp_soc_Z23:pulp_soc_i|soc_peripherals_Z84:soc_peripherals_i|udma_subsystem_Z83:i_udma|udma_spim_top_19s_20s_6s_8s:i_spim_gen_0__i_spim|udma_dc_fifo_32s_8s_1:u_dc_tx|dc_token_ring_fifo_din_32s_8s_1_0:u_din|dc_data_buffer_32s_8s_0:buffer|syn_mlab_0:data_mlab|i_pulpissimo_soc_domain_i_pulp_soc_i_soc_peripherals_i_i_udma_i_spim_gen_0__i_spim_u_dc_tx_u_din_buffer_data_66_25_~CLKMUX_0  to: pulpissimo_Z560:i_pulpissimo|soc_domain_Z559:soc_domain_i|pulp_soc_Z23:pulp_soc_i|soc_peripherals_Z84:soc_peripherals_i|udma_subsystem_Z83:i_udma|udma_spim_top_19s_20s_6s_8s:i_spim_gen_0__i_spim|udma_dc_fifo_32s_8s_1:u_dc_tx|dc_token_ring_fifo_din_32s_8s_1_0:u_din|dc_data_buffer_32s_8s_0:buffer|syn_mlab_0:data_mlab|i_pulpissimo_soc_domain_i_pulp_soc_i_soc_peripherals_i_i_udma_i_spim_gen_0__i_spim_u_dc_tx_u_din_buffer_data_66_25_~MEMORYREGOUT
    Info (332098): From: pulpissimo_Z560:i_pulpissimo|soc_domain_Z559:soc_domain_i|pulp_soc_Z23:pulp_soc_i|soc_peripherals_Z84:soc_peripherals_i|udma_subsystem_Z83:i_udma|udma_spim_top_19s_20s_6s_8s:i_spim_gen_0__i_spim|udma_dc_fifo_32s_8s_1:u_dc_tx|dc_token_ring_fifo_din_32s_8s_1_0:u_din|dc_data_buffer_32s_8s_0:buffer|syn_mlab_0:data_mlab|i_pulpissimo_soc_domain_i_pulp_soc_i_soc_peripherals_i_i_udma_i_spim_gen_0__i_spim_u_dc_tx_u_din_buffer_data_67_26_~CLKMUX_0  to: pulpissimo_Z560:i_pulpissimo|soc_domain_Z559:soc_domain_i|pulp_soc_Z23:pulp_soc_i|soc_peripherals_Z84:soc_peripherals_i|udma_subsystem_Z83:i_udma|udma_spim_top_19s_20s_6s_8s:i_spim_gen_0__i_spim|udma_dc_fifo_32s_8s_1:u_dc_tx|dc_token_ring_fifo_din_32s_8s_1_0:u_din|dc_data_buffer_32s_8s_0:buffer|syn_mlab_0:data_mlab|i_pulpissimo_soc_domain_i_pulp_soc_i_soc_peripherals_i_i_udma_i_spim_gen_0__i_spim_u_dc_tx_u_din_buffer_data_67_26_~MEMORYREGOUT
    Info (332098): From: pulpissimo_Z560:i_pulpissimo|soc_domain_Z559:soc_domain_i|pulp_soc_Z23:pulp_soc_i|soc_peripherals_Z84:soc_peripherals_i|udma_subsystem_Z83:i_udma|udma_spim_top_19s_20s_6s_8s:i_spim_gen_0__i_spim|udma_dc_fifo_32s_8s_1:u_dc_tx|dc_token_ring_fifo_din_32s_8s_1_0:u_din|dc_data_buffer_32s_8s_0:buffer|syn_mlab_0:data_mlab|i_pulpissimo_soc_domain_i_pulp_soc_i_soc_peripherals_i_i_udma_i_spim_gen_0__i_spim_u_dc_tx_u_din_buffer_data_68_27_~CLKMUX_0  to: pulpissimo_Z560:i_pulpissimo|soc_domain_Z559:soc_domain_i|pulp_soc_Z23:pulp_soc_i|soc_peripherals_Z84:soc_peripherals_i|udma_subsystem_Z83:i_udma|udma_spim_top_19s_20s_6s_8s:i_spim_gen_0__i_spim|udma_dc_fifo_32s_8s_1:u_dc_tx|dc_token_ring_fifo_din_32s_8s_1_0:u_din|dc_data_buffer_32s_8s_0:buffer|syn_mlab_0:data_mlab|i_pulpissimo_soc_domain_i_pulp_soc_i_soc_peripherals_i_i_udma_i_spim_gen_0__i_spim_u_dc_tx_u_din_buffer_data_68_27_~MEMORYREGOUT
    Info (332098): From: pulpissimo_Z560:i_pulpissimo|soc_domain_Z559:soc_domain_i|pulp_soc_Z23:pulp_soc_i|soc_peripherals_Z84:soc_peripherals_i|udma_subsystem_Z83:i_udma|udma_spim_top_19s_20s_6s_8s:i_spim_gen_0__i_spim|udma_dc_fifo_32s_8s_1:u_dc_tx|dc_token_ring_fifo_din_32s_8s_1_0:u_din|dc_data_buffer_32s_8s_0:buffer|syn_mlab_0:data_mlab|i_pulpissimo_soc_domain_i_pulp_soc_i_soc_peripherals_i_i_udma_i_spim_gen_0__i_spim_u_dc_tx_u_din_buffer_data_69_28_~CLKMUX_0  to: pulpissimo_Z560:i_pulpissimo|soc_domain_Z559:soc_domain_i|pulp_soc_Z23:pulp_soc_i|soc_peripherals_Z84:soc_peripherals_i|udma_subsystem_Z83:i_udma|udma_spim_top_19s_20s_6s_8s:i_spim_gen_0__i_spim|udma_dc_fifo_32s_8s_1:u_dc_tx|dc_token_ring_fifo_din_32s_8s_1_0:u_din|dc_data_buffer_32s_8s_0:buffer|syn_mlab_0:data_mlab|i_pulpissimo_soc_domain_i_pulp_soc_i_soc_peripherals_i_i_udma_i_spim_gen_0__i_spim_u_dc_tx_u_din_buffer_data_69_28_~MEMORYREGOUT
    Info (332098): From: pulpissimo_Z560:i_pulpissimo|soc_domain_Z559:soc_domain_i|pulp_soc_Z23:pulp_soc_i|soc_peripherals_Z84:soc_peripherals_i|udma_subsystem_Z83:i_udma|udma_spim_top_19s_20s_6s_8s:i_spim_gen_0__i_spim|udma_dc_fifo_32s_8s_1:u_dc_tx|dc_token_ring_fifo_din_32s_8s_1_0:u_din|dc_data_buffer_32s_8s_0:buffer|syn_mlab_0:data_mlab|i_pulpissimo_soc_domain_i_pulp_soc_i_soc_peripherals_i_i_udma_i_spim_gen_0__i_spim_u_dc_tx_u_din_buffer_data_70_29_~CLKMUX_0  to: pulpissimo_Z560:i_pulpissimo|soc_domain_Z559:soc_domain_i|pulp_soc_Z23:pulp_soc_i|soc_peripherals_Z84:soc_peripherals_i|udma_subsystem_Z83:i_udma|udma_spim_top_19s_20s_6s_8s:i_spim_gen_0__i_spim|udma_dc_fifo_32s_8s_1:u_dc_tx|dc_token_ring_fifo_din_32s_8s_1_0:u_din|dc_data_buffer_32s_8s_0:buffer|syn_mlab_0:data_mlab|i_pulpissimo_soc_domain_i_pulp_soc_i_soc_peripherals_i_i_udma_i_spim_gen_0__i_spim_u_dc_tx_u_din_buffer_data_70_29_~MEMORYREGOUT
    Info (332098): From: pulpissimo_Z560:i_pulpissimo|soc_domain_Z559:soc_domain_i|pulp_soc_Z23:pulp_soc_i|soc_peripherals_Z84:soc_peripherals_i|udma_subsystem_Z83:i_udma|udma_spim_top_19s_20s_6s_8s:i_spim_gen_0__i_spim|udma_dc_fifo_32s_8s_1:u_dc_tx|dc_token_ring_fifo_din_32s_8s_1_0:u_din|dc_data_buffer_32s_8s_0:buffer|syn_mlab_0:data_mlab|i_pulpissimo_soc_domain_i_pulp_soc_i_soc_peripherals_i_i_udma_i_spim_gen_0__i_spim_u_dc_tx_u_din_buffer_data_71_30_~CLKMUX_0  to: pulpissimo_Z560:i_pulpissimo|soc_domain_Z559:soc_domain_i|pulp_soc_Z23:pulp_soc_i|soc_peripherals_Z84:soc_peripherals_i|udma_subsystem_Z83:i_udma|udma_spim_top_19s_20s_6s_8s:i_spim_gen_0__i_spim|udma_dc_fifo_32s_8s_1:u_dc_tx|dc_token_ring_fifo_din_32s_8s_1_0:u_din|dc_data_buffer_32s_8s_0:buffer|syn_mlab_0:data_mlab|i_pulpissimo_soc_domain_i_pulp_soc_i_soc_peripherals_i_i_udma_i_spim_gen_0__i_spim_u_dc_tx_u_din_buffer_data_71_30_~MEMORYREGOUT
    Info (332098): From: pulpissimo_Z560:i_pulpissimo|soc_domain_Z559:soc_domain_i|pulp_soc_Z23:pulp_soc_i|soc_peripherals_Z84:soc_peripherals_i|udma_subsystem_Z83:i_udma|udma_spim_top_19s_20s_6s_8s:i_spim_gen_0__i_spim|udma_dc_fifo_32s_8s_1:u_dc_tx|dc_token_ring_fifo_din_32s_8s_1_0:u_din|dc_data_buffer_32s_8s_0:buffer|syn_mlab_0:data_mlab|i_pulpissimo_soc_domain_i_pulp_soc_i_soc_peripherals_i_i_udma_i_spim_gen_0__i_spim_u_dc_tx_u_din_buffer_data_72_31_~CLKMUX_0  to: pulpissimo_Z560:i_pulpissimo|soc_domain_Z559:soc_domain_i|pulp_soc_Z23:pulp_soc_i|soc_peripherals_Z84:soc_peripherals_i|udma_subsystem_Z83:i_udma|udma_spim_top_19s_20s_6s_8s:i_spim_gen_0__i_spim|udma_dc_fifo_32s_8s_1:u_dc_tx|dc_token_ring_fifo_din_32s_8s_1_0:u_din|dc_data_buffer_32s_8s_0:buffer|syn_mlab_0:data_mlab|i_pulpissimo_soc_domain_i_pulp_soc_i_soc_peripherals_i_i_udma_i_spim_gen_0__i_spim_u_dc_tx_u_din_buffer_data_72_31_~MEMORYREGOUT
Info (332123): Deriving Clock Uncertainty. Please refer to report_sdc in the Timing Analyzer to see clock uncertainties.
Info: Found TIMING_ANALYZER_REPORT_SCRIPT_INCLUDE_DEFAULT_ANALYSIS = ON
Info: Analyzing Slow 1100mV 85C Model
Critical Warning (332148): Timing requirements not met
    Info (11105): For recommendations on closing timing, run Report Timing Closure Recommendations in the Timing Analyzer.
Info (332146): Worst-case setup slack is -2.813
    Info (332119):     Slack       End Point TNS Clock 
    Info (332119): ========= =================== =====================
    Info (332119):    -2.813             -14.464 ref_clk_i 
Info (332146): Worst-case hold slack is 0.106
    Info (332119):     Slack       End Point TNS Clock 
    Info (332119): ========= =================== =====================
    Info (332119):     0.106               0.000 ref_clk_i 
Info (332146): Worst-case recovery slack is 1.473
    Info (332119):     Slack       End Point TNS Clock 
    Info (332119): ========= =================== =====================
    Info (332119):     1.473               0.000 ref_clk_i 
Info (332146): Worst-case removal slack is 1.806
    Info (332119):     Slack       End Point TNS Clock 
    Info (332119): ========= =================== =====================
    Info (332119):     1.806               0.000 ref_clk_i 
Info (332146): Worst-case minimum pulse width slack is 6.546
    Info (332119):     Slack       End Point TNS Clock 
    Info (332119): ========= =================== =====================
    Info (332119):     6.546               0.000 ref_clk_i 
Info (332114): Report Metastability: Found 3 synchronizer chains.
    Info (332114): The design MTBF is not calculated because there are no specified synchronizers in the design.
    Info (332114): Number of Synchronizer Chains Found: 3
    Info (332114): Shortest Synchronizer Chain: 3 Registers
    Info (332114): Fraction of Chains for which MTBFs Could Not be Calculated: 1.000
    Info (332114): Worst Case Available Settling Time: 42.546 ns
    Info (332114): 
Info: Analyzing Slow 1100mV 0C Model
Info (334003): Started post-fitting delay annotation
Info (334004): Delay annotation completed successfully
Warning (332060): Node: pad_jtag_tck was determined to be a clock but was found without an associated clock assignment.
    Info (13166): Register pulpissimo_Z560:i_pulpissimo|soc_domain_Z559:soc_domain_i|pulp_soc_Z23:pulp_soc_i|jtag_tap_top:jtag_tap_top_i|tap_top:tap_top_i|s_jtag_tdo_c is being clocked by pad_jtag_tck
Warning (332060): Node: pad_pmod1_4 was determined to be a clock but was found without an associated clock assignment.
    Info (13166): Register pulpissimo_Z560:i_pulpissimo|soc_domain_Z559:soc_domain_i|pulp_soc_Z23:pulp_soc_i|soc_peripherals_Z84:soc_peripherals_i|udma_subsystem_Z83:i_udma|udma_i2s_top_19s_20s_4s:i_i2s_udma|i2s_clkws_gen:i_clkws_gen|i2s_ws_gen_2:i_ws_gen_0|s_ws_int_0 is being clocked by pad_pmod1_4
Info (332097): The following timing edges are non-unate.  The Timing Analyzer will assume pos-unate behavior for these edges in the clock network.
    Info (332098): From: pulpissimo_Z560:i_pulpissimo|soc_domain_Z559:soc_domain_i|pulp_soc_Z23:pulp_soc_i|soc_peripherals_Z84:soc_peripherals_i|udma_subsystem_Z83:i_udma|udma_i2c_top_19s_20s_0:i_i2c_gen_1__i_i2c|udma_dc_fifo_8s_4s_3_2:i_dc_fifo_tx|dc_token_ring_fifo_din_8s_4s_2:u_din|dc_data_buffer_8s_4s_3_2:buffer|syn_mlab_8:data_mlab|i_pulpissimo_soc_domain_i_pulp_soc_i_soc_peripherals_i_i_udma_i_i2c_gen_1__i_i2c_i_dc_fifo_tx_u_din_buffer_data_209_0_~CLKMUX_0  to: pulpissimo_Z560:i_pulpissimo|soc_domain_Z559:soc_domain_i|pulp_soc_Z23:pulp_soc_i|soc_peripherals_Z84:soc_peripherals_i|udma_subsystem_Z83:i_udma|udma_i2c_top_19s_20s_0:i_i2c_gen_1__i_i2c|udma_dc_fifo_8s_4s_3_2:i_dc_fifo_tx|dc_token_ring_fifo_din_8s_4s_2:u_din|dc_data_buffer_8s_4s_3_2:buffer|syn_mlab_8:data_mlab|i_pulpissimo_soc_domain_i_pulp_soc_i_soc_peripherals_i_i_udma_i_i2c_gen_1__i_i2c_i_dc_fifo_tx_u_din_buffer_data_209_0_~MEMORYREGOUT
    Info (332098): From: pulpissimo_Z560:i_pulpissimo|soc_domain_Z559:soc_domain_i|pulp_soc_Z23:pulp_soc_i|soc_peripherals_Z84:soc_peripherals_i|udma_subsystem_Z83:i_udma|udma_i2c_top_19s_20s_0:i_i2c_gen_1__i_i2c|udma_dc_fifo_8s_4s_3_2:i_dc_fifo_tx|dc_token_ring_fifo_din_8s_4s_2:u_din|dc_data_buffer_8s_4s_3_2:buffer|syn_mlab_8:data_mlab|i_pulpissimo_soc_domain_i_pulp_soc_i_soc_peripherals_i_i_udma_i_i2c_gen_1__i_i2c_i_dc_fifo_tx_u_din_buffer_data_210_1_~CLKMUX_0  to: pulpissimo_Z560:i_pulpissimo|soc_domain_Z559:soc_domain_i|pulp_soc_Z23:pulp_soc_i|soc_peripherals_Z84:soc_peripherals_i|udma_subsystem_Z83:i_udma|udma_i2c_top_19s_20s_0:i_i2c_gen_1__i_i2c|udma_dc_fifo_8s_4s_3_2:i_dc_fifo_tx|dc_token_ring_fifo_din_8s_4s_2:u_din|dc_data_buffer_8s_4s_3_2:buffer|syn_mlab_8:data_mlab|i_pulpissimo_soc_domain_i_pulp_soc_i_soc_peripherals_i_i_udma_i_i2c_gen_1__i_i2c_i_dc_fifo_tx_u_din_buffer_data_210_1_~MEMORYREGOUT
    Info (332098): From: pulpissimo_Z560:i_pulpissimo|soc_domain_Z559:soc_domain_i|pulp_soc_Z23:pulp_soc_i|soc_peripherals_Z84:soc_peripherals_i|udma_subsystem_Z83:i_udma|udma_i2c_top_19s_20s_0:i_i2c_gen_1__i_i2c|udma_dc_fifo_8s_4s_3_2:i_dc_fifo_tx|dc_token_ring_fifo_din_8s_4s_2:u_din|dc_data_buffer_8s_4s_3_2:buffer|syn_mlab_8:data_mlab|i_pulpissimo_soc_domain_i_pulp_soc_i_soc_peripherals_i_i_udma_i_i2c_gen_1__i_i2c_i_dc_fifo_tx_u_din_buffer_data_211_2_~CLKMUX_0  to: pulpissimo_Z560:i_pulpissimo|soc_domain_Z559:soc_domain_i|pulp_soc_Z23:pulp_soc_i|soc_peripherals_Z84:soc_peripherals_i|udma_subsystem_Z83:i_udma|udma_i2c_top_19s_20s_0:i_i2c_gen_1__i_i2c|udma_dc_fifo_8s_4s_3_2:i_dc_fifo_tx|dc_token_ring_fifo_din_8s_4s_2:u_din|dc_data_buffer_8s_4s_3_2:buffer|syn_mlab_8:data_mlab|i_pulpissimo_soc_domain_i_pulp_soc_i_soc_peripherals_i_i_udma_i_i2c_gen_1__i_i2c_i_dc_fifo_tx_u_din_buffer_data_211_2_~MEMORYREGOUT
    Info (332098): From: pulpissimo_Z560:i_pulpissimo|soc_domain_Z559:soc_domain_i|pulp_soc_Z23:pulp_soc_i|soc_peripherals_Z84:soc_peripherals_i|udma_subsystem_Z83:i_udma|udma_i2c_top_19s_20s_0:i_i2c_gen_1__i_i2c|udma_dc_fifo_8s_4s_3_2:i_dc_fifo_tx|dc_token_ring_fifo_din_8s_4s_2:u_din|dc_data_buffer_8s_4s_3_2:buffer|syn_mlab_8:data_mlab|i_pulpissimo_soc_domain_i_pulp_soc_i_soc_peripherals_i_i_udma_i_i2c_gen_1__i_i2c_i_dc_fifo_tx_u_din_buffer_data_212_3_~CLKMUX_0  to: pulpissimo_Z560:i_pulpissimo|soc_domain_Z559:soc_domain_i|pulp_soc_Z23:pulp_soc_i|soc_peripherals_Z84:soc_peripherals_i|udma_subsystem_Z83:i_udma|udma_i2c_top_19s_20s_0:i_i2c_gen_1__i_i2c|udma_dc_fifo_8s_4s_3_2:i_dc_fifo_tx|dc_token_ring_fifo_din_8s_4s_2:u_din|dc_data_buffer_8s_4s_3_2:buffer|syn_mlab_8:data_mlab|i_pulpissimo_soc_domain_i_pulp_soc_i_soc_peripherals_i_i_udma_i_i2c_gen_1__i_i2c_i_dc_fifo_tx_u_din_buffer_data_212_3_~MEMORYREGOUT
    Info (332098): From: pulpissimo_Z560:i_pulpissimo|soc_domain_Z559:soc_domain_i|pulp_soc_Z23:pulp_soc_i|soc_peripherals_Z84:soc_peripherals_i|udma_subsystem_Z83:i_udma|udma_i2c_top_19s_20s_0:i_i2c_gen_1__i_i2c|udma_dc_fifo_8s_4s_3_2:i_dc_fifo_tx|dc_token_ring_fifo_din_8s_4s_2:u_din|dc_data_buffer_8s_4s_3_2:buffer|syn_mlab_8:data_mlab|i_pulpissimo_soc_domain_i_pulp_soc_i_soc_peripherals_i_i_udma_i_i2c_gen_1__i_i2c_i_dc_fifo_tx_u_din_buffer_data_213_4_~CLKMUX_0  to: pulpissimo_Z560:i_pulpissimo|soc_domain_Z559:soc_domain_i|pulp_soc_Z23:pulp_soc_i|soc_peripherals_Z84:soc_peripherals_i|udma_subsystem_Z83:i_udma|udma_i2c_top_19s_20s_0:i_i2c_gen_1__i_i2c|udma_dc_fifo_8s_4s_3_2:i_dc_fifo_tx|dc_token_ring_fifo_din_8s_4s_2:u_din|dc_data_buffer_8s_4s_3_2:buffer|syn_mlab_8:data_mlab|i_pulpissimo_soc_domain_i_pulp_soc_i_soc_peripherals_i_i_udma_i_i2c_gen_1__i_i2c_i_dc_fifo_tx_u_din_buffer_data_213_4_~MEMORYREGOUT
    Info (332098): From: pulpissimo_Z560:i_pulpissimo|soc_domain_Z559:soc_domain_i|pulp_soc_Z23:pulp_soc_i|soc_peripherals_Z84:soc_peripherals_i|udma_subsystem_Z83:i_udma|udma_i2c_top_19s_20s_0:i_i2c_gen_1__i_i2c|udma_dc_fifo_8s_4s_3_2:i_dc_fifo_tx|dc_token_ring_fifo_din_8s_4s_2:u_din|dc_data_buffer_8s_4s_3_2:buffer|syn_mlab_8:data_mlab|i_pulpissimo_soc_domain_i_pulp_soc_i_soc_peripherals_i_i_udma_i_i2c_gen_1__i_i2c_i_dc_fifo_tx_u_din_buffer_data_214_5_~CLKMUX_0  to: pulpissimo_Z560:i_pulpissimo|soc_domain_Z559:soc_domain_i|pulp_soc_Z23:pulp_soc_i|soc_peripherals_Z84:soc_peripherals_i|udma_subsystem_Z83:i_udma|udma_i2c_top_19s_20s_0:i_i2c_gen_1__i_i2c|udma_dc_fifo_8s_4s_3_2:i_dc_fifo_tx|dc_token_ring_fifo_din_8s_4s_2:u_din|dc_data_buffer_8s_4s_3_2:buffer|syn_mlab_8:data_mlab|i_pulpissimo_soc_domain_i_pulp_soc_i_soc_peripherals_i_i_udma_i_i2c_gen_1__i_i2c_i_dc_fifo_tx_u_din_buffer_data_214_5_~MEMORYREGOUT
    Info (332098): From: pulpissimo_Z560:i_pulpissimo|soc_domain_Z559:soc_domain_i|pulp_soc_Z23:pulp_soc_i|soc_peripherals_Z84:soc_peripherals_i|udma_subsystem_Z83:i_udma|udma_i2c_top_19s_20s_0:i_i2c_gen_1__i_i2c|udma_dc_fifo_8s_4s_3_2:i_dc_fifo_tx|dc_token_ring_fifo_din_8s_4s_2:u_din|dc_data_buffer_8s_4s_3_2:buffer|syn_mlab_8:data_mlab|i_pulpissimo_soc_domain_i_pulp_soc_i_soc_peripherals_i_i_udma_i_i2c_gen_1__i_i2c_i_dc_fifo_tx_u_din_buffer_data_215_6_~CLKMUX_0  to: pulpissimo_Z560:i_pulpissimo|soc_domain_Z559:soc_domain_i|pulp_soc_Z23:pulp_soc_i|soc_peripherals_Z84:soc_peripherals_i|udma_subsystem_Z83:i_udma|udma_i2c_top_19s_20s_0:i_i2c_gen_1__i_i2c|udma_dc_fifo_8s_4s_3_2:i_dc_fifo_tx|dc_token_ring_fifo_din_8s_4s_2:u_din|dc_data_buffer_8s_4s_3_2:buffer|syn_mlab_8:data_mlab|i_pulpissimo_soc_domain_i_pulp_soc_i_soc_peripherals_i_i_udma_i_i2c_gen_1__i_i2c_i_dc_fifo_tx_u_din_buffer_data_215_6_~MEMORYREGOUT
    Info (332098): From: pulpissimo_Z560:i_pulpissimo|soc_domain_Z559:soc_domain_i|pulp_soc_Z23:pulp_soc_i|soc_peripherals_Z84:soc_peripherals_i|udma_subsystem_Z83:i_udma|udma_i2c_top_19s_20s_0:i_i2c_gen_1__i_i2c|udma_dc_fifo_8s_4s_3_2:i_dc_fifo_tx|dc_token_ring_fifo_din_8s_4s_2:u_din|dc_data_buffer_8s_4s_3_2:buffer|syn_mlab_8:data_mlab|i_pulpissimo_soc_domain_i_pulp_soc_i_soc_peripherals_i_i_udma_i_i2c_gen_1__i_i2c_i_dc_fifo_tx_u_din_buffer_data_216_7_~CLKMUX_0  to: pulpissimo_Z560:i_pulpissimo|soc_domain_Z559:soc_domain_i|pulp_soc_Z23:pulp_soc_i|soc_peripherals_Z84:soc_peripherals_i|udma_subsystem_Z83:i_udma|udma_i2c_top_19s_20s_0:i_i2c_gen_1__i_i2c|udma_dc_fifo_8s_4s_3_2:i_dc_fifo_tx|dc_token_ring_fifo_din_8s_4s_2:u_din|dc_data_buffer_8s_4s_3_2:buffer|syn_mlab_8:data_mlab|i_pulpissimo_soc_domain_i_pulp_soc_i_soc_peripherals_i_i_udma_i_i2c_gen_1__i_i2c_i_dc_fifo_tx_u_din_buffer_data_216_7_~MEMORYREGOUT
    Info (332098): From: pulpissimo_Z560:i_pulpissimo|soc_domain_Z559:soc_domain_i|pulp_soc_Z23:pulp_soc_i|soc_peripherals_Z84:soc_peripherals_i|udma_subsystem_Z83:i_udma|udma_i2c_top_19s_20s_1:i_i2c_gen_0__i_i2c|udma_dc_fifo_8s_4s_3_0:i_dc_fifo_tx|dc_token_ring_fifo_din_8s_4s_3_0:u_din|dc_data_buffer_8s_4s_3_0:buffer|syn_mlab_6:data_mlab|i_pulpissimo_soc_domain_i_pulp_soc_i_soc_peripherals_i_i_udma_i_i2c_gen_0__i_i2c_i_dc_fifo_tx_u_din_buffer_data_193_0_~CLKMUX_0  to: pulpissimo_Z560:i_pulpissimo|soc_domain_Z559:soc_domain_i|pulp_soc_Z23:pulp_soc_i|soc_peripherals_Z84:soc_peripherals_i|udma_subsystem_Z83:i_udma|udma_i2c_top_19s_20s_1:i_i2c_gen_0__i_i2c|udma_dc_fifo_8s_4s_3_0:i_dc_fifo_tx|dc_token_ring_fifo_din_8s_4s_3_0:u_din|dc_data_buffer_8s_4s_3_0:buffer|syn_mlab_6:data_mlab|i_pulpissimo_soc_domain_i_pulp_soc_i_soc_peripherals_i_i_udma_i_i2c_gen_0__i_i2c_i_dc_fifo_tx_u_din_buffer_data_193_0_~MEMORYREGOUT
    Info (332098): From: pulpissimo_Z560:i_pulpissimo|soc_domain_Z559:soc_domain_i|pulp_soc_Z23:pulp_soc_i|soc_peripherals_Z84:soc_peripherals_i|udma_subsystem_Z83:i_udma|udma_i2c_top_19s_20s_1:i_i2c_gen_0__i_i2c|udma_dc_fifo_8s_4s_3_0:i_dc_fifo_tx|dc_token_ring_fifo_din_8s_4s_3_0:u_din|dc_data_buffer_8s_4s_3_0:buffer|syn_mlab_6:data_mlab|i_pulpissimo_soc_domain_i_pulp_soc_i_soc_peripherals_i_i_udma_i_i2c_gen_0__i_i2c_i_dc_fifo_tx_u_din_buffer_data_194_1_~CLKMUX_0  to: pulpissimo_Z560:i_pulpissimo|soc_domain_Z559:soc_domain_i|pulp_soc_Z23:pulp_soc_i|soc_peripherals_Z84:soc_peripherals_i|udma_subsystem_Z83:i_udma|udma_i2c_top_19s_20s_1:i_i2c_gen_0__i_i2c|udma_dc_fifo_8s_4s_3_0:i_dc_fifo_tx|dc_token_ring_fifo_din_8s_4s_3_0:u_din|dc_data_buffer_8s_4s_3_0:buffer|syn_mlab_6:data_mlab|i_pulpissimo_soc_domain_i_pulp_soc_i_soc_peripherals_i_i_udma_i_i2c_gen_0__i_i2c_i_dc_fifo_tx_u_din_buffer_data_194_1_~MEMORYREGOUT
    Info (332098): From: pulpissimo_Z560:i_pulpissimo|soc_domain_Z559:soc_domain_i|pulp_soc_Z23:pulp_soc_i|soc_peripherals_Z84:soc_peripherals_i|udma_subsystem_Z83:i_udma|udma_i2c_top_19s_20s_1:i_i2c_gen_0__i_i2c|udma_dc_fifo_8s_4s_3_0:i_dc_fifo_tx|dc_token_ring_fifo_din_8s_4s_3_0:u_din|dc_data_buffer_8s_4s_3_0:buffer|syn_mlab_6:data_mlab|i_pulpissimo_soc_domain_i_pulp_soc_i_soc_peripherals_i_i_udma_i_i2c_gen_0__i_i2c_i_dc_fifo_tx_u_din_buffer_data_195_2_~CLKMUX_0  to: pulpissimo_Z560:i_pulpissimo|soc_domain_Z559:soc_domain_i|pulp_soc_Z23:pulp_soc_i|soc_peripherals_Z84:soc_peripherals_i|udma_subsystem_Z83:i_udma|udma_i2c_top_19s_20s_1:i_i2c_gen_0__i_i2c|udma_dc_fifo_8s_4s_3_0:i_dc_fifo_tx|dc_token_ring_fifo_din_8s_4s_3_0:u_din|dc_data_buffer_8s_4s_3_0:buffer|syn_mlab_6:data_mlab|i_pulpissimo_soc_domain_i_pulp_soc_i_soc_peripherals_i_i_udma_i_i2c_gen_0__i_i2c_i_dc_fifo_tx_u_din_buffer_data_195_2_~MEMORYREGOUT
    Info (332098): From: pulpissimo_Z560:i_pulpissimo|soc_domain_Z559:soc_domain_i|pulp_soc_Z23:pulp_soc_i|soc_peripherals_Z84:soc_peripherals_i|udma_subsystem_Z83:i_udma|udma_i2c_top_19s_20s_1:i_i2c_gen_0__i_i2c|udma_dc_fifo_8s_4s_3_0:i_dc_fifo_tx|dc_token_ring_fifo_din_8s_4s_3_0:u_din|dc_data_buffer_8s_4s_3_0:buffer|syn_mlab_6:data_mlab|i_pulpissimo_soc_domain_i_pulp_soc_i_soc_peripherals_i_i_udma_i_i2c_gen_0__i_i2c_i_dc_fifo_tx_u_din_buffer_data_196_3_~CLKMUX_0  to: pulpissimo_Z560:i_pulpissimo|soc_domain_Z559:soc_domain_i|pulp_soc_Z23:pulp_soc_i|soc_peripherals_Z84:soc_peripherals_i|udma_subsystem_Z83:i_udma|udma_i2c_top_19s_20s_1:i_i2c_gen_0__i_i2c|udma_dc_fifo_8s_4s_3_0:i_dc_fifo_tx|dc_token_ring_fifo_din_8s_4s_3_0:u_din|dc_data_buffer_8s_4s_3_0:buffer|syn_mlab_6:data_mlab|i_pulpissimo_soc_domain_i_pulp_soc_i_soc_peripherals_i_i_udma_i_i2c_gen_0__i_i2c_i_dc_fifo_tx_u_din_buffer_data_196_3_~MEMORYREGOUT
    Info (332098): From: pulpissimo_Z560:i_pulpissimo|soc_domain_Z559:soc_domain_i|pulp_soc_Z23:pulp_soc_i|soc_peripherals_Z84:soc_peripherals_i|udma_subsystem_Z83:i_udma|udma_i2c_top_19s_20s_1:i_i2c_gen_0__i_i2c|udma_dc_fifo_8s_4s_3_0:i_dc_fifo_tx|dc_token_ring_fifo_din_8s_4s_3_0:u_din|dc_data_buffer_8s_4s_3_0:buffer|syn_mlab_6:data_mlab|i_pulpissimo_soc_domain_i_pulp_soc_i_soc_peripherals_i_i_udma_i_i2c_gen_0__i_i2c_i_dc_fifo_tx_u_din_buffer_data_197_4_~CLKMUX_0  to: pulpissimo_Z560:i_pulpissimo|soc_domain_Z559:soc_domain_i|pulp_soc_Z23:pulp_soc_i|soc_peripherals_Z84:soc_peripherals_i|udma_subsystem_Z83:i_udma|udma_i2c_top_19s_20s_1:i_i2c_gen_0__i_i2c|udma_dc_fifo_8s_4s_3_0:i_dc_fifo_tx|dc_token_ring_fifo_din_8s_4s_3_0:u_din|dc_data_buffer_8s_4s_3_0:buffer|syn_mlab_6:data_mlab|i_pulpissimo_soc_domain_i_pulp_soc_i_soc_peripherals_i_i_udma_i_i2c_gen_0__i_i2c_i_dc_fifo_tx_u_din_buffer_data_197_4_~MEMORYREGOUT
    Info (332098): From: pulpissimo_Z560:i_pulpissimo|soc_domain_Z559:soc_domain_i|pulp_soc_Z23:pulp_soc_i|soc_peripherals_Z84:soc_peripherals_i|udma_subsystem_Z83:i_udma|udma_i2c_top_19s_20s_1:i_i2c_gen_0__i_i2c|udma_dc_fifo_8s_4s_3_0:i_dc_fifo_tx|dc_token_ring_fifo_din_8s_4s_3_0:u_din|dc_data_buffer_8s_4s_3_0:buffer|syn_mlab_6:data_mlab|i_pulpissimo_soc_domain_i_pulp_soc_i_soc_peripherals_i_i_udma_i_i2c_gen_0__i_i2c_i_dc_fifo_tx_u_din_buffer_data_198_5_~CLKMUX_0  to: pulpissimo_Z560:i_pulpissimo|soc_domain_Z559:soc_domain_i|pulp_soc_Z23:pulp_soc_i|soc_peripherals_Z84:soc_peripherals_i|udma_subsystem_Z83:i_udma|udma_i2c_top_19s_20s_1:i_i2c_gen_0__i_i2c|udma_dc_fifo_8s_4s_3_0:i_dc_fifo_tx|dc_token_ring_fifo_din_8s_4s_3_0:u_din|dc_data_buffer_8s_4s_3_0:buffer|syn_mlab_6:data_mlab|i_pulpissimo_soc_domain_i_pulp_soc_i_soc_peripherals_i_i_udma_i_i2c_gen_0__i_i2c_i_dc_fifo_tx_u_din_buffer_data_198_5_~MEMORYREGOUT
    Info (332098): From: pulpissimo_Z560:i_pulpissimo|soc_domain_Z559:soc_domain_i|pulp_soc_Z23:pulp_soc_i|soc_peripherals_Z84:soc_peripherals_i|udma_subsystem_Z83:i_udma|udma_i2c_top_19s_20s_1:i_i2c_gen_0__i_i2c|udma_dc_fifo_8s_4s_3_0:i_dc_fifo_tx|dc_token_ring_fifo_din_8s_4s_3_0:u_din|dc_data_buffer_8s_4s_3_0:buffer|syn_mlab_6:data_mlab|i_pulpissimo_soc_domain_i_pulp_soc_i_soc_peripherals_i_i_udma_i_i2c_gen_0__i_i2c_i_dc_fifo_tx_u_din_buffer_data_199_6_~CLKMUX_0  to: pulpissimo_Z560:i_pulpissimo|soc_domain_Z559:soc_domain_i|pulp_soc_Z23:pulp_soc_i|soc_peripherals_Z84:soc_peripherals_i|udma_subsystem_Z83:i_udma|udma_i2c_top_19s_20s_1:i_i2c_gen_0__i_i2c|udma_dc_fifo_8s_4s_3_0:i_dc_fifo_tx|dc_token_ring_fifo_din_8s_4s_3_0:u_din|dc_data_buffer_8s_4s_3_0:buffer|syn_mlab_6:data_mlab|i_pulpissimo_soc_domain_i_pulp_soc_i_soc_peripherals_i_i_udma_i_i2c_gen_0__i_i2c_i_dc_fifo_tx_u_din_buffer_data_199_6_~MEMORYREGOUT
    Info (332098): From: pulpissimo_Z560:i_pulpissimo|soc_domain_Z559:soc_domain_i|pulp_soc_Z23:pulp_soc_i|soc_peripherals_Z84:soc_peripherals_i|udma_subsystem_Z83:i_udma|udma_i2c_top_19s_20s_1:i_i2c_gen_0__i_i2c|udma_dc_fifo_8s_4s_3_0:i_dc_fifo_tx|dc_token_ring_fifo_din_8s_4s_3_0:u_din|dc_data_buffer_8s_4s_3_0:buffer|syn_mlab_6:data_mlab|i_pulpissimo_soc_domain_i_pulp_soc_i_soc_peripherals_i_i_udma_i_i2c_gen_0__i_i2c_i_dc_fifo_tx_u_din_buffer_data_200_7_~CLKMUX_0  to: pulpissimo_Z560:i_pulpissimo|soc_domain_Z559:soc_domain_i|pulp_soc_Z23:pulp_soc_i|soc_peripherals_Z84:soc_peripherals_i|udma_subsystem_Z83:i_udma|udma_i2c_top_19s_20s_1:i_i2c_gen_0__i_i2c|udma_dc_fifo_8s_4s_3_0:i_dc_fifo_tx|dc_token_ring_fifo_din_8s_4s_3_0:u_din|dc_data_buffer_8s_4s_3_0:buffer|syn_mlab_6:data_mlab|i_pulpissimo_soc_domain_i_pulp_soc_i_soc_peripherals_i_i_udma_i_i2c_gen_0__i_i2c_i_dc_fifo_tx_u_din_buffer_data_200_7_~MEMORYREGOUT
    Info (332098): From: pulpissimo_Z560:i_pulpissimo|soc_domain_Z559:soc_domain_i|pulp_soc_Z23:pulp_soc_i|soc_peripherals_Z84:soc_peripherals_i|udma_subsystem_Z83:i_udma|udma_spim_top_19s_20s_6s_8s:i_spim_gen_0__i_spim|udma_dc_fifo_32s_8s:u_dc_cmd|dc_token_ring_fifo_din_32s_8s_1:u_din|dc_data_buffer_32s_8s:buffer|syn_mlab:data_mlab|i_pulpissimo_soc_domain_i_pulp_soc_i_soc_peripherals_i_i_udma_i_spim_gen_0__i_spim_u_dc_cmd_u_din_buffer_data_10_1_~CLKMUX_0  to: pulpissimo_Z560:i_pulpissimo|soc_domain_Z559:soc_domain_i|pulp_soc_Z23:pulp_soc_i|soc_peripherals_Z84:soc_peripherals_i|udma_subsystem_Z83:i_udma|udma_spim_top_19s_20s_6s_8s:i_spim_gen_0__i_spim|udma_dc_fifo_32s_8s:u_dc_cmd|dc_token_ring_fifo_din_32s_8s_1:u_din|dc_data_buffer_32s_8s:buffer|syn_mlab:data_mlab|i_pulpissimo_soc_domain_i_pulp_soc_i_soc_peripherals_i_i_udma_i_spim_gen_0__i_spim_u_dc_cmd_u_din_buffer_data_10_1_~MEMORYREGOUT
    Info (332098): From: pulpissimo_Z560:i_pulpissimo|soc_domain_Z559:soc_domain_i|pulp_soc_Z23:pulp_soc_i|soc_peripherals_Z84:soc_peripherals_i|udma_subsystem_Z83:i_udma|udma_spim_top_19s_20s_6s_8s:i_spim_gen_0__i_spim|udma_dc_fifo_32s_8s:u_dc_cmd|dc_token_ring_fifo_din_32s_8s_1:u_din|dc_data_buffer_32s_8s:buffer|syn_mlab:data_mlab|i_pulpissimo_soc_domain_i_pulp_soc_i_soc_peripherals_i_i_udma_i_spim_gen_0__i_spim_u_dc_cmd_u_din_buffer_data_11_2_~CLKMUX_0  to: pulpissimo_Z560:i_pulpissimo|soc_domain_Z559:soc_domain_i|pulp_soc_Z23:pulp_soc_i|soc_peripherals_Z84:soc_peripherals_i|udma_subsystem_Z83:i_udma|udma_spim_top_19s_20s_6s_8s:i_spim_gen_0__i_spim|udma_dc_fifo_32s_8s:u_dc_cmd|dc_token_ring_fifo_din_32s_8s_1:u_din|dc_data_buffer_32s_8s:buffer|syn_mlab:data_mlab|i_pulpissimo_soc_domain_i_pulp_soc_i_soc_peripherals_i_i_udma_i_spim_gen_0__i_spim_u_dc_cmd_u_din_buffer_data_11_2_~MEMORYREGOUT
    Info (332098): From: pulpissimo_Z560:i_pulpissimo|soc_domain_Z559:soc_domain_i|pulp_soc_Z23:pulp_soc_i|soc_peripherals_Z84:soc_peripherals_i|udma_subsystem_Z83:i_udma|udma_spim_top_19s_20s_6s_8s:i_spim_gen_0__i_spim|udma_dc_fifo_32s_8s:u_dc_cmd|dc_token_ring_fifo_din_32s_8s_1:u_din|dc_data_buffer_32s_8s:buffer|syn_mlab:data_mlab|i_pulpissimo_soc_domain_i_pulp_soc_i_soc_peripherals_i_i_udma_i_spim_gen_0__i_spim_u_dc_cmd_u_din_buffer_data_12_3_~CLKMUX_0  to: pulpissimo_Z560:i_pulpissimo|soc_domain_Z559:soc_domain_i|pulp_soc_Z23:pulp_soc_i|soc_peripherals_Z84:soc_peripherals_i|udma_subsystem_Z83:i_udma|udma_spim_top_19s_20s_6s_8s:i_spim_gen_0__i_spim|udma_dc_fifo_32s_8s:u_dc_cmd|dc_token_ring_fifo_din_32s_8s_1:u_din|dc_data_buffer_32s_8s:buffer|syn_mlab:data_mlab|i_pulpissimo_soc_domain_i_pulp_soc_i_soc_peripherals_i_i_udma_i_spim_gen_0__i_spim_u_dc_cmd_u_din_buffer_data_12_3_~MEMORYREGOUT
    Info (332098): From: pulpissimo_Z560:i_pulpissimo|soc_domain_Z559:soc_domain_i|pulp_soc_Z23:pulp_soc_i|soc_peripherals_Z84:soc_peripherals_i|udma_subsystem_Z83:i_udma|udma_spim_top_19s_20s_6s_8s:i_spim_gen_0__i_spim|udma_dc_fifo_32s_8s:u_dc_cmd|dc_token_ring_fifo_din_32s_8s_1:u_din|dc_data_buffer_32s_8s:buffer|syn_mlab:data_mlab|i_pulpissimo_soc_domain_i_pulp_soc_i_soc_peripherals_i_i_udma_i_spim_gen_0__i_spim_u_dc_cmd_u_din_buffer_data_13_4_~CLKMUX_0  to: pulpissimo_Z560:i_pulpissimo|soc_domain_Z559:soc_domain_i|pulp_soc_Z23:pulp_soc_i|soc_peripherals_Z84:soc_peripherals_i|udma_subsystem_Z83:i_udma|udma_spim_top_19s_20s_6s_8s:i_spim_gen_0__i_spim|udma_dc_fifo_32s_8s:u_dc_cmd|dc_token_ring_fifo_din_32s_8s_1:u_din|dc_data_buffer_32s_8s:buffer|syn_mlab:data_mlab|i_pulpissimo_soc_domain_i_pulp_soc_i_soc_peripherals_i_i_udma_i_spim_gen_0__i_spim_u_dc_cmd_u_din_buffer_data_13_4_~MEMORYREGOUT
    Info (332098): From: pulpissimo_Z560:i_pulpissimo|soc_domain_Z559:soc_domain_i|pulp_soc_Z23:pulp_soc_i|soc_peripherals_Z84:soc_peripherals_i|udma_subsystem_Z83:i_udma|udma_spim_top_19s_20s_6s_8s:i_spim_gen_0__i_spim|udma_dc_fifo_32s_8s:u_dc_cmd|dc_token_ring_fifo_din_32s_8s_1:u_din|dc_data_buffer_32s_8s:buffer|syn_mlab:data_mlab|i_pulpissimo_soc_domain_i_pulp_soc_i_soc_peripherals_i_i_udma_i_spim_gen_0__i_spim_u_dc_cmd_u_din_buffer_data_14_5_~CLKMUX_0  to: pulpissimo_Z560:i_pulpissimo|soc_domain_Z559:soc_domain_i|pulp_soc_Z23:pulp_soc_i|soc_peripherals_Z84:soc_peripherals_i|udma_subsystem_Z83:i_udma|udma_spim_top_19s_20s_6s_8s:i_spim_gen_0__i_spim|udma_dc_fifo_32s_8s:u_dc_cmd|dc_token_ring_fifo_din_32s_8s_1:u_din|dc_data_buffer_32s_8s:buffer|syn_mlab:data_mlab|i_pulpissimo_soc_domain_i_pulp_soc_i_soc_peripherals_i_i_udma_i_spim_gen_0__i_spim_u_dc_cmd_u_din_buffer_data_14_5_~MEMORYREGOUT
    Info (332098): From: pulpissimo_Z560:i_pulpissimo|soc_domain_Z559:soc_domain_i|pulp_soc_Z23:pulp_soc_i|soc_peripherals_Z84:soc_peripherals_i|udma_subsystem_Z83:i_udma|udma_spim_top_19s_20s_6s_8s:i_spim_gen_0__i_spim|udma_dc_fifo_32s_8s:u_dc_cmd|dc_token_ring_fifo_din_32s_8s_1:u_din|dc_data_buffer_32s_8s:buffer|syn_mlab:data_mlab|i_pulpissimo_soc_domain_i_pulp_soc_i_soc_peripherals_i_i_udma_i_spim_gen_0__i_spim_u_dc_cmd_u_din_buffer_data_15_6_~CLKMUX_0  to: pulpissimo_Z560:i_pulpissimo|soc_domain_Z559:soc_domain_i|pulp_soc_Z23:pulp_soc_i|soc_peripherals_Z84:soc_peripherals_i|udma_subsystem_Z83:i_udma|udma_spim_top_19s_20s_6s_8s:i_spim_gen_0__i_spim|udma_dc_fifo_32s_8s:u_dc_cmd|dc_token_ring_fifo_din_32s_8s_1:u_din|dc_data_buffer_32s_8s:buffer|syn_mlab:data_mlab|i_pulpissimo_soc_domain_i_pulp_soc_i_soc_peripherals_i_i_udma_i_spim_gen_0__i_spim_u_dc_cmd_u_din_buffer_data_15_6_~MEMORYREGOUT
    Info (332098): From: pulpissimo_Z560:i_pulpissimo|soc_domain_Z559:soc_domain_i|pulp_soc_Z23:pulp_soc_i|soc_peripherals_Z84:soc_peripherals_i|udma_subsystem_Z83:i_udma|udma_spim_top_19s_20s_6s_8s:i_spim_gen_0__i_spim|udma_dc_fifo_32s_8s:u_dc_cmd|dc_token_ring_fifo_din_32s_8s_1:u_din|dc_data_buffer_32s_8s:buffer|syn_mlab:data_mlab|i_pulpissimo_soc_domain_i_pulp_soc_i_soc_peripherals_i_i_udma_i_spim_gen_0__i_spim_u_dc_cmd_u_din_buffer_data_16_7_~CLKMUX_0  to: pulpissimo_Z560:i_pulpissimo|soc_domain_Z559:soc_domain_i|pulp_soc_Z23:pulp_soc_i|soc_peripherals_Z84:soc_peripherals_i|udma_subsystem_Z83:i_udma|udma_spim_top_19s_20s_6s_8s:i_spim_gen_0__i_spim|udma_dc_fifo_32s_8s:u_dc_cmd|dc_token_ring_fifo_din_32s_8s_1:u_din|dc_data_buffer_32s_8s:buffer|syn_mlab:data_mlab|i_pulpissimo_soc_domain_i_pulp_soc_i_soc_peripherals_i_i_udma_i_spim_gen_0__i_spim_u_dc_cmd_u_din_buffer_data_16_7_~MEMORYREGOUT
    Info (332098): From: pulpissimo_Z560:i_pulpissimo|soc_domain_Z559:soc_domain_i|pulp_soc_Z23:pulp_soc_i|soc_peripherals_Z84:soc_peripherals_i|udma_subsystem_Z83:i_udma|udma_spim_top_19s_20s_6s_8s:i_spim_gen_0__i_spim|udma_dc_fifo_32s_8s:u_dc_cmd|dc_token_ring_fifo_din_32s_8s_1:u_din|dc_data_buffer_32s_8s:buffer|syn_mlab:data_mlab|i_pulpissimo_soc_domain_i_pulp_soc_i_soc_peripherals_i_i_udma_i_spim_gen_0__i_spim_u_dc_cmd_u_din_buffer_data_17_8_~CLKMUX_0  to: pulpissimo_Z560:i_pulpissimo|soc_domain_Z559:soc_domain_i|pulp_soc_Z23:pulp_soc_i|soc_peripherals_Z84:soc_peripherals_i|udma_subsystem_Z83:i_udma|udma_spim_top_19s_20s_6s_8s:i_spim_gen_0__i_spim|udma_dc_fifo_32s_8s:u_dc_cmd|dc_token_ring_fifo_din_32s_8s_1:u_din|dc_data_buffer_32s_8s:buffer|syn_mlab:data_mlab|i_pulpissimo_soc_domain_i_pulp_soc_i_soc_peripherals_i_i_udma_i_spim_gen_0__i_spim_u_dc_cmd_u_din_buffer_data_17_8_~MEMORYREGOUT
    Info (332098): From: pulpissimo_Z560:i_pulpissimo|soc_domain_Z559:soc_domain_i|pulp_soc_Z23:pulp_soc_i|soc_peripherals_Z84:soc_peripherals_i|udma_subsystem_Z83:i_udma|udma_spim_top_19s_20s_6s_8s:i_spim_gen_0__i_spim|udma_dc_fifo_32s_8s:u_dc_cmd|dc_token_ring_fifo_din_32s_8s_1:u_din|dc_data_buffer_32s_8s:buffer|syn_mlab:data_mlab|i_pulpissimo_soc_domain_i_pulp_soc_i_soc_peripherals_i_i_udma_i_spim_gen_0__i_spim_u_dc_cmd_u_din_buffer_data_18_9_~CLKMUX_0  to: pulpissimo_Z560:i_pulpissimo|soc_domain_Z559:soc_domain_i|pulp_soc_Z23:pulp_soc_i|soc_peripherals_Z84:soc_peripherals_i|udma_subsystem_Z83:i_udma|udma_spim_top_19s_20s_6s_8s:i_spim_gen_0__i_spim|udma_dc_fifo_32s_8s:u_dc_cmd|dc_token_ring_fifo_din_32s_8s_1:u_din|dc_data_buffer_32s_8s:buffer|syn_mlab:data_mlab|i_pulpissimo_soc_domain_i_pulp_soc_i_soc_peripherals_i_i_udma_i_spim_gen_0__i_spim_u_dc_cmd_u_din_buffer_data_18_9_~MEMORYREGOUT
    Info (332098): From: pulpissimo_Z560:i_pulpissimo|soc_domain_Z559:soc_domain_i|pulp_soc_Z23:pulp_soc_i|soc_peripherals_Z84:soc_peripherals_i|udma_subsystem_Z83:i_udma|udma_spim_top_19s_20s_6s_8s:i_spim_gen_0__i_spim|udma_dc_fifo_32s_8s:u_dc_cmd|dc_token_ring_fifo_din_32s_8s_1:u_din|dc_data_buffer_32s_8s:buffer|syn_mlab:data_mlab|i_pulpissimo_soc_domain_i_pulp_soc_i_soc_peripherals_i_i_udma_i_spim_gen_0__i_spim_u_dc_cmd_u_din_buffer_data_19_10_~CLKMUX_0  to: pulpissimo_Z560:i_pulpissimo|soc_domain_Z559:soc_domain_i|pulp_soc_Z23:pulp_soc_i|soc_peripherals_Z84:soc_peripherals_i|udma_subsystem_Z83:i_udma|udma_spim_top_19s_20s_6s_8s:i_spim_gen_0__i_spim|udma_dc_fifo_32s_8s:u_dc_cmd|dc_token_ring_fifo_din_32s_8s_1:u_din|dc_data_buffer_32s_8s:buffer|syn_mlab:data_mlab|i_pulpissimo_soc_domain_i_pulp_soc_i_soc_peripherals_i_i_udma_i_spim_gen_0__i_spim_u_dc_cmd_u_din_buffer_data_19_10_~MEMORYREGOUT
    Info (332098): From: pulpissimo_Z560:i_pulpissimo|soc_domain_Z559:soc_domain_i|pulp_soc_Z23:pulp_soc_i|soc_peripherals_Z84:soc_peripherals_i|udma_subsystem_Z83:i_udma|udma_spim_top_19s_20s_6s_8s:i_spim_gen_0__i_spim|udma_dc_fifo_32s_8s:u_dc_cmd|dc_token_ring_fifo_din_32s_8s_1:u_din|dc_data_buffer_32s_8s:buffer|syn_mlab:data_mlab|i_pulpissimo_soc_domain_i_pulp_soc_i_soc_peripherals_i_i_udma_i_spim_gen_0__i_spim_u_dc_cmd_u_din_buffer_data_20_11_~CLKMUX_0  to: pulpissimo_Z560:i_pulpissimo|soc_domain_Z559:soc_domain_i|pulp_soc_Z23:pulp_soc_i|soc_peripherals_Z84:soc_peripherals_i|udma_subsystem_Z83:i_udma|udma_spim_top_19s_20s_6s_8s:i_spim_gen_0__i_spim|udma_dc_fifo_32s_8s:u_dc_cmd|dc_token_ring_fifo_din_32s_8s_1:u_din|dc_data_buffer_32s_8s:buffer|syn_mlab:data_mlab|i_pulpissimo_soc_domain_i_pulp_soc_i_soc_peripherals_i_i_udma_i_spim_gen_0__i_spim_u_dc_cmd_u_din_buffer_data_20_11_~MEMORYREGOUT
    Info (332098): From: pulpissimo_Z560:i_pulpissimo|soc_domain_Z559:soc_domain_i|pulp_soc_Z23:pulp_soc_i|soc_peripherals_Z84:soc_peripherals_i|udma_subsystem_Z83:i_udma|udma_spim_top_19s_20s_6s_8s:i_spim_gen_0__i_spim|udma_dc_fifo_32s_8s:u_dc_cmd|dc_token_ring_fifo_din_32s_8s_1:u_din|dc_data_buffer_32s_8s:buffer|syn_mlab:data_mlab|i_pulpissimo_soc_domain_i_pulp_soc_i_soc_peripherals_i_i_udma_i_spim_gen_0__i_spim_u_dc_cmd_u_din_buffer_data_21_12_~CLKMUX_0  to: pulpissimo_Z560:i_pulpissimo|soc_domain_Z559:soc_domain_i|pulp_soc_Z23:pulp_soc_i|soc_peripherals_Z84:soc_peripherals_i|udma_subsystem_Z83:i_udma|udma_spim_top_19s_20s_6s_8s:i_spim_gen_0__i_spim|udma_dc_fifo_32s_8s:u_dc_cmd|dc_token_ring_fifo_din_32s_8s_1:u_din|dc_data_buffer_32s_8s:buffer|syn_mlab:data_mlab|i_pulpissimo_soc_domain_i_pulp_soc_i_soc_peripherals_i_i_udma_i_spim_gen_0__i_spim_u_dc_cmd_u_din_buffer_data_21_12_~MEMORYREGOUT
    Info (332098): From: pulpissimo_Z560:i_pulpissimo|soc_domain_Z559:soc_domain_i|pulp_soc_Z23:pulp_soc_i|soc_peripherals_Z84:soc_peripherals_i|udma_subsystem_Z83:i_udma|udma_spim_top_19s_20s_6s_8s:i_spim_gen_0__i_spim|udma_dc_fifo_32s_8s:u_dc_cmd|dc_token_ring_fifo_din_32s_8s_1:u_din|dc_data_buffer_32s_8s:buffer|syn_mlab:data_mlab|i_pulpissimo_soc_domain_i_pulp_soc_i_soc_peripherals_i_i_udma_i_spim_gen_0__i_spim_u_dc_cmd_u_din_buffer_data_22_13_~CLKMUX_0  to: pulpissimo_Z560:i_pulpissimo|soc_domain_Z559:soc_domain_i|pulp_soc_Z23:pulp_soc_i|soc_peripherals_Z84:soc_peripherals_i|udma_subsystem_Z83:i_udma|udma_spim_top_19s_20s_6s_8s:i_spim_gen_0__i_spim|udma_dc_fifo_32s_8s:u_dc_cmd|dc_token_ring_fifo_din_32s_8s_1:u_din|dc_data_buffer_32s_8s:buffer|syn_mlab:data_mlab|i_pulpissimo_soc_domain_i_pulp_soc_i_soc_peripherals_i_i_udma_i_spim_gen_0__i_spim_u_dc_cmd_u_din_buffer_data_22_13_~MEMORYREGOUT
    Info (332098): From: pulpissimo_Z560:i_pulpissimo|soc_domain_Z559:soc_domain_i|pulp_soc_Z23:pulp_soc_i|soc_peripherals_Z84:soc_peripherals_i|udma_subsystem_Z83:i_udma|udma_spim_top_19s_20s_6s_8s:i_spim_gen_0__i_spim|udma_dc_fifo_32s_8s:u_dc_cmd|dc_token_ring_fifo_din_32s_8s_1:u_din|dc_data_buffer_32s_8s:buffer|syn_mlab:data_mlab|i_pulpissimo_soc_domain_i_pulp_soc_i_soc_peripherals_i_i_udma_i_spim_gen_0__i_spim_u_dc_cmd_u_din_buffer_data_23_14_~CLKMUX_0  to: pulpissimo_Z560:i_pulpissimo|soc_domain_Z559:soc_domain_i|pulp_soc_Z23:pulp_soc_i|soc_peripherals_Z84:soc_peripherals_i|udma_subsystem_Z83:i_udma|udma_spim_top_19s_20s_6s_8s:i_spim_gen_0__i_spim|udma_dc_fifo_32s_8s:u_dc_cmd|dc_token_ring_fifo_din_32s_8s_1:u_din|dc_data_buffer_32s_8s:buffer|syn_mlab:data_mlab|i_pulpissimo_soc_domain_i_pulp_soc_i_soc_peripherals_i_i_udma_i_spim_gen_0__i_spim_u_dc_cmd_u_din_buffer_data_23_14_~MEMORYREGOUT
    Info (332098): From: pulpissimo_Z560:i_pulpissimo|soc_domain_Z559:soc_domain_i|pulp_soc_Z23:pulp_soc_i|soc_peripherals_Z84:soc_peripherals_i|udma_subsystem_Z83:i_udma|udma_spim_top_19s_20s_6s_8s:i_spim_gen_0__i_spim|udma_dc_fifo_32s_8s:u_dc_cmd|dc_token_ring_fifo_din_32s_8s_1:u_din|dc_data_buffer_32s_8s:buffer|syn_mlab:data_mlab|i_pulpissimo_soc_domain_i_pulp_soc_i_soc_peripherals_i_i_udma_i_spim_gen_0__i_spim_u_dc_cmd_u_din_buffer_data_24_15_~CLKMUX_0  to: pulpissimo_Z560:i_pulpissimo|soc_domain_Z559:soc_domain_i|pulp_soc_Z23:pulp_soc_i|soc_peripherals_Z84:soc_peripherals_i|udma_subsystem_Z83:i_udma|udma_spim_top_19s_20s_6s_8s:i_spim_gen_0__i_spim|udma_dc_fifo_32s_8s:u_dc_cmd|dc_token_ring_fifo_din_32s_8s_1:u_din|dc_data_buffer_32s_8s:buffer|syn_mlab:data_mlab|i_pulpissimo_soc_domain_i_pulp_soc_i_soc_peripherals_i_i_udma_i_spim_gen_0__i_spim_u_dc_cmd_u_din_buffer_data_24_15_~MEMORYREGOUT
    Info (332098): From: pulpissimo_Z560:i_pulpissimo|soc_domain_Z559:soc_domain_i|pulp_soc_Z23:pulp_soc_i|soc_peripherals_Z84:soc_peripherals_i|udma_subsystem_Z83:i_udma|udma_spim_top_19s_20s_6s_8s:i_spim_gen_0__i_spim|udma_dc_fifo_32s_8s:u_dc_cmd|dc_token_ring_fifo_din_32s_8s_1:u_din|dc_data_buffer_32s_8s:buffer|syn_mlab:data_mlab|i_pulpissimo_soc_domain_i_pulp_soc_i_soc_peripherals_i_i_udma_i_spim_gen_0__i_spim_u_dc_cmd_u_din_buffer_data_25_16_~CLKMUX_0  to: pulpissimo_Z560:i_pulpissimo|soc_domain_Z559:soc_domain_i|pulp_soc_Z23:pulp_soc_i|soc_peripherals_Z84:soc_peripherals_i|udma_subsystem_Z83:i_udma|udma_spim_top_19s_20s_6s_8s:i_spim_gen_0__i_spim|udma_dc_fifo_32s_8s:u_dc_cmd|dc_token_ring_fifo_din_32s_8s_1:u_din|dc_data_buffer_32s_8s:buffer|syn_mlab:data_mlab|i_pulpissimo_soc_domain_i_pulp_soc_i_soc_peripherals_i_i_udma_i_spim_gen_0__i_spim_u_dc_cmd_u_din_buffer_data_25_16_~MEMORYREGOUT
    Info (332098): From: pulpissimo_Z560:i_pulpissimo|soc_domain_Z559:soc_domain_i|pulp_soc_Z23:pulp_soc_i|soc_peripherals_Z84:soc_peripherals_i|udma_subsystem_Z83:i_udma|udma_spim_top_19s_20s_6s_8s:i_spim_gen_0__i_spim|udma_dc_fifo_32s_8s:u_dc_cmd|dc_token_ring_fifo_din_32s_8s_1:u_din|dc_data_buffer_32s_8s:buffer|syn_mlab:data_mlab|i_pulpissimo_soc_domain_i_pulp_soc_i_soc_peripherals_i_i_udma_i_spim_gen_0__i_spim_u_dc_cmd_u_din_buffer_data_26_17_~CLKMUX_0  to: pulpissimo_Z560:i_pulpissimo|soc_domain_Z559:soc_domain_i|pulp_soc_Z23:pulp_soc_i|soc_peripherals_Z84:soc_peripherals_i|udma_subsystem_Z83:i_udma|udma_spim_top_19s_20s_6s_8s:i_spim_gen_0__i_spim|udma_dc_fifo_32s_8s:u_dc_cmd|dc_token_ring_fifo_din_32s_8s_1:u_din|dc_data_buffer_32s_8s:buffer|syn_mlab:data_mlab|i_pulpissimo_soc_domain_i_pulp_soc_i_soc_peripherals_i_i_udma_i_spim_gen_0__i_spim_u_dc_cmd_u_din_buffer_data_26_17_~MEMORYREGOUT
    Info (332098): From: pulpissimo_Z560:i_pulpissimo|soc_domain_Z559:soc_domain_i|pulp_soc_Z23:pulp_soc_i|soc_peripherals_Z84:soc_peripherals_i|udma_subsystem_Z83:i_udma|udma_spim_top_19s_20s_6s_8s:i_spim_gen_0__i_spim|udma_dc_fifo_32s_8s:u_dc_cmd|dc_token_ring_fifo_din_32s_8s_1:u_din|dc_data_buffer_32s_8s:buffer|syn_mlab:data_mlab|i_pulpissimo_soc_domain_i_pulp_soc_i_soc_peripherals_i_i_udma_i_spim_gen_0__i_spim_u_dc_cmd_u_din_buffer_data_27_18_~CLKMUX_0  to: pulpissimo_Z560:i_pulpissimo|soc_domain_Z559:soc_domain_i|pulp_soc_Z23:pulp_soc_i|soc_peripherals_Z84:soc_peripherals_i|udma_subsystem_Z83:i_udma|udma_spim_top_19s_20s_6s_8s:i_spim_gen_0__i_spim|udma_dc_fifo_32s_8s:u_dc_cmd|dc_token_ring_fifo_din_32s_8s_1:u_din|dc_data_buffer_32s_8s:buffer|syn_mlab:data_mlab|i_pulpissimo_soc_domain_i_pulp_soc_i_soc_peripherals_i_i_udma_i_spim_gen_0__i_spim_u_dc_cmd_u_din_buffer_data_27_18_~MEMORYREGOUT
    Info (332098): From: pulpissimo_Z560:i_pulpissimo|soc_domain_Z559:soc_domain_i|pulp_soc_Z23:pulp_soc_i|soc_peripherals_Z84:soc_peripherals_i|udma_subsystem_Z83:i_udma|udma_spim_top_19s_20s_6s_8s:i_spim_gen_0__i_spim|udma_dc_fifo_32s_8s:u_dc_cmd|dc_token_ring_fifo_din_32s_8s_1:u_din|dc_data_buffer_32s_8s:buffer|syn_mlab:data_mlab|i_pulpissimo_soc_domain_i_pulp_soc_i_soc_peripherals_i_i_udma_i_spim_gen_0__i_spim_u_dc_cmd_u_din_buffer_data_28_19_~CLKMUX_0  to: pulpissimo_Z560:i_pulpissimo|soc_domain_Z559:soc_domain_i|pulp_soc_Z23:pulp_soc_i|soc_peripherals_Z84:soc_peripherals_i|udma_subsystem_Z83:i_udma|udma_spim_top_19s_20s_6s_8s:i_spim_gen_0__i_spim|udma_dc_fifo_32s_8s:u_dc_cmd|dc_token_ring_fifo_din_32s_8s_1:u_din|dc_data_buffer_32s_8s:buffer|syn_mlab:data_mlab|i_pulpissimo_soc_domain_i_pulp_soc_i_soc_peripherals_i_i_udma_i_spim_gen_0__i_spim_u_dc_cmd_u_din_buffer_data_28_19_~MEMORYREGOUT
    Info (332098): From: pulpissimo_Z560:i_pulpissimo|soc_domain_Z559:soc_domain_i|pulp_soc_Z23:pulp_soc_i|soc_peripherals_Z84:soc_peripherals_i|udma_subsystem_Z83:i_udma|udma_spim_top_19s_20s_6s_8s:i_spim_gen_0__i_spim|udma_dc_fifo_32s_8s:u_dc_cmd|dc_token_ring_fifo_din_32s_8s_1:u_din|dc_data_buffer_32s_8s:buffer|syn_mlab:data_mlab|i_pulpissimo_soc_domain_i_pulp_soc_i_soc_peripherals_i_i_udma_i_spim_gen_0__i_spim_u_dc_cmd_u_din_buffer_data_29_20_~CLKMUX_0  to: pulpissimo_Z560:i_pulpissimo|soc_domain_Z559:soc_domain_i|pulp_soc_Z23:pulp_soc_i|soc_peripherals_Z84:soc_peripherals_i|udma_subsystem_Z83:i_udma|udma_spim_top_19s_20s_6s_8s:i_spim_gen_0__i_spim|udma_dc_fifo_32s_8s:u_dc_cmd|dc_token_ring_fifo_din_32s_8s_1:u_din|dc_data_buffer_32s_8s:buffer|syn_mlab:data_mlab|i_pulpissimo_soc_domain_i_pulp_soc_i_soc_peripherals_i_i_udma_i_spim_gen_0__i_spim_u_dc_cmd_u_din_buffer_data_29_20_~MEMORYREGOUT
    Info (332098): From: pulpissimo_Z560:i_pulpissimo|soc_domain_Z559:soc_domain_i|pulp_soc_Z23:pulp_soc_i|soc_peripherals_Z84:soc_peripherals_i|udma_subsystem_Z83:i_udma|udma_spim_top_19s_20s_6s_8s:i_spim_gen_0__i_spim|udma_dc_fifo_32s_8s:u_dc_cmd|dc_token_ring_fifo_din_32s_8s_1:u_din|dc_data_buffer_32s_8s:buffer|syn_mlab:data_mlab|i_pulpissimo_soc_domain_i_pulp_soc_i_soc_peripherals_i_i_udma_i_spim_gen_0__i_spim_u_dc_cmd_u_din_buffer_data_30_21_~CLKMUX_0  to: pulpissimo_Z560:i_pulpissimo|soc_domain_Z559:soc_domain_i|pulp_soc_Z23:pulp_soc_i|soc_peripherals_Z84:soc_peripherals_i|udma_subsystem_Z83:i_udma|udma_spim_top_19s_20s_6s_8s:i_spim_gen_0__i_spim|udma_dc_fifo_32s_8s:u_dc_cmd|dc_token_ring_fifo_din_32s_8s_1:u_din|dc_data_buffer_32s_8s:buffer|syn_mlab:data_mlab|i_pulpissimo_soc_domain_i_pulp_soc_i_soc_peripherals_i_i_udma_i_spim_gen_0__i_spim_u_dc_cmd_u_din_buffer_data_30_21_~MEMORYREGOUT
    Info (332098): From: pulpissimo_Z560:i_pulpissimo|soc_domain_Z559:soc_domain_i|pulp_soc_Z23:pulp_soc_i|soc_peripherals_Z84:soc_peripherals_i|udma_subsystem_Z83:i_udma|udma_spim_top_19s_20s_6s_8s:i_spim_gen_0__i_spim|udma_dc_fifo_32s_8s:u_dc_cmd|dc_token_ring_fifo_din_32s_8s_1:u_din|dc_data_buffer_32s_8s:buffer|syn_mlab:data_mlab|i_pulpissimo_soc_domain_i_pulp_soc_i_soc_peripherals_i_i_udma_i_spim_gen_0__i_spim_u_dc_cmd_u_din_buffer_data_31_22_~CLKMUX_0  to: pulpissimo_Z560:i_pulpissimo|soc_domain_Z559:soc_domain_i|pulp_soc_Z23:pulp_soc_i|soc_peripherals_Z84:soc_peripherals_i|udma_subsystem_Z83:i_udma|udma_spim_top_19s_20s_6s_8s:i_spim_gen_0__i_spim|udma_dc_fifo_32s_8s:u_dc_cmd|dc_token_ring_fifo_din_32s_8s_1:u_din|dc_data_buffer_32s_8s:buffer|syn_mlab:data_mlab|i_pulpissimo_soc_domain_i_pulp_soc_i_soc_peripherals_i_i_udma_i_spim_gen_0__i_spim_u_dc_cmd_u_din_buffer_data_31_22_~MEMORYREGOUT
    Info (332098): From: pulpissimo_Z560:i_pulpissimo|soc_domain_Z559:soc_domain_i|pulp_soc_Z23:pulp_soc_i|soc_peripherals_Z84:soc_peripherals_i|udma_subsystem_Z83:i_udma|udma_spim_top_19s_20s_6s_8s:i_spim_gen_0__i_spim|udma_dc_fifo_32s_8s:u_dc_cmd|dc_token_ring_fifo_din_32s_8s_1:u_din|dc_data_buffer_32s_8s:buffer|syn_mlab:data_mlab|i_pulpissimo_soc_domain_i_pulp_soc_i_soc_peripherals_i_i_udma_i_spim_gen_0__i_spim_u_dc_cmd_u_din_buffer_data_32_23_~CLKMUX_0  to: pulpissimo_Z560:i_pulpissimo|soc_domain_Z559:soc_domain_i|pulp_soc_Z23:pulp_soc_i|soc_peripherals_Z84:soc_peripherals_i|udma_subsystem_Z83:i_udma|udma_spim_top_19s_20s_6s_8s:i_spim_gen_0__i_spim|udma_dc_fifo_32s_8s:u_dc_cmd|dc_token_ring_fifo_din_32s_8s_1:u_din|dc_data_buffer_32s_8s:buffer|syn_mlab:data_mlab|i_pulpissimo_soc_domain_i_pulp_soc_i_soc_peripherals_i_i_udma_i_spim_gen_0__i_spim_u_dc_cmd_u_din_buffer_data_32_23_~MEMORYREGOUT
    Info (332098): From: pulpissimo_Z560:i_pulpissimo|soc_domain_Z559:soc_domain_i|pulp_soc_Z23:pulp_soc_i|soc_peripherals_Z84:soc_peripherals_i|udma_subsystem_Z83:i_udma|udma_spim_top_19s_20s_6s_8s:i_spim_gen_0__i_spim|udma_dc_fifo_32s_8s:u_dc_cmd|dc_token_ring_fifo_din_32s_8s_1:u_din|dc_data_buffer_32s_8s:buffer|syn_mlab:data_mlab|i_pulpissimo_soc_domain_i_pulp_soc_i_soc_peripherals_i_i_udma_i_spim_gen_0__i_spim_u_dc_cmd_u_din_buffer_data_33_24_~CLKMUX_0  to: pulpissimo_Z560:i_pulpissimo|soc_domain_Z559:soc_domain_i|pulp_soc_Z23:pulp_soc_i|soc_peripherals_Z84:soc_peripherals_i|udma_subsystem_Z83:i_udma|udma_spim_top_19s_20s_6s_8s:i_spim_gen_0__i_spim|udma_dc_fifo_32s_8s:u_dc_cmd|dc_token_ring_fifo_din_32s_8s_1:u_din|dc_data_buffer_32s_8s:buffer|syn_mlab:data_mlab|i_pulpissimo_soc_domain_i_pulp_soc_i_soc_peripherals_i_i_udma_i_spim_gen_0__i_spim_u_dc_cmd_u_din_buffer_data_33_24_~MEMORYREGOUT
    Info (332098): From: pulpissimo_Z560:i_pulpissimo|soc_domain_Z559:soc_domain_i|pulp_soc_Z23:pulp_soc_i|soc_peripherals_Z84:soc_peripherals_i|udma_subsystem_Z83:i_udma|udma_spim_top_19s_20s_6s_8s:i_spim_gen_0__i_spim|udma_dc_fifo_32s_8s:u_dc_cmd|dc_token_ring_fifo_din_32s_8s_1:u_din|dc_data_buffer_32s_8s:buffer|syn_mlab:data_mlab|i_pulpissimo_soc_domain_i_pulp_soc_i_soc_peripherals_i_i_udma_i_spim_gen_0__i_spim_u_dc_cmd_u_din_buffer_data_34_25_~CLKMUX_0  to: pulpissimo_Z560:i_pulpissimo|soc_domain_Z559:soc_domain_i|pulp_soc_Z23:pulp_soc_i|soc_peripherals_Z84:soc_peripherals_i|udma_subsystem_Z83:i_udma|udma_spim_top_19s_20s_6s_8s:i_spim_gen_0__i_spim|udma_dc_fifo_32s_8s:u_dc_cmd|dc_token_ring_fifo_din_32s_8s_1:u_din|dc_data_buffer_32s_8s:buffer|syn_mlab:data_mlab|i_pulpissimo_soc_domain_i_pulp_soc_i_soc_peripherals_i_i_udma_i_spim_gen_0__i_spim_u_dc_cmd_u_din_buffer_data_34_25_~MEMORYREGOUT
    Info (332098): From: pulpissimo_Z560:i_pulpissimo|soc_domain_Z559:soc_domain_i|pulp_soc_Z23:pulp_soc_i|soc_peripherals_Z84:soc_peripherals_i|udma_subsystem_Z83:i_udma|udma_spim_top_19s_20s_6s_8s:i_spim_gen_0__i_spim|udma_dc_fifo_32s_8s:u_dc_cmd|dc_token_ring_fifo_din_32s_8s_1:u_din|dc_data_buffer_32s_8s:buffer|syn_mlab:data_mlab|i_pulpissimo_soc_domain_i_pulp_soc_i_soc_peripherals_i_i_udma_i_spim_gen_0__i_spim_u_dc_cmd_u_din_buffer_data_35_26_~CLKMUX_0  to: pulpissimo_Z560:i_pulpissimo|soc_domain_Z559:soc_domain_i|pulp_soc_Z23:pulp_soc_i|soc_peripherals_Z84:soc_peripherals_i|udma_subsystem_Z83:i_udma|udma_spim_top_19s_20s_6s_8s:i_spim_gen_0__i_spim|udma_dc_fifo_32s_8s:u_dc_cmd|dc_token_ring_fifo_din_32s_8s_1:u_din|dc_data_buffer_32s_8s:buffer|syn_mlab:data_mlab|i_pulpissimo_soc_domain_i_pulp_soc_i_soc_peripherals_i_i_udma_i_spim_gen_0__i_spim_u_dc_cmd_u_din_buffer_data_35_26_~MEMORYREGOUT
    Info (332098): From: pulpissimo_Z560:i_pulpissimo|soc_domain_Z559:soc_domain_i|pulp_soc_Z23:pulp_soc_i|soc_peripherals_Z84:soc_peripherals_i|udma_subsystem_Z83:i_udma|udma_spim_top_19s_20s_6s_8s:i_spim_gen_0__i_spim|udma_dc_fifo_32s_8s:u_dc_cmd|dc_token_ring_fifo_din_32s_8s_1:u_din|dc_data_buffer_32s_8s:buffer|syn_mlab:data_mlab|i_pulpissimo_soc_domain_i_pulp_soc_i_soc_peripherals_i_i_udma_i_spim_gen_0__i_spim_u_dc_cmd_u_din_buffer_data_36_27_~CLKMUX_0  to: pulpissimo_Z560:i_pulpissimo|soc_domain_Z559:soc_domain_i|pulp_soc_Z23:pulp_soc_i|soc_peripherals_Z84:soc_peripherals_i|udma_subsystem_Z83:i_udma|udma_spim_top_19s_20s_6s_8s:i_spim_gen_0__i_spim|udma_dc_fifo_32s_8s:u_dc_cmd|dc_token_ring_fifo_din_32s_8s_1:u_din|dc_data_buffer_32s_8s:buffer|syn_mlab:data_mlab|i_pulpissimo_soc_domain_i_pulp_soc_i_soc_peripherals_i_i_udma_i_spim_gen_0__i_spim_u_dc_cmd_u_din_buffer_data_36_27_~MEMORYREGOUT
    Info (332098): From: pulpissimo_Z560:i_pulpissimo|soc_domain_Z559:soc_domain_i|pulp_soc_Z23:pulp_soc_i|soc_peripherals_Z84:soc_peripherals_i|udma_subsystem_Z83:i_udma|udma_spim_top_19s_20s_6s_8s:i_spim_gen_0__i_spim|udma_dc_fifo_32s_8s:u_dc_cmd|dc_token_ring_fifo_din_32s_8s_1:u_din|dc_data_buffer_32s_8s:buffer|syn_mlab:data_mlab|i_pulpissimo_soc_domain_i_pulp_soc_i_soc_peripherals_i_i_udma_i_spim_gen_0__i_spim_u_dc_cmd_u_din_buffer_data_37_28_~CLKMUX_0  to: pulpissimo_Z560:i_pulpissimo|soc_domain_Z559:soc_domain_i|pulp_soc_Z23:pulp_soc_i|soc_peripherals_Z84:soc_peripherals_i|udma_subsystem_Z83:i_udma|udma_spim_top_19s_20s_6s_8s:i_spim_gen_0__i_spim|udma_dc_fifo_32s_8s:u_dc_cmd|dc_token_ring_fifo_din_32s_8s_1:u_din|dc_data_buffer_32s_8s:buffer|syn_mlab:data_mlab|i_pulpissimo_soc_domain_i_pulp_soc_i_soc_peripherals_i_i_udma_i_spim_gen_0__i_spim_u_dc_cmd_u_din_buffer_data_37_28_~MEMORYREGOUT
    Info (332098): From: pulpissimo_Z560:i_pulpissimo|soc_domain_Z559:soc_domain_i|pulp_soc_Z23:pulp_soc_i|soc_peripherals_Z84:soc_peripherals_i|udma_subsystem_Z83:i_udma|udma_spim_top_19s_20s_6s_8s:i_spim_gen_0__i_spim|udma_dc_fifo_32s_8s:u_dc_cmd|dc_token_ring_fifo_din_32s_8s_1:u_din|dc_data_buffer_32s_8s:buffer|syn_mlab:data_mlab|i_pulpissimo_soc_domain_i_pulp_soc_i_soc_peripherals_i_i_udma_i_spim_gen_0__i_spim_u_dc_cmd_u_din_buffer_data_38_29_~CLKMUX_0  to: pulpissimo_Z560:i_pulpissimo|soc_domain_Z559:soc_domain_i|pulp_soc_Z23:pulp_soc_i|soc_peripherals_Z84:soc_peripherals_i|udma_subsystem_Z83:i_udma|udma_spim_top_19s_20s_6s_8s:i_spim_gen_0__i_spim|udma_dc_fifo_32s_8s:u_dc_cmd|dc_token_ring_fifo_din_32s_8s_1:u_din|dc_data_buffer_32s_8s:buffer|syn_mlab:data_mlab|i_pulpissimo_soc_domain_i_pulp_soc_i_soc_peripherals_i_i_udma_i_spim_gen_0__i_spim_u_dc_cmd_u_din_buffer_data_38_29_~MEMORYREGOUT
    Info (332098): From: pulpissimo_Z560:i_pulpissimo|soc_domain_Z559:soc_domain_i|pulp_soc_Z23:pulp_soc_i|soc_peripherals_Z84:soc_peripherals_i|udma_subsystem_Z83:i_udma|udma_spim_top_19s_20s_6s_8s:i_spim_gen_0__i_spim|udma_dc_fifo_32s_8s:u_dc_cmd|dc_token_ring_fifo_din_32s_8s_1:u_din|dc_data_buffer_32s_8s:buffer|syn_mlab:data_mlab|i_pulpissimo_soc_domain_i_pulp_soc_i_soc_peripherals_i_i_udma_i_spim_gen_0__i_spim_u_dc_cmd_u_din_buffer_data_39_30_~CLKMUX_0  to: pulpissimo_Z560:i_pulpissimo|soc_domain_Z559:soc_domain_i|pulp_soc_Z23:pulp_soc_i|soc_peripherals_Z84:soc_peripherals_i|udma_subsystem_Z83:i_udma|udma_spim_top_19s_20s_6s_8s:i_spim_gen_0__i_spim|udma_dc_fifo_32s_8s:u_dc_cmd|dc_token_ring_fifo_din_32s_8s_1:u_din|dc_data_buffer_32s_8s:buffer|syn_mlab:data_mlab|i_pulpissimo_soc_domain_i_pulp_soc_i_soc_peripherals_i_i_udma_i_spim_gen_0__i_spim_u_dc_cmd_u_din_buffer_data_39_30_~MEMORYREGOUT
    Info (332098): From: pulpissimo_Z560:i_pulpissimo|soc_domain_Z559:soc_domain_i|pulp_soc_Z23:pulp_soc_i|soc_peripherals_Z84:soc_peripherals_i|udma_subsystem_Z83:i_udma|udma_spim_top_19s_20s_6s_8s:i_spim_gen_0__i_spim|udma_dc_fifo_32s_8s:u_dc_cmd|dc_token_ring_fifo_din_32s_8s_1:u_din|dc_data_buffer_32s_8s:buffer|syn_mlab:data_mlab|i_pulpissimo_soc_domain_i_pulp_soc_i_soc_peripherals_i_i_udma_i_spim_gen_0__i_spim_u_dc_cmd_u_din_buffer_data_40_31_~CLKMUX_0  to: pulpissimo_Z560:i_pulpissimo|soc_domain_Z559:soc_domain_i|pulp_soc_Z23:pulp_soc_i|soc_peripherals_Z84:soc_peripherals_i|udma_subsystem_Z83:i_udma|udma_spim_top_19s_20s_6s_8s:i_spim_gen_0__i_spim|udma_dc_fifo_32s_8s:u_dc_cmd|dc_token_ring_fifo_din_32s_8s_1:u_din|dc_data_buffer_32s_8s:buffer|syn_mlab:data_mlab|i_pulpissimo_soc_domain_i_pulp_soc_i_soc_peripherals_i_i_udma_i_spim_gen_0__i_spim_u_dc_cmd_u_din_buffer_data_40_31_~MEMORYREGOUT
    Info (332098): From: pulpissimo_Z560:i_pulpissimo|soc_domain_Z559:soc_domain_i|pulp_soc_Z23:pulp_soc_i|soc_peripherals_Z84:soc_peripherals_i|udma_subsystem_Z83:i_udma|udma_spim_top_19s_20s_6s_8s:i_spim_gen_0__i_spim|udma_dc_fifo_32s_8s:u_dc_cmd|dc_token_ring_fifo_din_32s_8s_1:u_din|dc_data_buffer_32s_8s:buffer|syn_mlab:data_mlab|i_pulpissimo_soc_domain_i_pulp_soc_i_soc_peripherals_i_i_udma_i_spim_gen_0__i_spim_u_dc_cmd_u_din_buffer_data_9_0_~CLKMUX_0  to: pulpissimo_Z560:i_pulpissimo|soc_domain_Z559:soc_domain_i|pulp_soc_Z23:pulp_soc_i|soc_peripherals_Z84:soc_peripherals_i|udma_subsystem_Z83:i_udma|udma_spim_top_19s_20s_6s_8s:i_spim_gen_0__i_spim|udma_dc_fifo_32s_8s:u_dc_cmd|dc_token_ring_fifo_din_32s_8s_1:u_din|dc_data_buffer_32s_8s:buffer|syn_mlab:data_mlab|i_pulpissimo_soc_domain_i_pulp_soc_i_soc_peripherals_i_i_udma_i_spim_gen_0__i_spim_u_dc_cmd_u_din_buffer_data_9_0_~MEMORYREGOUT
    Info (332098): From: pulpissimo_Z560:i_pulpissimo|soc_domain_Z559:soc_domain_i|pulp_soc_Z23:pulp_soc_i|soc_peripherals_Z84:soc_peripherals_i|udma_subsystem_Z83:i_udma|udma_spim_top_19s_20s_6s_8s:i_spim_gen_0__i_spim|udma_dc_fifo_32s_8s_1:u_dc_tx|dc_token_ring_fifo_din_32s_8s_1_0:u_din|dc_data_buffer_32s_8s_0:buffer|syn_mlab_0:data_mlab|i_pulpissimo_soc_domain_i_pulp_soc_i_soc_peripherals_i_i_udma_i_spim_gen_0__i_spim_u_dc_tx_u_din_buffer_data_41_0_~CLKMUX_0  to: pulpissimo_Z560:i_pulpissimo|soc_domain_Z559:soc_domain_i|pulp_soc_Z23:pulp_soc_i|soc_peripherals_Z84:soc_peripherals_i|udma_subsystem_Z83:i_udma|udma_spim_top_19s_20s_6s_8s:i_spim_gen_0__i_spim|udma_dc_fifo_32s_8s_1:u_dc_tx|dc_token_ring_fifo_din_32s_8s_1_0:u_din|dc_data_buffer_32s_8s_0:buffer|syn_mlab_0:data_mlab|i_pulpissimo_soc_domain_i_pulp_soc_i_soc_peripherals_i_i_udma_i_spim_gen_0__i_spim_u_dc_tx_u_din_buffer_data_41_0_~MEMORYREGOUT
    Info (332098): From: pulpissimo_Z560:i_pulpissimo|soc_domain_Z559:soc_domain_i|pulp_soc_Z23:pulp_soc_i|soc_peripherals_Z84:soc_peripherals_i|udma_subsystem_Z83:i_udma|udma_spim_top_19s_20s_6s_8s:i_spim_gen_0__i_spim|udma_dc_fifo_32s_8s_1:u_dc_tx|dc_token_ring_fifo_din_32s_8s_1_0:u_din|dc_data_buffer_32s_8s_0:buffer|syn_mlab_0:data_mlab|i_pulpissimo_soc_domain_i_pulp_soc_i_soc_peripherals_i_i_udma_i_spim_gen_0__i_spim_u_dc_tx_u_din_buffer_data_42_1_~CLKMUX_0  to: pulpissimo_Z560:i_pulpissimo|soc_domain_Z559:soc_domain_i|pulp_soc_Z23:pulp_soc_i|soc_peripherals_Z84:soc_peripherals_i|udma_subsystem_Z83:i_udma|udma_spim_top_19s_20s_6s_8s:i_spim_gen_0__i_spim|udma_dc_fifo_32s_8s_1:u_dc_tx|dc_token_ring_fifo_din_32s_8s_1_0:u_din|dc_data_buffer_32s_8s_0:buffer|syn_mlab_0:data_mlab|i_pulpissimo_soc_domain_i_pulp_soc_i_soc_peripherals_i_i_udma_i_spim_gen_0__i_spim_u_dc_tx_u_din_buffer_data_42_1_~MEMORYREGOUT
    Info (332098): From: pulpissimo_Z560:i_pulpissimo|soc_domain_Z559:soc_domain_i|pulp_soc_Z23:pulp_soc_i|soc_peripherals_Z84:soc_peripherals_i|udma_subsystem_Z83:i_udma|udma_spim_top_19s_20s_6s_8s:i_spim_gen_0__i_spim|udma_dc_fifo_32s_8s_1:u_dc_tx|dc_token_ring_fifo_din_32s_8s_1_0:u_din|dc_data_buffer_32s_8s_0:buffer|syn_mlab_0:data_mlab|i_pulpissimo_soc_domain_i_pulp_soc_i_soc_peripherals_i_i_udma_i_spim_gen_0__i_spim_u_dc_tx_u_din_buffer_data_43_2_~CLKMUX_0  to: pulpissimo_Z560:i_pulpissimo|soc_domain_Z559:soc_domain_i|pulp_soc_Z23:pulp_soc_i|soc_peripherals_Z84:soc_peripherals_i|udma_subsystem_Z83:i_udma|udma_spim_top_19s_20s_6s_8s:i_spim_gen_0__i_spim|udma_dc_fifo_32s_8s_1:u_dc_tx|dc_token_ring_fifo_din_32s_8s_1_0:u_din|dc_data_buffer_32s_8s_0:buffer|syn_mlab_0:data_mlab|i_pulpissimo_soc_domain_i_pulp_soc_i_soc_peripherals_i_i_udma_i_spim_gen_0__i_spim_u_dc_tx_u_din_buffer_data_43_2_~MEMORYREGOUT
    Info (332098): From: pulpissimo_Z560:i_pulpissimo|soc_domain_Z559:soc_domain_i|pulp_soc_Z23:pulp_soc_i|soc_peripherals_Z84:soc_peripherals_i|udma_subsystem_Z83:i_udma|udma_spim_top_19s_20s_6s_8s:i_spim_gen_0__i_spim|udma_dc_fifo_32s_8s_1:u_dc_tx|dc_token_ring_fifo_din_32s_8s_1_0:u_din|dc_data_buffer_32s_8s_0:buffer|syn_mlab_0:data_mlab|i_pulpissimo_soc_domain_i_pulp_soc_i_soc_peripherals_i_i_udma_i_spim_gen_0__i_spim_u_dc_tx_u_din_buffer_data_44_3_~CLKMUX_0  to: pulpissimo_Z560:i_pulpissimo|soc_domain_Z559:soc_domain_i|pulp_soc_Z23:pulp_soc_i|soc_peripherals_Z84:soc_peripherals_i|udma_subsystem_Z83:i_udma|udma_spim_top_19s_20s_6s_8s:i_spim_gen_0__i_spim|udma_dc_fifo_32s_8s_1:u_dc_tx|dc_token_ring_fifo_din_32s_8s_1_0:u_din|dc_data_buffer_32s_8s_0:buffer|syn_mlab_0:data_mlab|i_pulpissimo_soc_domain_i_pulp_soc_i_soc_peripherals_i_i_udma_i_spim_gen_0__i_spim_u_dc_tx_u_din_buffer_data_44_3_~MEMORYREGOUT
    Info (332098): From: pulpissimo_Z560:i_pulpissimo|soc_domain_Z559:soc_domain_i|pulp_soc_Z23:pulp_soc_i|soc_peripherals_Z84:soc_peripherals_i|udma_subsystem_Z83:i_udma|udma_spim_top_19s_20s_6s_8s:i_spim_gen_0__i_spim|udma_dc_fifo_32s_8s_1:u_dc_tx|dc_token_ring_fifo_din_32s_8s_1_0:u_din|dc_data_buffer_32s_8s_0:buffer|syn_mlab_0:data_mlab|i_pulpissimo_soc_domain_i_pulp_soc_i_soc_peripherals_i_i_udma_i_spim_gen_0__i_spim_u_dc_tx_u_din_buffer_data_45_4_~CLKMUX_0  to: pulpissimo_Z560:i_pulpissimo|soc_domain_Z559:soc_domain_i|pulp_soc_Z23:pulp_soc_i|soc_peripherals_Z84:soc_peripherals_i|udma_subsystem_Z83:i_udma|udma_spim_top_19s_20s_6s_8s:i_spim_gen_0__i_spim|udma_dc_fifo_32s_8s_1:u_dc_tx|dc_token_ring_fifo_din_32s_8s_1_0:u_din|dc_data_buffer_32s_8s_0:buffer|syn_mlab_0:data_mlab|i_pulpissimo_soc_domain_i_pulp_soc_i_soc_peripherals_i_i_udma_i_spim_gen_0__i_spim_u_dc_tx_u_din_buffer_data_45_4_~MEMORYREGOUT
    Info (332098): From: pulpissimo_Z560:i_pulpissimo|soc_domain_Z559:soc_domain_i|pulp_soc_Z23:pulp_soc_i|soc_peripherals_Z84:soc_peripherals_i|udma_subsystem_Z83:i_udma|udma_spim_top_19s_20s_6s_8s:i_spim_gen_0__i_spim|udma_dc_fifo_32s_8s_1:u_dc_tx|dc_token_ring_fifo_din_32s_8s_1_0:u_din|dc_data_buffer_32s_8s_0:buffer|syn_mlab_0:data_mlab|i_pulpissimo_soc_domain_i_pulp_soc_i_soc_peripherals_i_i_udma_i_spim_gen_0__i_spim_u_dc_tx_u_din_buffer_data_46_5_~CLKMUX_0  to: pulpissimo_Z560:i_pulpissimo|soc_domain_Z559:soc_domain_i|pulp_soc_Z23:pulp_soc_i|soc_peripherals_Z84:soc_peripherals_i|udma_subsystem_Z83:i_udma|udma_spim_top_19s_20s_6s_8s:i_spim_gen_0__i_spim|udma_dc_fifo_32s_8s_1:u_dc_tx|dc_token_ring_fifo_din_32s_8s_1_0:u_din|dc_data_buffer_32s_8s_0:buffer|syn_mlab_0:data_mlab|i_pulpissimo_soc_domain_i_pulp_soc_i_soc_peripherals_i_i_udma_i_spim_gen_0__i_spim_u_dc_tx_u_din_buffer_data_46_5_~MEMORYREGOUT
    Info (332098): From: pulpissimo_Z560:i_pulpissimo|soc_domain_Z559:soc_domain_i|pulp_soc_Z23:pulp_soc_i|soc_peripherals_Z84:soc_peripherals_i|udma_subsystem_Z83:i_udma|udma_spim_top_19s_20s_6s_8s:i_spim_gen_0__i_spim|udma_dc_fifo_32s_8s_1:u_dc_tx|dc_token_ring_fifo_din_32s_8s_1_0:u_din|dc_data_buffer_32s_8s_0:buffer|syn_mlab_0:data_mlab|i_pulpissimo_soc_domain_i_pulp_soc_i_soc_peripherals_i_i_udma_i_spim_gen_0__i_spim_u_dc_tx_u_din_buffer_data_47_6_~CLKMUX_0  to: pulpissimo_Z560:i_pulpissimo|soc_domain_Z559:soc_domain_i|pulp_soc_Z23:pulp_soc_i|soc_peripherals_Z84:soc_peripherals_i|udma_subsystem_Z83:i_udma|udma_spim_top_19s_20s_6s_8s:i_spim_gen_0__i_spim|udma_dc_fifo_32s_8s_1:u_dc_tx|dc_token_ring_fifo_din_32s_8s_1_0:u_din|dc_data_buffer_32s_8s_0:buffer|syn_mlab_0:data_mlab|i_pulpissimo_soc_domain_i_pulp_soc_i_soc_peripherals_i_i_udma_i_spim_gen_0__i_spim_u_dc_tx_u_din_buffer_data_47_6_~MEMORYREGOUT
    Info (332098): From: pulpissimo_Z560:i_pulpissimo|soc_domain_Z559:soc_domain_i|pulp_soc_Z23:pulp_soc_i|soc_peripherals_Z84:soc_peripherals_i|udma_subsystem_Z83:i_udma|udma_spim_top_19s_20s_6s_8s:i_spim_gen_0__i_spim|udma_dc_fifo_32s_8s_1:u_dc_tx|dc_token_ring_fifo_din_32s_8s_1_0:u_din|dc_data_buffer_32s_8s_0:buffer|syn_mlab_0:data_mlab|i_pulpissimo_soc_domain_i_pulp_soc_i_soc_peripherals_i_i_udma_i_spim_gen_0__i_spim_u_dc_tx_u_din_buffer_data_48_7_~CLKMUX_0  to: pulpissimo_Z560:i_pulpissimo|soc_domain_Z559:soc_domain_i|pulp_soc_Z23:pulp_soc_i|soc_peripherals_Z84:soc_peripherals_i|udma_subsystem_Z83:i_udma|udma_spim_top_19s_20s_6s_8s:i_spim_gen_0__i_spim|udma_dc_fifo_32s_8s_1:u_dc_tx|dc_token_ring_fifo_din_32s_8s_1_0:u_din|dc_data_buffer_32s_8s_0:buffer|syn_mlab_0:data_mlab|i_pulpissimo_soc_domain_i_pulp_soc_i_soc_peripherals_i_i_udma_i_spim_gen_0__i_spim_u_dc_tx_u_din_buffer_data_48_7_~MEMORYREGOUT
    Info (332098): From: pulpissimo_Z560:i_pulpissimo|soc_domain_Z559:soc_domain_i|pulp_soc_Z23:pulp_soc_i|soc_peripherals_Z84:soc_peripherals_i|udma_subsystem_Z83:i_udma|udma_spim_top_19s_20s_6s_8s:i_spim_gen_0__i_spim|udma_dc_fifo_32s_8s_1:u_dc_tx|dc_token_ring_fifo_din_32s_8s_1_0:u_din|dc_data_buffer_32s_8s_0:buffer|syn_mlab_0:data_mlab|i_pulpissimo_soc_domain_i_pulp_soc_i_soc_peripherals_i_i_udma_i_spim_gen_0__i_spim_u_dc_tx_u_din_buffer_data_49_8_~CLKMUX_0  to: pulpissimo_Z560:i_pulpissimo|soc_domain_Z559:soc_domain_i|pulp_soc_Z23:pulp_soc_i|soc_peripherals_Z84:soc_peripherals_i|udma_subsystem_Z83:i_udma|udma_spim_top_19s_20s_6s_8s:i_spim_gen_0__i_spim|udma_dc_fifo_32s_8s_1:u_dc_tx|dc_token_ring_fifo_din_32s_8s_1_0:u_din|dc_data_buffer_32s_8s_0:buffer|syn_mlab_0:data_mlab|i_pulpissimo_soc_domain_i_pulp_soc_i_soc_peripherals_i_i_udma_i_spim_gen_0__i_spim_u_dc_tx_u_din_buffer_data_49_8_~MEMORYREGOUT
    Info (332098): From: pulpissimo_Z560:i_pulpissimo|soc_domain_Z559:soc_domain_i|pulp_soc_Z23:pulp_soc_i|soc_peripherals_Z84:soc_peripherals_i|udma_subsystem_Z83:i_udma|udma_spim_top_19s_20s_6s_8s:i_spim_gen_0__i_spim|udma_dc_fifo_32s_8s_1:u_dc_tx|dc_token_ring_fifo_din_32s_8s_1_0:u_din|dc_data_buffer_32s_8s_0:buffer|syn_mlab_0:data_mlab|i_pulpissimo_soc_domain_i_pulp_soc_i_soc_peripherals_i_i_udma_i_spim_gen_0__i_spim_u_dc_tx_u_din_buffer_data_50_9_~CLKMUX_0  to: pulpissimo_Z560:i_pulpissimo|soc_domain_Z559:soc_domain_i|pulp_soc_Z23:pulp_soc_i|soc_peripherals_Z84:soc_peripherals_i|udma_subsystem_Z83:i_udma|udma_spim_top_19s_20s_6s_8s:i_spim_gen_0__i_spim|udma_dc_fifo_32s_8s_1:u_dc_tx|dc_token_ring_fifo_din_32s_8s_1_0:u_din|dc_data_buffer_32s_8s_0:buffer|syn_mlab_0:data_mlab|i_pulpissimo_soc_domain_i_pulp_soc_i_soc_peripherals_i_i_udma_i_spim_gen_0__i_spim_u_dc_tx_u_din_buffer_data_50_9_~MEMORYREGOUT
    Info (332098): From: pulpissimo_Z560:i_pulpissimo|soc_domain_Z559:soc_domain_i|pulp_soc_Z23:pulp_soc_i|soc_peripherals_Z84:soc_peripherals_i|udma_subsystem_Z83:i_udma|udma_spim_top_19s_20s_6s_8s:i_spim_gen_0__i_spim|udma_dc_fifo_32s_8s_1:u_dc_tx|dc_token_ring_fifo_din_32s_8s_1_0:u_din|dc_data_buffer_32s_8s_0:buffer|syn_mlab_0:data_mlab|i_pulpissimo_soc_domain_i_pulp_soc_i_soc_peripherals_i_i_udma_i_spim_gen_0__i_spim_u_dc_tx_u_din_buffer_data_51_10_~CLKMUX_0  to: pulpissimo_Z560:i_pulpissimo|soc_domain_Z559:soc_domain_i|pulp_soc_Z23:pulp_soc_i|soc_peripherals_Z84:soc_peripherals_i|udma_subsystem_Z83:i_udma|udma_spim_top_19s_20s_6s_8s:i_spim_gen_0__i_spim|udma_dc_fifo_32s_8s_1:u_dc_tx|dc_token_ring_fifo_din_32s_8s_1_0:u_din|dc_data_buffer_32s_8s_0:buffer|syn_mlab_0:data_mlab|i_pulpissimo_soc_domain_i_pulp_soc_i_soc_peripherals_i_i_udma_i_spim_gen_0__i_spim_u_dc_tx_u_din_buffer_data_51_10_~MEMORYREGOUT
    Info (332098): From: pulpissimo_Z560:i_pulpissimo|soc_domain_Z559:soc_domain_i|pulp_soc_Z23:pulp_soc_i|soc_peripherals_Z84:soc_peripherals_i|udma_subsystem_Z83:i_udma|udma_spim_top_19s_20s_6s_8s:i_spim_gen_0__i_spim|udma_dc_fifo_32s_8s_1:u_dc_tx|dc_token_ring_fifo_din_32s_8s_1_0:u_din|dc_data_buffer_32s_8s_0:buffer|syn_mlab_0:data_mlab|i_pulpissimo_soc_domain_i_pulp_soc_i_soc_peripherals_i_i_udma_i_spim_gen_0__i_spim_u_dc_tx_u_din_buffer_data_52_11_~CLKMUX_0  to: pulpissimo_Z560:i_pulpissimo|soc_domain_Z559:soc_domain_i|pulp_soc_Z23:pulp_soc_i|soc_peripherals_Z84:soc_peripherals_i|udma_subsystem_Z83:i_udma|udma_spim_top_19s_20s_6s_8s:i_spim_gen_0__i_spim|udma_dc_fifo_32s_8s_1:u_dc_tx|dc_token_ring_fifo_din_32s_8s_1_0:u_din|dc_data_buffer_32s_8s_0:buffer|syn_mlab_0:data_mlab|i_pulpissimo_soc_domain_i_pulp_soc_i_soc_peripherals_i_i_udma_i_spim_gen_0__i_spim_u_dc_tx_u_din_buffer_data_52_11_~MEMORYREGOUT
    Info (332098): From: pulpissimo_Z560:i_pulpissimo|soc_domain_Z559:soc_domain_i|pulp_soc_Z23:pulp_soc_i|soc_peripherals_Z84:soc_peripherals_i|udma_subsystem_Z83:i_udma|udma_spim_top_19s_20s_6s_8s:i_spim_gen_0__i_spim|udma_dc_fifo_32s_8s_1:u_dc_tx|dc_token_ring_fifo_din_32s_8s_1_0:u_din|dc_data_buffer_32s_8s_0:buffer|syn_mlab_0:data_mlab|i_pulpissimo_soc_domain_i_pulp_soc_i_soc_peripherals_i_i_udma_i_spim_gen_0__i_spim_u_dc_tx_u_din_buffer_data_53_12_~CLKMUX_0  to: pulpissimo_Z560:i_pulpissimo|soc_domain_Z559:soc_domain_i|pulp_soc_Z23:pulp_soc_i|soc_peripherals_Z84:soc_peripherals_i|udma_subsystem_Z83:i_udma|udma_spim_top_19s_20s_6s_8s:i_spim_gen_0__i_spim|udma_dc_fifo_32s_8s_1:u_dc_tx|dc_token_ring_fifo_din_32s_8s_1_0:u_din|dc_data_buffer_32s_8s_0:buffer|syn_mlab_0:data_mlab|i_pulpissimo_soc_domain_i_pulp_soc_i_soc_peripherals_i_i_udma_i_spim_gen_0__i_spim_u_dc_tx_u_din_buffer_data_53_12_~MEMORYREGOUT
    Info (332098): From: pulpissimo_Z560:i_pulpissimo|soc_domain_Z559:soc_domain_i|pulp_soc_Z23:pulp_soc_i|soc_peripherals_Z84:soc_peripherals_i|udma_subsystem_Z83:i_udma|udma_spim_top_19s_20s_6s_8s:i_spim_gen_0__i_spim|udma_dc_fifo_32s_8s_1:u_dc_tx|dc_token_ring_fifo_din_32s_8s_1_0:u_din|dc_data_buffer_32s_8s_0:buffer|syn_mlab_0:data_mlab|i_pulpissimo_soc_domain_i_pulp_soc_i_soc_peripherals_i_i_udma_i_spim_gen_0__i_spim_u_dc_tx_u_din_buffer_data_54_13_~CLKMUX_0  to: pulpissimo_Z560:i_pulpissimo|soc_domain_Z559:soc_domain_i|pulp_soc_Z23:pulp_soc_i|soc_peripherals_Z84:soc_peripherals_i|udma_subsystem_Z83:i_udma|udma_spim_top_19s_20s_6s_8s:i_spim_gen_0__i_spim|udma_dc_fifo_32s_8s_1:u_dc_tx|dc_token_ring_fifo_din_32s_8s_1_0:u_din|dc_data_buffer_32s_8s_0:buffer|syn_mlab_0:data_mlab|i_pulpissimo_soc_domain_i_pulp_soc_i_soc_peripherals_i_i_udma_i_spim_gen_0__i_spim_u_dc_tx_u_din_buffer_data_54_13_~MEMORYREGOUT
    Info (332098): From: pulpissimo_Z560:i_pulpissimo|soc_domain_Z559:soc_domain_i|pulp_soc_Z23:pulp_soc_i|soc_peripherals_Z84:soc_peripherals_i|udma_subsystem_Z83:i_udma|udma_spim_top_19s_20s_6s_8s:i_spim_gen_0__i_spim|udma_dc_fifo_32s_8s_1:u_dc_tx|dc_token_ring_fifo_din_32s_8s_1_0:u_din|dc_data_buffer_32s_8s_0:buffer|syn_mlab_0:data_mlab|i_pulpissimo_soc_domain_i_pulp_soc_i_soc_peripherals_i_i_udma_i_spim_gen_0__i_spim_u_dc_tx_u_din_buffer_data_55_14_~CLKMUX_0  to: pulpissimo_Z560:i_pulpissimo|soc_domain_Z559:soc_domain_i|pulp_soc_Z23:pulp_soc_i|soc_peripherals_Z84:soc_peripherals_i|udma_subsystem_Z83:i_udma|udma_spim_top_19s_20s_6s_8s:i_spim_gen_0__i_spim|udma_dc_fifo_32s_8s_1:u_dc_tx|dc_token_ring_fifo_din_32s_8s_1_0:u_din|dc_data_buffer_32s_8s_0:buffer|syn_mlab_0:data_mlab|i_pulpissimo_soc_domain_i_pulp_soc_i_soc_peripherals_i_i_udma_i_spim_gen_0__i_spim_u_dc_tx_u_din_buffer_data_55_14_~MEMORYREGOUT
    Info (332098): From: pulpissimo_Z560:i_pulpissimo|soc_domain_Z559:soc_domain_i|pulp_soc_Z23:pulp_soc_i|soc_peripherals_Z84:soc_peripherals_i|udma_subsystem_Z83:i_udma|udma_spim_top_19s_20s_6s_8s:i_spim_gen_0__i_spim|udma_dc_fifo_32s_8s_1:u_dc_tx|dc_token_ring_fifo_din_32s_8s_1_0:u_din|dc_data_buffer_32s_8s_0:buffer|syn_mlab_0:data_mlab|i_pulpissimo_soc_domain_i_pulp_soc_i_soc_peripherals_i_i_udma_i_spim_gen_0__i_spim_u_dc_tx_u_din_buffer_data_56_15_~CLKMUX_0  to: pulpissimo_Z560:i_pulpissimo|soc_domain_Z559:soc_domain_i|pulp_soc_Z23:pulp_soc_i|soc_peripherals_Z84:soc_peripherals_i|udma_subsystem_Z83:i_udma|udma_spim_top_19s_20s_6s_8s:i_spim_gen_0__i_spim|udma_dc_fifo_32s_8s_1:u_dc_tx|dc_token_ring_fifo_din_32s_8s_1_0:u_din|dc_data_buffer_32s_8s_0:buffer|syn_mlab_0:data_mlab|i_pulpissimo_soc_domain_i_pulp_soc_i_soc_peripherals_i_i_udma_i_spim_gen_0__i_spim_u_dc_tx_u_din_buffer_data_56_15_~MEMORYREGOUT
    Info (332098): From: pulpissimo_Z560:i_pulpissimo|soc_domain_Z559:soc_domain_i|pulp_soc_Z23:pulp_soc_i|soc_peripherals_Z84:soc_peripherals_i|udma_subsystem_Z83:i_udma|udma_spim_top_19s_20s_6s_8s:i_spim_gen_0__i_spim|udma_dc_fifo_32s_8s_1:u_dc_tx|dc_token_ring_fifo_din_32s_8s_1_0:u_din|dc_data_buffer_32s_8s_0:buffer|syn_mlab_0:data_mlab|i_pulpissimo_soc_domain_i_pulp_soc_i_soc_peripherals_i_i_udma_i_spim_gen_0__i_spim_u_dc_tx_u_din_buffer_data_57_16_~CLKMUX_0  to: pulpissimo_Z560:i_pulpissimo|soc_domain_Z559:soc_domain_i|pulp_soc_Z23:pulp_soc_i|soc_peripherals_Z84:soc_peripherals_i|udma_subsystem_Z83:i_udma|udma_spim_top_19s_20s_6s_8s:i_spim_gen_0__i_spim|udma_dc_fifo_32s_8s_1:u_dc_tx|dc_token_ring_fifo_din_32s_8s_1_0:u_din|dc_data_buffer_32s_8s_0:buffer|syn_mlab_0:data_mlab|i_pulpissimo_soc_domain_i_pulp_soc_i_soc_peripherals_i_i_udma_i_spim_gen_0__i_spim_u_dc_tx_u_din_buffer_data_57_16_~MEMORYREGOUT
    Info (332098): From: pulpissimo_Z560:i_pulpissimo|soc_domain_Z559:soc_domain_i|pulp_soc_Z23:pulp_soc_i|soc_peripherals_Z84:soc_peripherals_i|udma_subsystem_Z83:i_udma|udma_spim_top_19s_20s_6s_8s:i_spim_gen_0__i_spim|udma_dc_fifo_32s_8s_1:u_dc_tx|dc_token_ring_fifo_din_32s_8s_1_0:u_din|dc_data_buffer_32s_8s_0:buffer|syn_mlab_0:data_mlab|i_pulpissimo_soc_domain_i_pulp_soc_i_soc_peripherals_i_i_udma_i_spim_gen_0__i_spim_u_dc_tx_u_din_buffer_data_58_17_~CLKMUX_0  to: pulpissimo_Z560:i_pulpissimo|soc_domain_Z559:soc_domain_i|pulp_soc_Z23:pulp_soc_i|soc_peripherals_Z84:soc_peripherals_i|udma_subsystem_Z83:i_udma|udma_spim_top_19s_20s_6s_8s:i_spim_gen_0__i_spim|udma_dc_fifo_32s_8s_1:u_dc_tx|dc_token_ring_fifo_din_32s_8s_1_0:u_din|dc_data_buffer_32s_8s_0:buffer|syn_mlab_0:data_mlab|i_pulpissimo_soc_domain_i_pulp_soc_i_soc_peripherals_i_i_udma_i_spim_gen_0__i_spim_u_dc_tx_u_din_buffer_data_58_17_~MEMORYREGOUT
    Info (332098): From: pulpissimo_Z560:i_pulpissimo|soc_domain_Z559:soc_domain_i|pulp_soc_Z23:pulp_soc_i|soc_peripherals_Z84:soc_peripherals_i|udma_subsystem_Z83:i_udma|udma_spim_top_19s_20s_6s_8s:i_spim_gen_0__i_spim|udma_dc_fifo_32s_8s_1:u_dc_tx|dc_token_ring_fifo_din_32s_8s_1_0:u_din|dc_data_buffer_32s_8s_0:buffer|syn_mlab_0:data_mlab|i_pulpissimo_soc_domain_i_pulp_soc_i_soc_peripherals_i_i_udma_i_spim_gen_0__i_spim_u_dc_tx_u_din_buffer_data_59_18_~CLKMUX_0  to: pulpissimo_Z560:i_pulpissimo|soc_domain_Z559:soc_domain_i|pulp_soc_Z23:pulp_soc_i|soc_peripherals_Z84:soc_peripherals_i|udma_subsystem_Z83:i_udma|udma_spim_top_19s_20s_6s_8s:i_spim_gen_0__i_spim|udma_dc_fifo_32s_8s_1:u_dc_tx|dc_token_ring_fifo_din_32s_8s_1_0:u_din|dc_data_buffer_32s_8s_0:buffer|syn_mlab_0:data_mlab|i_pulpissimo_soc_domain_i_pulp_soc_i_soc_peripherals_i_i_udma_i_spim_gen_0__i_spim_u_dc_tx_u_din_buffer_data_59_18_~MEMORYREGOUT
    Info (332098): From: pulpissimo_Z560:i_pulpissimo|soc_domain_Z559:soc_domain_i|pulp_soc_Z23:pulp_soc_i|soc_peripherals_Z84:soc_peripherals_i|udma_subsystem_Z83:i_udma|udma_spim_top_19s_20s_6s_8s:i_spim_gen_0__i_spim|udma_dc_fifo_32s_8s_1:u_dc_tx|dc_token_ring_fifo_din_32s_8s_1_0:u_din|dc_data_buffer_32s_8s_0:buffer|syn_mlab_0:data_mlab|i_pulpissimo_soc_domain_i_pulp_soc_i_soc_peripherals_i_i_udma_i_spim_gen_0__i_spim_u_dc_tx_u_din_buffer_data_60_19_~CLKMUX_0  to: pulpissimo_Z560:i_pulpissimo|soc_domain_Z559:soc_domain_i|pulp_soc_Z23:pulp_soc_i|soc_peripherals_Z84:soc_peripherals_i|udma_subsystem_Z83:i_udma|udma_spim_top_19s_20s_6s_8s:i_spim_gen_0__i_spim|udma_dc_fifo_32s_8s_1:u_dc_tx|dc_token_ring_fifo_din_32s_8s_1_0:u_din|dc_data_buffer_32s_8s_0:buffer|syn_mlab_0:data_mlab|i_pulpissimo_soc_domain_i_pulp_soc_i_soc_peripherals_i_i_udma_i_spim_gen_0__i_spim_u_dc_tx_u_din_buffer_data_60_19_~MEMORYREGOUT
    Info (332098): From: pulpissimo_Z560:i_pulpissimo|soc_domain_Z559:soc_domain_i|pulp_soc_Z23:pulp_soc_i|soc_peripherals_Z84:soc_peripherals_i|udma_subsystem_Z83:i_udma|udma_spim_top_19s_20s_6s_8s:i_spim_gen_0__i_spim|udma_dc_fifo_32s_8s_1:u_dc_tx|dc_token_ring_fifo_din_32s_8s_1_0:u_din|dc_data_buffer_32s_8s_0:buffer|syn_mlab_0:data_mlab|i_pulpissimo_soc_domain_i_pulp_soc_i_soc_peripherals_i_i_udma_i_spim_gen_0__i_spim_u_dc_tx_u_din_buffer_data_61_20_~CLKMUX_0  to: pulpissimo_Z560:i_pulpissimo|soc_domain_Z559:soc_domain_i|pulp_soc_Z23:pulp_soc_i|soc_peripherals_Z84:soc_peripherals_i|udma_subsystem_Z83:i_udma|udma_spim_top_19s_20s_6s_8s:i_spim_gen_0__i_spim|udma_dc_fifo_32s_8s_1:u_dc_tx|dc_token_ring_fifo_din_32s_8s_1_0:u_din|dc_data_buffer_32s_8s_0:buffer|syn_mlab_0:data_mlab|i_pulpissimo_soc_domain_i_pulp_soc_i_soc_peripherals_i_i_udma_i_spim_gen_0__i_spim_u_dc_tx_u_din_buffer_data_61_20_~MEMORYREGOUT
    Info (332098): From: pulpissimo_Z560:i_pulpissimo|soc_domain_Z559:soc_domain_i|pulp_soc_Z23:pulp_soc_i|soc_peripherals_Z84:soc_peripherals_i|udma_subsystem_Z83:i_udma|udma_spim_top_19s_20s_6s_8s:i_spim_gen_0__i_spim|udma_dc_fifo_32s_8s_1:u_dc_tx|dc_token_ring_fifo_din_32s_8s_1_0:u_din|dc_data_buffer_32s_8s_0:buffer|syn_mlab_0:data_mlab|i_pulpissimo_soc_domain_i_pulp_soc_i_soc_peripherals_i_i_udma_i_spim_gen_0__i_spim_u_dc_tx_u_din_buffer_data_62_21_~CLKMUX_0  to: pulpissimo_Z560:i_pulpissimo|soc_domain_Z559:soc_domain_i|pulp_soc_Z23:pulp_soc_i|soc_peripherals_Z84:soc_peripherals_i|udma_subsystem_Z83:i_udma|udma_spim_top_19s_20s_6s_8s:i_spim_gen_0__i_spim|udma_dc_fifo_32s_8s_1:u_dc_tx|dc_token_ring_fifo_din_32s_8s_1_0:u_din|dc_data_buffer_32s_8s_0:buffer|syn_mlab_0:data_mlab|i_pulpissimo_soc_domain_i_pulp_soc_i_soc_peripherals_i_i_udma_i_spim_gen_0__i_spim_u_dc_tx_u_din_buffer_data_62_21_~MEMORYREGOUT
    Info (332098): From: pulpissimo_Z560:i_pulpissimo|soc_domain_Z559:soc_domain_i|pulp_soc_Z23:pulp_soc_i|soc_peripherals_Z84:soc_peripherals_i|udma_subsystem_Z83:i_udma|udma_spim_top_19s_20s_6s_8s:i_spim_gen_0__i_spim|udma_dc_fifo_32s_8s_1:u_dc_tx|dc_token_ring_fifo_din_32s_8s_1_0:u_din|dc_data_buffer_32s_8s_0:buffer|syn_mlab_0:data_mlab|i_pulpissimo_soc_domain_i_pulp_soc_i_soc_peripherals_i_i_udma_i_spim_gen_0__i_spim_u_dc_tx_u_din_buffer_data_63_22_~CLKMUX_0  to: pulpissimo_Z560:i_pulpissimo|soc_domain_Z559:soc_domain_i|pulp_soc_Z23:pulp_soc_i|soc_peripherals_Z84:soc_peripherals_i|udma_subsystem_Z83:i_udma|udma_spim_top_19s_20s_6s_8s:i_spim_gen_0__i_spim|udma_dc_fifo_32s_8s_1:u_dc_tx|dc_token_ring_fifo_din_32s_8s_1_0:u_din|dc_data_buffer_32s_8s_0:buffer|syn_mlab_0:data_mlab|i_pulpissimo_soc_domain_i_pulp_soc_i_soc_peripherals_i_i_udma_i_spim_gen_0__i_spim_u_dc_tx_u_din_buffer_data_63_22_~MEMORYREGOUT
    Info (332098): From: pulpissimo_Z560:i_pulpissimo|soc_domain_Z559:soc_domain_i|pulp_soc_Z23:pulp_soc_i|soc_peripherals_Z84:soc_peripherals_i|udma_subsystem_Z83:i_udma|udma_spim_top_19s_20s_6s_8s:i_spim_gen_0__i_spim|udma_dc_fifo_32s_8s_1:u_dc_tx|dc_token_ring_fifo_din_32s_8s_1_0:u_din|dc_data_buffer_32s_8s_0:buffer|syn_mlab_0:data_mlab|i_pulpissimo_soc_domain_i_pulp_soc_i_soc_peripherals_i_i_udma_i_spim_gen_0__i_spim_u_dc_tx_u_din_buffer_data_64_23_~CLKMUX_0  to: pulpissimo_Z560:i_pulpissimo|soc_domain_Z559:soc_domain_i|pulp_soc_Z23:pulp_soc_i|soc_peripherals_Z84:soc_peripherals_i|udma_subsystem_Z83:i_udma|udma_spim_top_19s_20s_6s_8s:i_spim_gen_0__i_spim|udma_dc_fifo_32s_8s_1:u_dc_tx|dc_token_ring_fifo_din_32s_8s_1_0:u_din|dc_data_buffer_32s_8s_0:buffer|syn_mlab_0:data_mlab|i_pulpissimo_soc_domain_i_pulp_soc_i_soc_peripherals_i_i_udma_i_spim_gen_0__i_spim_u_dc_tx_u_din_buffer_data_64_23_~MEMORYREGOUT
    Info (332098): From: pulpissimo_Z560:i_pulpissimo|soc_domain_Z559:soc_domain_i|pulp_soc_Z23:pulp_soc_i|soc_peripherals_Z84:soc_peripherals_i|udma_subsystem_Z83:i_udma|udma_spim_top_19s_20s_6s_8s:i_spim_gen_0__i_spim|udma_dc_fifo_32s_8s_1:u_dc_tx|dc_token_ring_fifo_din_32s_8s_1_0:u_din|dc_data_buffer_32s_8s_0:buffer|syn_mlab_0:data_mlab|i_pulpissimo_soc_domain_i_pulp_soc_i_soc_peripherals_i_i_udma_i_spim_gen_0__i_spim_u_dc_tx_u_din_buffer_data_65_24_~CLKMUX_0  to: pulpissimo_Z560:i_pulpissimo|soc_domain_Z559:soc_domain_i|pulp_soc_Z23:pulp_soc_i|soc_peripherals_Z84:soc_peripherals_i|udma_subsystem_Z83:i_udma|udma_spim_top_19s_20s_6s_8s:i_spim_gen_0__i_spim|udma_dc_fifo_32s_8s_1:u_dc_tx|dc_token_ring_fifo_din_32s_8s_1_0:u_din|dc_data_buffer_32s_8s_0:buffer|syn_mlab_0:data_mlab|i_pulpissimo_soc_domain_i_pulp_soc_i_soc_peripherals_i_i_udma_i_spim_gen_0__i_spim_u_dc_tx_u_din_buffer_data_65_24_~MEMORYREGOUT
    Info (332098): From: pulpissimo_Z560:i_pulpissimo|soc_domain_Z559:soc_domain_i|pulp_soc_Z23:pulp_soc_i|soc_peripherals_Z84:soc_peripherals_i|udma_subsystem_Z83:i_udma|udma_spim_top_19s_20s_6s_8s:i_spim_gen_0__i_spim|udma_dc_fifo_32s_8s_1:u_dc_tx|dc_token_ring_fifo_din_32s_8s_1_0:u_din|dc_data_buffer_32s_8s_0:buffer|syn_mlab_0:data_mlab|i_pulpissimo_soc_domain_i_pulp_soc_i_soc_peripherals_i_i_udma_i_spim_gen_0__i_spim_u_dc_tx_u_din_buffer_data_66_25_~CLKMUX_0  to: pulpissimo_Z560:i_pulpissimo|soc_domain_Z559:soc_domain_i|pulp_soc_Z23:pulp_soc_i|soc_peripherals_Z84:soc_peripherals_i|udma_subsystem_Z83:i_udma|udma_spim_top_19s_20s_6s_8s:i_spim_gen_0__i_spim|udma_dc_fifo_32s_8s_1:u_dc_tx|dc_token_ring_fifo_din_32s_8s_1_0:u_din|dc_data_buffer_32s_8s_0:buffer|syn_mlab_0:data_mlab|i_pulpissimo_soc_domain_i_pulp_soc_i_soc_peripherals_i_i_udma_i_spim_gen_0__i_spim_u_dc_tx_u_din_buffer_data_66_25_~MEMORYREGOUT
    Info (332098): From: pulpissimo_Z560:i_pulpissimo|soc_domain_Z559:soc_domain_i|pulp_soc_Z23:pulp_soc_i|soc_peripherals_Z84:soc_peripherals_i|udma_subsystem_Z83:i_udma|udma_spim_top_19s_20s_6s_8s:i_spim_gen_0__i_spim|udma_dc_fifo_32s_8s_1:u_dc_tx|dc_token_ring_fifo_din_32s_8s_1_0:u_din|dc_data_buffer_32s_8s_0:buffer|syn_mlab_0:data_mlab|i_pulpissimo_soc_domain_i_pulp_soc_i_soc_peripherals_i_i_udma_i_spim_gen_0__i_spim_u_dc_tx_u_din_buffer_data_67_26_~CLKMUX_0  to: pulpissimo_Z560:i_pulpissimo|soc_domain_Z559:soc_domain_i|pulp_soc_Z23:pulp_soc_i|soc_peripherals_Z84:soc_peripherals_i|udma_subsystem_Z83:i_udma|udma_spim_top_19s_20s_6s_8s:i_spim_gen_0__i_spim|udma_dc_fifo_32s_8s_1:u_dc_tx|dc_token_ring_fifo_din_32s_8s_1_0:u_din|dc_data_buffer_32s_8s_0:buffer|syn_mlab_0:data_mlab|i_pulpissimo_soc_domain_i_pulp_soc_i_soc_peripherals_i_i_udma_i_spim_gen_0__i_spim_u_dc_tx_u_din_buffer_data_67_26_~MEMORYREGOUT
    Info (332098): From: pulpissimo_Z560:i_pulpissimo|soc_domain_Z559:soc_domain_i|pulp_soc_Z23:pulp_soc_i|soc_peripherals_Z84:soc_peripherals_i|udma_subsystem_Z83:i_udma|udma_spim_top_19s_20s_6s_8s:i_spim_gen_0__i_spim|udma_dc_fifo_32s_8s_1:u_dc_tx|dc_token_ring_fifo_din_32s_8s_1_0:u_din|dc_data_buffer_32s_8s_0:buffer|syn_mlab_0:data_mlab|i_pulpissimo_soc_domain_i_pulp_soc_i_soc_peripherals_i_i_udma_i_spim_gen_0__i_spim_u_dc_tx_u_din_buffer_data_68_27_~CLKMUX_0  to: pulpissimo_Z560:i_pulpissimo|soc_domain_Z559:soc_domain_i|pulp_soc_Z23:pulp_soc_i|soc_peripherals_Z84:soc_peripherals_i|udma_subsystem_Z83:i_udma|udma_spim_top_19s_20s_6s_8s:i_spim_gen_0__i_spim|udma_dc_fifo_32s_8s_1:u_dc_tx|dc_token_ring_fifo_din_32s_8s_1_0:u_din|dc_data_buffer_32s_8s_0:buffer|syn_mlab_0:data_mlab|i_pulpissimo_soc_domain_i_pulp_soc_i_soc_peripherals_i_i_udma_i_spim_gen_0__i_spim_u_dc_tx_u_din_buffer_data_68_27_~MEMORYREGOUT
    Info (332098): From: pulpissimo_Z560:i_pulpissimo|soc_domain_Z559:soc_domain_i|pulp_soc_Z23:pulp_soc_i|soc_peripherals_Z84:soc_peripherals_i|udma_subsystem_Z83:i_udma|udma_spim_top_19s_20s_6s_8s:i_spim_gen_0__i_spim|udma_dc_fifo_32s_8s_1:u_dc_tx|dc_token_ring_fifo_din_32s_8s_1_0:u_din|dc_data_buffer_32s_8s_0:buffer|syn_mlab_0:data_mlab|i_pulpissimo_soc_domain_i_pulp_soc_i_soc_peripherals_i_i_udma_i_spim_gen_0__i_spim_u_dc_tx_u_din_buffer_data_69_28_~CLKMUX_0  to: pulpissimo_Z560:i_pulpissimo|soc_domain_Z559:soc_domain_i|pulp_soc_Z23:pulp_soc_i|soc_peripherals_Z84:soc_peripherals_i|udma_subsystem_Z83:i_udma|udma_spim_top_19s_20s_6s_8s:i_spim_gen_0__i_spim|udma_dc_fifo_32s_8s_1:u_dc_tx|dc_token_ring_fifo_din_32s_8s_1_0:u_din|dc_data_buffer_32s_8s_0:buffer|syn_mlab_0:data_mlab|i_pulpissimo_soc_domain_i_pulp_soc_i_soc_peripherals_i_i_udma_i_spim_gen_0__i_spim_u_dc_tx_u_din_buffer_data_69_28_~MEMORYREGOUT
    Info (332098): From: pulpissimo_Z560:i_pulpissimo|soc_domain_Z559:soc_domain_i|pulp_soc_Z23:pulp_soc_i|soc_peripherals_Z84:soc_peripherals_i|udma_subsystem_Z83:i_udma|udma_spim_top_19s_20s_6s_8s:i_spim_gen_0__i_spim|udma_dc_fifo_32s_8s_1:u_dc_tx|dc_token_ring_fifo_din_32s_8s_1_0:u_din|dc_data_buffer_32s_8s_0:buffer|syn_mlab_0:data_mlab|i_pulpissimo_soc_domain_i_pulp_soc_i_soc_peripherals_i_i_udma_i_spim_gen_0__i_spim_u_dc_tx_u_din_buffer_data_70_29_~CLKMUX_0  to: pulpissimo_Z560:i_pulpissimo|soc_domain_Z559:soc_domain_i|pulp_soc_Z23:pulp_soc_i|soc_peripherals_Z84:soc_peripherals_i|udma_subsystem_Z83:i_udma|udma_spim_top_19s_20s_6s_8s:i_spim_gen_0__i_spim|udma_dc_fifo_32s_8s_1:u_dc_tx|dc_token_ring_fifo_din_32s_8s_1_0:u_din|dc_data_buffer_32s_8s_0:buffer|syn_mlab_0:data_mlab|i_pulpissimo_soc_domain_i_pulp_soc_i_soc_peripherals_i_i_udma_i_spim_gen_0__i_spim_u_dc_tx_u_din_buffer_data_70_29_~MEMORYREGOUT
    Info (332098): From: pulpissimo_Z560:i_pulpissimo|soc_domain_Z559:soc_domain_i|pulp_soc_Z23:pulp_soc_i|soc_peripherals_Z84:soc_peripherals_i|udma_subsystem_Z83:i_udma|udma_spim_top_19s_20s_6s_8s:i_spim_gen_0__i_spim|udma_dc_fifo_32s_8s_1:u_dc_tx|dc_token_ring_fifo_din_32s_8s_1_0:u_din|dc_data_buffer_32s_8s_0:buffer|syn_mlab_0:data_mlab|i_pulpissimo_soc_domain_i_pulp_soc_i_soc_peripherals_i_i_udma_i_spim_gen_0__i_spim_u_dc_tx_u_din_buffer_data_71_30_~CLKMUX_0  to: pulpissimo_Z560:i_pulpissimo|soc_domain_Z559:soc_domain_i|pulp_soc_Z23:pulp_soc_i|soc_peripherals_Z84:soc_peripherals_i|udma_subsystem_Z83:i_udma|udma_spim_top_19s_20s_6s_8s:i_spim_gen_0__i_spim|udma_dc_fifo_32s_8s_1:u_dc_tx|dc_token_ring_fifo_din_32s_8s_1_0:u_din|dc_data_buffer_32s_8s_0:buffer|syn_mlab_0:data_mlab|i_pulpissimo_soc_domain_i_pulp_soc_i_soc_peripherals_i_i_udma_i_spim_gen_0__i_spim_u_dc_tx_u_din_buffer_data_71_30_~MEMORYREGOUT
    Info (332098): From: pulpissimo_Z560:i_pulpissimo|soc_domain_Z559:soc_domain_i|pulp_soc_Z23:pulp_soc_i|soc_peripherals_Z84:soc_peripherals_i|udma_subsystem_Z83:i_udma|udma_spim_top_19s_20s_6s_8s:i_spim_gen_0__i_spim|udma_dc_fifo_32s_8s_1:u_dc_tx|dc_token_ring_fifo_din_32s_8s_1_0:u_din|dc_data_buffer_32s_8s_0:buffer|syn_mlab_0:data_mlab|i_pulpissimo_soc_domain_i_pulp_soc_i_soc_peripherals_i_i_udma_i_spim_gen_0__i_spim_u_dc_tx_u_din_buffer_data_72_31_~CLKMUX_0  to: pulpissimo_Z560:i_pulpissimo|soc_domain_Z559:soc_domain_i|pulp_soc_Z23:pulp_soc_i|soc_peripherals_Z84:soc_peripherals_i|udma_subsystem_Z83:i_udma|udma_spim_top_19s_20s_6s_8s:i_spim_gen_0__i_spim|udma_dc_fifo_32s_8s_1:u_dc_tx|dc_token_ring_fifo_din_32s_8s_1_0:u_din|dc_data_buffer_32s_8s_0:buffer|syn_mlab_0:data_mlab|i_pulpissimo_soc_domain_i_pulp_soc_i_soc_peripherals_i_i_udma_i_spim_gen_0__i_spim_u_dc_tx_u_din_buffer_data_72_31_~MEMORYREGOUT
Info (332123): Deriving Clock Uncertainty. Please refer to report_sdc in the Timing Analyzer to see clock uncertainties.
Critical Warning (332148): Timing requirements not met
    Info (11105): For recommendations on closing timing, run Report Timing Closure Recommendations in the Timing Analyzer.
Info (332146): Worst-case setup slack is -2.393
    Info (332119):     Slack       End Point TNS Clock 
    Info (332119): ========= =================== =====================
    Info (332119):    -2.393             -11.799 ref_clk_i 
Info (332146): Worst-case hold slack is 0.150
    Info (332119):     Slack       End Point TNS Clock 
    Info (332119): ========= =================== =====================
    Info (332119):     0.150               0.000 ref_clk_i 
Info (332146): Worst-case recovery slack is 1.744
    Info (332119):     Slack       End Point TNS Clock 
    Info (332119): ========= =================== =====================
    Info (332119):     1.744               0.000 ref_clk_i 
Info (332146): Worst-case removal slack is 1.865
    Info (332119):     Slack       End Point TNS Clock 
    Info (332119): ========= =================== =====================
    Info (332119):     1.865               0.000 ref_clk_i 
Info (332146): Worst-case minimum pulse width slack is 6.685
    Info (332119):     Slack       End Point TNS Clock 
    Info (332119): ========= =================== =====================
    Info (332119):     6.685               0.000 ref_clk_i 
Info (332114): Report Metastability: Found 3 synchronizer chains.
    Info (332114): The design MTBF is not calculated because there are no specified synchronizers in the design.
    Info (332114): Number of Synchronizer Chains Found: 3
    Info (332114): Shortest Synchronizer Chain: 3 Registers
    Info (332114): Fraction of Chains for which MTBFs Could Not be Calculated: 1.000
    Info (332114): Worst Case Available Settling Time: 43.048 ns
    Info (332114): 
Info: Analyzing Fast 1100mV 85C Model
Info (334003): Started post-fitting delay annotation
Info (334004): Delay annotation completed successfully
Warning (332060): Node: pad_jtag_tck was determined to be a clock but was found without an associated clock assignment.
    Info (13166): Register pulpissimo_Z560:i_pulpissimo|soc_domain_Z559:soc_domain_i|pulp_soc_Z23:pulp_soc_i|jtag_tap_top:jtag_tap_top_i|tap_top:tap_top_i|s_jtag_tdo_c is being clocked by pad_jtag_tck
Warning (332060): Node: pad_pmod1_4 was determined to be a clock but was found without an associated clock assignment.
    Info (13166): Register pulpissimo_Z560:i_pulpissimo|soc_domain_Z559:soc_domain_i|pulp_soc_Z23:pulp_soc_i|soc_peripherals_Z84:soc_peripherals_i|udma_subsystem_Z83:i_udma|udma_i2s_top_19s_20s_4s:i_i2s_udma|i2s_clkws_gen:i_clkws_gen|i2s_ws_gen_2:i_ws_gen_0|s_ws_int_0 is being clocked by pad_pmod1_4
Info (332097): The following timing edges are non-unate.  The Timing Analyzer will assume pos-unate behavior for these edges in the clock network.
    Info (332098): From: pulpissimo_Z560:i_pulpissimo|soc_domain_Z559:soc_domain_i|pulp_soc_Z23:pulp_soc_i|soc_peripherals_Z84:soc_peripherals_i|udma_subsystem_Z83:i_udma|udma_i2c_top_19s_20s_0:i_i2c_gen_1__i_i2c|udma_dc_fifo_8s_4s_3_2:i_dc_fifo_tx|dc_token_ring_fifo_din_8s_4s_2:u_din|dc_data_buffer_8s_4s_3_2:buffer|syn_mlab_8:data_mlab|i_pulpissimo_soc_domain_i_pulp_soc_i_soc_peripherals_i_i_udma_i_i2c_gen_1__i_i2c_i_dc_fifo_tx_u_din_buffer_data_209_0_~CLKMUX_0  to: pulpissimo_Z560:i_pulpissimo|soc_domain_Z559:soc_domain_i|pulp_soc_Z23:pulp_soc_i|soc_peripherals_Z84:soc_peripherals_i|udma_subsystem_Z83:i_udma|udma_i2c_top_19s_20s_0:i_i2c_gen_1__i_i2c|udma_dc_fifo_8s_4s_3_2:i_dc_fifo_tx|dc_token_ring_fifo_din_8s_4s_2:u_din|dc_data_buffer_8s_4s_3_2:buffer|syn_mlab_8:data_mlab|i_pulpissimo_soc_domain_i_pulp_soc_i_soc_peripherals_i_i_udma_i_i2c_gen_1__i_i2c_i_dc_fifo_tx_u_din_buffer_data_209_0_~MEMORYREGOUT
    Info (332098): From: pulpissimo_Z560:i_pulpissimo|soc_domain_Z559:soc_domain_i|pulp_soc_Z23:pulp_soc_i|soc_peripherals_Z84:soc_peripherals_i|udma_subsystem_Z83:i_udma|udma_i2c_top_19s_20s_0:i_i2c_gen_1__i_i2c|udma_dc_fifo_8s_4s_3_2:i_dc_fifo_tx|dc_token_ring_fifo_din_8s_4s_2:u_din|dc_data_buffer_8s_4s_3_2:buffer|syn_mlab_8:data_mlab|i_pulpissimo_soc_domain_i_pulp_soc_i_soc_peripherals_i_i_udma_i_i2c_gen_1__i_i2c_i_dc_fifo_tx_u_din_buffer_data_210_1_~CLKMUX_0  to: pulpissimo_Z560:i_pulpissimo|soc_domain_Z559:soc_domain_i|pulp_soc_Z23:pulp_soc_i|soc_peripherals_Z84:soc_peripherals_i|udma_subsystem_Z83:i_udma|udma_i2c_top_19s_20s_0:i_i2c_gen_1__i_i2c|udma_dc_fifo_8s_4s_3_2:i_dc_fifo_tx|dc_token_ring_fifo_din_8s_4s_2:u_din|dc_data_buffer_8s_4s_3_2:buffer|syn_mlab_8:data_mlab|i_pulpissimo_soc_domain_i_pulp_soc_i_soc_peripherals_i_i_udma_i_i2c_gen_1__i_i2c_i_dc_fifo_tx_u_din_buffer_data_210_1_~MEMORYREGOUT
    Info (332098): From: pulpissimo_Z560:i_pulpissimo|soc_domain_Z559:soc_domain_i|pulp_soc_Z23:pulp_soc_i|soc_peripherals_Z84:soc_peripherals_i|udma_subsystem_Z83:i_udma|udma_i2c_top_19s_20s_0:i_i2c_gen_1__i_i2c|udma_dc_fifo_8s_4s_3_2:i_dc_fifo_tx|dc_token_ring_fifo_din_8s_4s_2:u_din|dc_data_buffer_8s_4s_3_2:buffer|syn_mlab_8:data_mlab|i_pulpissimo_soc_domain_i_pulp_soc_i_soc_peripherals_i_i_udma_i_i2c_gen_1__i_i2c_i_dc_fifo_tx_u_din_buffer_data_211_2_~CLKMUX_0  to: pulpissimo_Z560:i_pulpissimo|soc_domain_Z559:soc_domain_i|pulp_soc_Z23:pulp_soc_i|soc_peripherals_Z84:soc_peripherals_i|udma_subsystem_Z83:i_udma|udma_i2c_top_19s_20s_0:i_i2c_gen_1__i_i2c|udma_dc_fifo_8s_4s_3_2:i_dc_fifo_tx|dc_token_ring_fifo_din_8s_4s_2:u_din|dc_data_buffer_8s_4s_3_2:buffer|syn_mlab_8:data_mlab|i_pulpissimo_soc_domain_i_pulp_soc_i_soc_peripherals_i_i_udma_i_i2c_gen_1__i_i2c_i_dc_fifo_tx_u_din_buffer_data_211_2_~MEMORYREGOUT
    Info (332098): From: pulpissimo_Z560:i_pulpissimo|soc_domain_Z559:soc_domain_i|pulp_soc_Z23:pulp_soc_i|soc_peripherals_Z84:soc_peripherals_i|udma_subsystem_Z83:i_udma|udma_i2c_top_19s_20s_0:i_i2c_gen_1__i_i2c|udma_dc_fifo_8s_4s_3_2:i_dc_fifo_tx|dc_token_ring_fifo_din_8s_4s_2:u_din|dc_data_buffer_8s_4s_3_2:buffer|syn_mlab_8:data_mlab|i_pulpissimo_soc_domain_i_pulp_soc_i_soc_peripherals_i_i_udma_i_i2c_gen_1__i_i2c_i_dc_fifo_tx_u_din_buffer_data_212_3_~CLKMUX_0  to: pulpissimo_Z560:i_pulpissimo|soc_domain_Z559:soc_domain_i|pulp_soc_Z23:pulp_soc_i|soc_peripherals_Z84:soc_peripherals_i|udma_subsystem_Z83:i_udma|udma_i2c_top_19s_20s_0:i_i2c_gen_1__i_i2c|udma_dc_fifo_8s_4s_3_2:i_dc_fifo_tx|dc_token_ring_fifo_din_8s_4s_2:u_din|dc_data_buffer_8s_4s_3_2:buffer|syn_mlab_8:data_mlab|i_pulpissimo_soc_domain_i_pulp_soc_i_soc_peripherals_i_i_udma_i_i2c_gen_1__i_i2c_i_dc_fifo_tx_u_din_buffer_data_212_3_~MEMORYREGOUT
    Info (332098): From: pulpissimo_Z560:i_pulpissimo|soc_domain_Z559:soc_domain_i|pulp_soc_Z23:pulp_soc_i|soc_peripherals_Z84:soc_peripherals_i|udma_subsystem_Z83:i_udma|udma_i2c_top_19s_20s_0:i_i2c_gen_1__i_i2c|udma_dc_fifo_8s_4s_3_2:i_dc_fifo_tx|dc_token_ring_fifo_din_8s_4s_2:u_din|dc_data_buffer_8s_4s_3_2:buffer|syn_mlab_8:data_mlab|i_pulpissimo_soc_domain_i_pulp_soc_i_soc_peripherals_i_i_udma_i_i2c_gen_1__i_i2c_i_dc_fifo_tx_u_din_buffer_data_213_4_~CLKMUX_0  to: pulpissimo_Z560:i_pulpissimo|soc_domain_Z559:soc_domain_i|pulp_soc_Z23:pulp_soc_i|soc_peripherals_Z84:soc_peripherals_i|udma_subsystem_Z83:i_udma|udma_i2c_top_19s_20s_0:i_i2c_gen_1__i_i2c|udma_dc_fifo_8s_4s_3_2:i_dc_fifo_tx|dc_token_ring_fifo_din_8s_4s_2:u_din|dc_data_buffer_8s_4s_3_2:buffer|syn_mlab_8:data_mlab|i_pulpissimo_soc_domain_i_pulp_soc_i_soc_peripherals_i_i_udma_i_i2c_gen_1__i_i2c_i_dc_fifo_tx_u_din_buffer_data_213_4_~MEMORYREGOUT
    Info (332098): From: pulpissimo_Z560:i_pulpissimo|soc_domain_Z559:soc_domain_i|pulp_soc_Z23:pulp_soc_i|soc_peripherals_Z84:soc_peripherals_i|udma_subsystem_Z83:i_udma|udma_i2c_top_19s_20s_0:i_i2c_gen_1__i_i2c|udma_dc_fifo_8s_4s_3_2:i_dc_fifo_tx|dc_token_ring_fifo_din_8s_4s_2:u_din|dc_data_buffer_8s_4s_3_2:buffer|syn_mlab_8:data_mlab|i_pulpissimo_soc_domain_i_pulp_soc_i_soc_peripherals_i_i_udma_i_i2c_gen_1__i_i2c_i_dc_fifo_tx_u_din_buffer_data_214_5_~CLKMUX_0  to: pulpissimo_Z560:i_pulpissimo|soc_domain_Z559:soc_domain_i|pulp_soc_Z23:pulp_soc_i|soc_peripherals_Z84:soc_peripherals_i|udma_subsystem_Z83:i_udma|udma_i2c_top_19s_20s_0:i_i2c_gen_1__i_i2c|udma_dc_fifo_8s_4s_3_2:i_dc_fifo_tx|dc_token_ring_fifo_din_8s_4s_2:u_din|dc_data_buffer_8s_4s_3_2:buffer|syn_mlab_8:data_mlab|i_pulpissimo_soc_domain_i_pulp_soc_i_soc_peripherals_i_i_udma_i_i2c_gen_1__i_i2c_i_dc_fifo_tx_u_din_buffer_data_214_5_~MEMORYREGOUT
    Info (332098): From: pulpissimo_Z560:i_pulpissimo|soc_domain_Z559:soc_domain_i|pulp_soc_Z23:pulp_soc_i|soc_peripherals_Z84:soc_peripherals_i|udma_subsystem_Z83:i_udma|udma_i2c_top_19s_20s_0:i_i2c_gen_1__i_i2c|udma_dc_fifo_8s_4s_3_2:i_dc_fifo_tx|dc_token_ring_fifo_din_8s_4s_2:u_din|dc_data_buffer_8s_4s_3_2:buffer|syn_mlab_8:data_mlab|i_pulpissimo_soc_domain_i_pulp_soc_i_soc_peripherals_i_i_udma_i_i2c_gen_1__i_i2c_i_dc_fifo_tx_u_din_buffer_data_215_6_~CLKMUX_0  to: pulpissimo_Z560:i_pulpissimo|soc_domain_Z559:soc_domain_i|pulp_soc_Z23:pulp_soc_i|soc_peripherals_Z84:soc_peripherals_i|udma_subsystem_Z83:i_udma|udma_i2c_top_19s_20s_0:i_i2c_gen_1__i_i2c|udma_dc_fifo_8s_4s_3_2:i_dc_fifo_tx|dc_token_ring_fifo_din_8s_4s_2:u_din|dc_data_buffer_8s_4s_3_2:buffer|syn_mlab_8:data_mlab|i_pulpissimo_soc_domain_i_pulp_soc_i_soc_peripherals_i_i_udma_i_i2c_gen_1__i_i2c_i_dc_fifo_tx_u_din_buffer_data_215_6_~MEMORYREGOUT
    Info (332098): From: pulpissimo_Z560:i_pulpissimo|soc_domain_Z559:soc_domain_i|pulp_soc_Z23:pulp_soc_i|soc_peripherals_Z84:soc_peripherals_i|udma_subsystem_Z83:i_udma|udma_i2c_top_19s_20s_0:i_i2c_gen_1__i_i2c|udma_dc_fifo_8s_4s_3_2:i_dc_fifo_tx|dc_token_ring_fifo_din_8s_4s_2:u_din|dc_data_buffer_8s_4s_3_2:buffer|syn_mlab_8:data_mlab|i_pulpissimo_soc_domain_i_pulp_soc_i_soc_peripherals_i_i_udma_i_i2c_gen_1__i_i2c_i_dc_fifo_tx_u_din_buffer_data_216_7_~CLKMUX_0  to: pulpissimo_Z560:i_pulpissimo|soc_domain_Z559:soc_domain_i|pulp_soc_Z23:pulp_soc_i|soc_peripherals_Z84:soc_peripherals_i|udma_subsystem_Z83:i_udma|udma_i2c_top_19s_20s_0:i_i2c_gen_1__i_i2c|udma_dc_fifo_8s_4s_3_2:i_dc_fifo_tx|dc_token_ring_fifo_din_8s_4s_2:u_din|dc_data_buffer_8s_4s_3_2:buffer|syn_mlab_8:data_mlab|i_pulpissimo_soc_domain_i_pulp_soc_i_soc_peripherals_i_i_udma_i_i2c_gen_1__i_i2c_i_dc_fifo_tx_u_din_buffer_data_216_7_~MEMORYREGOUT
    Info (332098): From: pulpissimo_Z560:i_pulpissimo|soc_domain_Z559:soc_domain_i|pulp_soc_Z23:pulp_soc_i|soc_peripherals_Z84:soc_peripherals_i|udma_subsystem_Z83:i_udma|udma_i2c_top_19s_20s_1:i_i2c_gen_0__i_i2c|udma_dc_fifo_8s_4s_3_0:i_dc_fifo_tx|dc_token_ring_fifo_din_8s_4s_3_0:u_din|dc_data_buffer_8s_4s_3_0:buffer|syn_mlab_6:data_mlab|i_pulpissimo_soc_domain_i_pulp_soc_i_soc_peripherals_i_i_udma_i_i2c_gen_0__i_i2c_i_dc_fifo_tx_u_din_buffer_data_193_0_~CLKMUX_0  to: pulpissimo_Z560:i_pulpissimo|soc_domain_Z559:soc_domain_i|pulp_soc_Z23:pulp_soc_i|soc_peripherals_Z84:soc_peripherals_i|udma_subsystem_Z83:i_udma|udma_i2c_top_19s_20s_1:i_i2c_gen_0__i_i2c|udma_dc_fifo_8s_4s_3_0:i_dc_fifo_tx|dc_token_ring_fifo_din_8s_4s_3_0:u_din|dc_data_buffer_8s_4s_3_0:buffer|syn_mlab_6:data_mlab|i_pulpissimo_soc_domain_i_pulp_soc_i_soc_peripherals_i_i_udma_i_i2c_gen_0__i_i2c_i_dc_fifo_tx_u_din_buffer_data_193_0_~MEMORYREGOUT
    Info (332098): From: pulpissimo_Z560:i_pulpissimo|soc_domain_Z559:soc_domain_i|pulp_soc_Z23:pulp_soc_i|soc_peripherals_Z84:soc_peripherals_i|udma_subsystem_Z83:i_udma|udma_i2c_top_19s_20s_1:i_i2c_gen_0__i_i2c|udma_dc_fifo_8s_4s_3_0:i_dc_fifo_tx|dc_token_ring_fifo_din_8s_4s_3_0:u_din|dc_data_buffer_8s_4s_3_0:buffer|syn_mlab_6:data_mlab|i_pulpissimo_soc_domain_i_pulp_soc_i_soc_peripherals_i_i_udma_i_i2c_gen_0__i_i2c_i_dc_fifo_tx_u_din_buffer_data_194_1_~CLKMUX_0  to: pulpissimo_Z560:i_pulpissimo|soc_domain_Z559:soc_domain_i|pulp_soc_Z23:pulp_soc_i|soc_peripherals_Z84:soc_peripherals_i|udma_subsystem_Z83:i_udma|udma_i2c_top_19s_20s_1:i_i2c_gen_0__i_i2c|udma_dc_fifo_8s_4s_3_0:i_dc_fifo_tx|dc_token_ring_fifo_din_8s_4s_3_0:u_din|dc_data_buffer_8s_4s_3_0:buffer|syn_mlab_6:data_mlab|i_pulpissimo_soc_domain_i_pulp_soc_i_soc_peripherals_i_i_udma_i_i2c_gen_0__i_i2c_i_dc_fifo_tx_u_din_buffer_data_194_1_~MEMORYREGOUT
    Info (332098): From: pulpissimo_Z560:i_pulpissimo|soc_domain_Z559:soc_domain_i|pulp_soc_Z23:pulp_soc_i|soc_peripherals_Z84:soc_peripherals_i|udma_subsystem_Z83:i_udma|udma_i2c_top_19s_20s_1:i_i2c_gen_0__i_i2c|udma_dc_fifo_8s_4s_3_0:i_dc_fifo_tx|dc_token_ring_fifo_din_8s_4s_3_0:u_din|dc_data_buffer_8s_4s_3_0:buffer|syn_mlab_6:data_mlab|i_pulpissimo_soc_domain_i_pulp_soc_i_soc_peripherals_i_i_udma_i_i2c_gen_0__i_i2c_i_dc_fifo_tx_u_din_buffer_data_195_2_~CLKMUX_0  to: pulpissimo_Z560:i_pulpissimo|soc_domain_Z559:soc_domain_i|pulp_soc_Z23:pulp_soc_i|soc_peripherals_Z84:soc_peripherals_i|udma_subsystem_Z83:i_udma|udma_i2c_top_19s_20s_1:i_i2c_gen_0__i_i2c|udma_dc_fifo_8s_4s_3_0:i_dc_fifo_tx|dc_token_ring_fifo_din_8s_4s_3_0:u_din|dc_data_buffer_8s_4s_3_0:buffer|syn_mlab_6:data_mlab|i_pulpissimo_soc_domain_i_pulp_soc_i_soc_peripherals_i_i_udma_i_i2c_gen_0__i_i2c_i_dc_fifo_tx_u_din_buffer_data_195_2_~MEMORYREGOUT
    Info (332098): From: pulpissimo_Z560:i_pulpissimo|soc_domain_Z559:soc_domain_i|pulp_soc_Z23:pulp_soc_i|soc_peripherals_Z84:soc_peripherals_i|udma_subsystem_Z83:i_udma|udma_i2c_top_19s_20s_1:i_i2c_gen_0__i_i2c|udma_dc_fifo_8s_4s_3_0:i_dc_fifo_tx|dc_token_ring_fifo_din_8s_4s_3_0:u_din|dc_data_buffer_8s_4s_3_0:buffer|syn_mlab_6:data_mlab|i_pulpissimo_soc_domain_i_pulp_soc_i_soc_peripherals_i_i_udma_i_i2c_gen_0__i_i2c_i_dc_fifo_tx_u_din_buffer_data_196_3_~CLKMUX_0  to: pulpissimo_Z560:i_pulpissimo|soc_domain_Z559:soc_domain_i|pulp_soc_Z23:pulp_soc_i|soc_peripherals_Z84:soc_peripherals_i|udma_subsystem_Z83:i_udma|udma_i2c_top_19s_20s_1:i_i2c_gen_0__i_i2c|udma_dc_fifo_8s_4s_3_0:i_dc_fifo_tx|dc_token_ring_fifo_din_8s_4s_3_0:u_din|dc_data_buffer_8s_4s_3_0:buffer|syn_mlab_6:data_mlab|i_pulpissimo_soc_domain_i_pulp_soc_i_soc_peripherals_i_i_udma_i_i2c_gen_0__i_i2c_i_dc_fifo_tx_u_din_buffer_data_196_3_~MEMORYREGOUT
    Info (332098): From: pulpissimo_Z560:i_pulpissimo|soc_domain_Z559:soc_domain_i|pulp_soc_Z23:pulp_soc_i|soc_peripherals_Z84:soc_peripherals_i|udma_subsystem_Z83:i_udma|udma_i2c_top_19s_20s_1:i_i2c_gen_0__i_i2c|udma_dc_fifo_8s_4s_3_0:i_dc_fifo_tx|dc_token_ring_fifo_din_8s_4s_3_0:u_din|dc_data_buffer_8s_4s_3_0:buffer|syn_mlab_6:data_mlab|i_pulpissimo_soc_domain_i_pulp_soc_i_soc_peripherals_i_i_udma_i_i2c_gen_0__i_i2c_i_dc_fifo_tx_u_din_buffer_data_197_4_~CLKMUX_0  to: pulpissimo_Z560:i_pulpissimo|soc_domain_Z559:soc_domain_i|pulp_soc_Z23:pulp_soc_i|soc_peripherals_Z84:soc_peripherals_i|udma_subsystem_Z83:i_udma|udma_i2c_top_19s_20s_1:i_i2c_gen_0__i_i2c|udma_dc_fifo_8s_4s_3_0:i_dc_fifo_tx|dc_token_ring_fifo_din_8s_4s_3_0:u_din|dc_data_buffer_8s_4s_3_0:buffer|syn_mlab_6:data_mlab|i_pulpissimo_soc_domain_i_pulp_soc_i_soc_peripherals_i_i_udma_i_i2c_gen_0__i_i2c_i_dc_fifo_tx_u_din_buffer_data_197_4_~MEMORYREGOUT
    Info (332098): From: pulpissimo_Z560:i_pulpissimo|soc_domain_Z559:soc_domain_i|pulp_soc_Z23:pulp_soc_i|soc_peripherals_Z84:soc_peripherals_i|udma_subsystem_Z83:i_udma|udma_i2c_top_19s_20s_1:i_i2c_gen_0__i_i2c|udma_dc_fifo_8s_4s_3_0:i_dc_fifo_tx|dc_token_ring_fifo_din_8s_4s_3_0:u_din|dc_data_buffer_8s_4s_3_0:buffer|syn_mlab_6:data_mlab|i_pulpissimo_soc_domain_i_pulp_soc_i_soc_peripherals_i_i_udma_i_i2c_gen_0__i_i2c_i_dc_fifo_tx_u_din_buffer_data_198_5_~CLKMUX_0  to: pulpissimo_Z560:i_pulpissimo|soc_domain_Z559:soc_domain_i|pulp_soc_Z23:pulp_soc_i|soc_peripherals_Z84:soc_peripherals_i|udma_subsystem_Z83:i_udma|udma_i2c_top_19s_20s_1:i_i2c_gen_0__i_i2c|udma_dc_fifo_8s_4s_3_0:i_dc_fifo_tx|dc_token_ring_fifo_din_8s_4s_3_0:u_din|dc_data_buffer_8s_4s_3_0:buffer|syn_mlab_6:data_mlab|i_pulpissimo_soc_domain_i_pulp_soc_i_soc_peripherals_i_i_udma_i_i2c_gen_0__i_i2c_i_dc_fifo_tx_u_din_buffer_data_198_5_~MEMORYREGOUT
    Info (332098): From: pulpissimo_Z560:i_pulpissimo|soc_domain_Z559:soc_domain_i|pulp_soc_Z23:pulp_soc_i|soc_peripherals_Z84:soc_peripherals_i|udma_subsystem_Z83:i_udma|udma_i2c_top_19s_20s_1:i_i2c_gen_0__i_i2c|udma_dc_fifo_8s_4s_3_0:i_dc_fifo_tx|dc_token_ring_fifo_din_8s_4s_3_0:u_din|dc_data_buffer_8s_4s_3_0:buffer|syn_mlab_6:data_mlab|i_pulpissimo_soc_domain_i_pulp_soc_i_soc_peripherals_i_i_udma_i_i2c_gen_0__i_i2c_i_dc_fifo_tx_u_din_buffer_data_199_6_~CLKMUX_0  to: pulpissimo_Z560:i_pulpissimo|soc_domain_Z559:soc_domain_i|pulp_soc_Z23:pulp_soc_i|soc_peripherals_Z84:soc_peripherals_i|udma_subsystem_Z83:i_udma|udma_i2c_top_19s_20s_1:i_i2c_gen_0__i_i2c|udma_dc_fifo_8s_4s_3_0:i_dc_fifo_tx|dc_token_ring_fifo_din_8s_4s_3_0:u_din|dc_data_buffer_8s_4s_3_0:buffer|syn_mlab_6:data_mlab|i_pulpissimo_soc_domain_i_pulp_soc_i_soc_peripherals_i_i_udma_i_i2c_gen_0__i_i2c_i_dc_fifo_tx_u_din_buffer_data_199_6_~MEMORYREGOUT
    Info (332098): From: pulpissimo_Z560:i_pulpissimo|soc_domain_Z559:soc_domain_i|pulp_soc_Z23:pulp_soc_i|soc_peripherals_Z84:soc_peripherals_i|udma_subsystem_Z83:i_udma|udma_i2c_top_19s_20s_1:i_i2c_gen_0__i_i2c|udma_dc_fifo_8s_4s_3_0:i_dc_fifo_tx|dc_token_ring_fifo_din_8s_4s_3_0:u_din|dc_data_buffer_8s_4s_3_0:buffer|syn_mlab_6:data_mlab|i_pulpissimo_soc_domain_i_pulp_soc_i_soc_peripherals_i_i_udma_i_i2c_gen_0__i_i2c_i_dc_fifo_tx_u_din_buffer_data_200_7_~CLKMUX_0  to: pulpissimo_Z560:i_pulpissimo|soc_domain_Z559:soc_domain_i|pulp_soc_Z23:pulp_soc_i|soc_peripherals_Z84:soc_peripherals_i|udma_subsystem_Z83:i_udma|udma_i2c_top_19s_20s_1:i_i2c_gen_0__i_i2c|udma_dc_fifo_8s_4s_3_0:i_dc_fifo_tx|dc_token_ring_fifo_din_8s_4s_3_0:u_din|dc_data_buffer_8s_4s_3_0:buffer|syn_mlab_6:data_mlab|i_pulpissimo_soc_domain_i_pulp_soc_i_soc_peripherals_i_i_udma_i_i2c_gen_0__i_i2c_i_dc_fifo_tx_u_din_buffer_data_200_7_~MEMORYREGOUT
    Info (332098): From: pulpissimo_Z560:i_pulpissimo|soc_domain_Z559:soc_domain_i|pulp_soc_Z23:pulp_soc_i|soc_peripherals_Z84:soc_peripherals_i|udma_subsystem_Z83:i_udma|udma_spim_top_19s_20s_6s_8s:i_spim_gen_0__i_spim|udma_dc_fifo_32s_8s:u_dc_cmd|dc_token_ring_fifo_din_32s_8s_1:u_din|dc_data_buffer_32s_8s:buffer|syn_mlab:data_mlab|i_pulpissimo_soc_domain_i_pulp_soc_i_soc_peripherals_i_i_udma_i_spim_gen_0__i_spim_u_dc_cmd_u_din_buffer_data_10_1_~CLKMUX_0  to: pulpissimo_Z560:i_pulpissimo|soc_domain_Z559:soc_domain_i|pulp_soc_Z23:pulp_soc_i|soc_peripherals_Z84:soc_peripherals_i|udma_subsystem_Z83:i_udma|udma_spim_top_19s_20s_6s_8s:i_spim_gen_0__i_spim|udma_dc_fifo_32s_8s:u_dc_cmd|dc_token_ring_fifo_din_32s_8s_1:u_din|dc_data_buffer_32s_8s:buffer|syn_mlab:data_mlab|i_pulpissimo_soc_domain_i_pulp_soc_i_soc_peripherals_i_i_udma_i_spim_gen_0__i_spim_u_dc_cmd_u_din_buffer_data_10_1_~MEMORYREGOUT
    Info (332098): From: pulpissimo_Z560:i_pulpissimo|soc_domain_Z559:soc_domain_i|pulp_soc_Z23:pulp_soc_i|soc_peripherals_Z84:soc_peripherals_i|udma_subsystem_Z83:i_udma|udma_spim_top_19s_20s_6s_8s:i_spim_gen_0__i_spim|udma_dc_fifo_32s_8s:u_dc_cmd|dc_token_ring_fifo_din_32s_8s_1:u_din|dc_data_buffer_32s_8s:buffer|syn_mlab:data_mlab|i_pulpissimo_soc_domain_i_pulp_soc_i_soc_peripherals_i_i_udma_i_spim_gen_0__i_spim_u_dc_cmd_u_din_buffer_data_11_2_~CLKMUX_0  to: pulpissimo_Z560:i_pulpissimo|soc_domain_Z559:soc_domain_i|pulp_soc_Z23:pulp_soc_i|soc_peripherals_Z84:soc_peripherals_i|udma_subsystem_Z83:i_udma|udma_spim_top_19s_20s_6s_8s:i_spim_gen_0__i_spim|udma_dc_fifo_32s_8s:u_dc_cmd|dc_token_ring_fifo_din_32s_8s_1:u_din|dc_data_buffer_32s_8s:buffer|syn_mlab:data_mlab|i_pulpissimo_soc_domain_i_pulp_soc_i_soc_peripherals_i_i_udma_i_spim_gen_0__i_spim_u_dc_cmd_u_din_buffer_data_11_2_~MEMORYREGOUT
    Info (332098): From: pulpissimo_Z560:i_pulpissimo|soc_domain_Z559:soc_domain_i|pulp_soc_Z23:pulp_soc_i|soc_peripherals_Z84:soc_peripherals_i|udma_subsystem_Z83:i_udma|udma_spim_top_19s_20s_6s_8s:i_spim_gen_0__i_spim|udma_dc_fifo_32s_8s:u_dc_cmd|dc_token_ring_fifo_din_32s_8s_1:u_din|dc_data_buffer_32s_8s:buffer|syn_mlab:data_mlab|i_pulpissimo_soc_domain_i_pulp_soc_i_soc_peripherals_i_i_udma_i_spim_gen_0__i_spim_u_dc_cmd_u_din_buffer_data_12_3_~CLKMUX_0  to: pulpissimo_Z560:i_pulpissimo|soc_domain_Z559:soc_domain_i|pulp_soc_Z23:pulp_soc_i|soc_peripherals_Z84:soc_peripherals_i|udma_subsystem_Z83:i_udma|udma_spim_top_19s_20s_6s_8s:i_spim_gen_0__i_spim|udma_dc_fifo_32s_8s:u_dc_cmd|dc_token_ring_fifo_din_32s_8s_1:u_din|dc_data_buffer_32s_8s:buffer|syn_mlab:data_mlab|i_pulpissimo_soc_domain_i_pulp_soc_i_soc_peripherals_i_i_udma_i_spim_gen_0__i_spim_u_dc_cmd_u_din_buffer_data_12_3_~MEMORYREGOUT
    Info (332098): From: pulpissimo_Z560:i_pulpissimo|soc_domain_Z559:soc_domain_i|pulp_soc_Z23:pulp_soc_i|soc_peripherals_Z84:soc_peripherals_i|udma_subsystem_Z83:i_udma|udma_spim_top_19s_20s_6s_8s:i_spim_gen_0__i_spim|udma_dc_fifo_32s_8s:u_dc_cmd|dc_token_ring_fifo_din_32s_8s_1:u_din|dc_data_buffer_32s_8s:buffer|syn_mlab:data_mlab|i_pulpissimo_soc_domain_i_pulp_soc_i_soc_peripherals_i_i_udma_i_spim_gen_0__i_spim_u_dc_cmd_u_din_buffer_data_13_4_~CLKMUX_0  to: pulpissimo_Z560:i_pulpissimo|soc_domain_Z559:soc_domain_i|pulp_soc_Z23:pulp_soc_i|soc_peripherals_Z84:soc_peripherals_i|udma_subsystem_Z83:i_udma|udma_spim_top_19s_20s_6s_8s:i_spim_gen_0__i_spim|udma_dc_fifo_32s_8s:u_dc_cmd|dc_token_ring_fifo_din_32s_8s_1:u_din|dc_data_buffer_32s_8s:buffer|syn_mlab:data_mlab|i_pulpissimo_soc_domain_i_pulp_soc_i_soc_peripherals_i_i_udma_i_spim_gen_0__i_spim_u_dc_cmd_u_din_buffer_data_13_4_~MEMORYREGOUT
    Info (332098): From: pulpissimo_Z560:i_pulpissimo|soc_domain_Z559:soc_domain_i|pulp_soc_Z23:pulp_soc_i|soc_peripherals_Z84:soc_peripherals_i|udma_subsystem_Z83:i_udma|udma_spim_top_19s_20s_6s_8s:i_spim_gen_0__i_spim|udma_dc_fifo_32s_8s:u_dc_cmd|dc_token_ring_fifo_din_32s_8s_1:u_din|dc_data_buffer_32s_8s:buffer|syn_mlab:data_mlab|i_pulpissimo_soc_domain_i_pulp_soc_i_soc_peripherals_i_i_udma_i_spim_gen_0__i_spim_u_dc_cmd_u_din_buffer_data_14_5_~CLKMUX_0  to: pulpissimo_Z560:i_pulpissimo|soc_domain_Z559:soc_domain_i|pulp_soc_Z23:pulp_soc_i|soc_peripherals_Z84:soc_peripherals_i|udma_subsystem_Z83:i_udma|udma_spim_top_19s_20s_6s_8s:i_spim_gen_0__i_spim|udma_dc_fifo_32s_8s:u_dc_cmd|dc_token_ring_fifo_din_32s_8s_1:u_din|dc_data_buffer_32s_8s:buffer|syn_mlab:data_mlab|i_pulpissimo_soc_domain_i_pulp_soc_i_soc_peripherals_i_i_udma_i_spim_gen_0__i_spim_u_dc_cmd_u_din_buffer_data_14_5_~MEMORYREGOUT
    Info (332098): From: pulpissimo_Z560:i_pulpissimo|soc_domain_Z559:soc_domain_i|pulp_soc_Z23:pulp_soc_i|soc_peripherals_Z84:soc_peripherals_i|udma_subsystem_Z83:i_udma|udma_spim_top_19s_20s_6s_8s:i_spim_gen_0__i_spim|udma_dc_fifo_32s_8s:u_dc_cmd|dc_token_ring_fifo_din_32s_8s_1:u_din|dc_data_buffer_32s_8s:buffer|syn_mlab:data_mlab|i_pulpissimo_soc_domain_i_pulp_soc_i_soc_peripherals_i_i_udma_i_spim_gen_0__i_spim_u_dc_cmd_u_din_buffer_data_15_6_~CLKMUX_0  to: pulpissimo_Z560:i_pulpissimo|soc_domain_Z559:soc_domain_i|pulp_soc_Z23:pulp_soc_i|soc_peripherals_Z84:soc_peripherals_i|udma_subsystem_Z83:i_udma|udma_spim_top_19s_20s_6s_8s:i_spim_gen_0__i_spim|udma_dc_fifo_32s_8s:u_dc_cmd|dc_token_ring_fifo_din_32s_8s_1:u_din|dc_data_buffer_32s_8s:buffer|syn_mlab:data_mlab|i_pulpissimo_soc_domain_i_pulp_soc_i_soc_peripherals_i_i_udma_i_spim_gen_0__i_spim_u_dc_cmd_u_din_buffer_data_15_6_~MEMORYREGOUT
    Info (332098): From: pulpissimo_Z560:i_pulpissimo|soc_domain_Z559:soc_domain_i|pulp_soc_Z23:pulp_soc_i|soc_peripherals_Z84:soc_peripherals_i|udma_subsystem_Z83:i_udma|udma_spim_top_19s_20s_6s_8s:i_spim_gen_0__i_spim|udma_dc_fifo_32s_8s:u_dc_cmd|dc_token_ring_fifo_din_32s_8s_1:u_din|dc_data_buffer_32s_8s:buffer|syn_mlab:data_mlab|i_pulpissimo_soc_domain_i_pulp_soc_i_soc_peripherals_i_i_udma_i_spim_gen_0__i_spim_u_dc_cmd_u_din_buffer_data_16_7_~CLKMUX_0  to: pulpissimo_Z560:i_pulpissimo|soc_domain_Z559:soc_domain_i|pulp_soc_Z23:pulp_soc_i|soc_peripherals_Z84:soc_peripherals_i|udma_subsystem_Z83:i_udma|udma_spim_top_19s_20s_6s_8s:i_spim_gen_0__i_spim|udma_dc_fifo_32s_8s:u_dc_cmd|dc_token_ring_fifo_din_32s_8s_1:u_din|dc_data_buffer_32s_8s:buffer|syn_mlab:data_mlab|i_pulpissimo_soc_domain_i_pulp_soc_i_soc_peripherals_i_i_udma_i_spim_gen_0__i_spim_u_dc_cmd_u_din_buffer_data_16_7_~MEMORYREGOUT
    Info (332098): From: pulpissimo_Z560:i_pulpissimo|soc_domain_Z559:soc_domain_i|pulp_soc_Z23:pulp_soc_i|soc_peripherals_Z84:soc_peripherals_i|udma_subsystem_Z83:i_udma|udma_spim_top_19s_20s_6s_8s:i_spim_gen_0__i_spim|udma_dc_fifo_32s_8s:u_dc_cmd|dc_token_ring_fifo_din_32s_8s_1:u_din|dc_data_buffer_32s_8s:buffer|syn_mlab:data_mlab|i_pulpissimo_soc_domain_i_pulp_soc_i_soc_peripherals_i_i_udma_i_spim_gen_0__i_spim_u_dc_cmd_u_din_buffer_data_17_8_~CLKMUX_0  to: pulpissimo_Z560:i_pulpissimo|soc_domain_Z559:soc_domain_i|pulp_soc_Z23:pulp_soc_i|soc_peripherals_Z84:soc_peripherals_i|udma_subsystem_Z83:i_udma|udma_spim_top_19s_20s_6s_8s:i_spim_gen_0__i_spim|udma_dc_fifo_32s_8s:u_dc_cmd|dc_token_ring_fifo_din_32s_8s_1:u_din|dc_data_buffer_32s_8s:buffer|syn_mlab:data_mlab|i_pulpissimo_soc_domain_i_pulp_soc_i_soc_peripherals_i_i_udma_i_spim_gen_0__i_spim_u_dc_cmd_u_din_buffer_data_17_8_~MEMORYREGOUT
    Info (332098): From: pulpissimo_Z560:i_pulpissimo|soc_domain_Z559:soc_domain_i|pulp_soc_Z23:pulp_soc_i|soc_peripherals_Z84:soc_peripherals_i|udma_subsystem_Z83:i_udma|udma_spim_top_19s_20s_6s_8s:i_spim_gen_0__i_spim|udma_dc_fifo_32s_8s:u_dc_cmd|dc_token_ring_fifo_din_32s_8s_1:u_din|dc_data_buffer_32s_8s:buffer|syn_mlab:data_mlab|i_pulpissimo_soc_domain_i_pulp_soc_i_soc_peripherals_i_i_udma_i_spim_gen_0__i_spim_u_dc_cmd_u_din_buffer_data_18_9_~CLKMUX_0  to: pulpissimo_Z560:i_pulpissimo|soc_domain_Z559:soc_domain_i|pulp_soc_Z23:pulp_soc_i|soc_peripherals_Z84:soc_peripherals_i|udma_subsystem_Z83:i_udma|udma_spim_top_19s_20s_6s_8s:i_spim_gen_0__i_spim|udma_dc_fifo_32s_8s:u_dc_cmd|dc_token_ring_fifo_din_32s_8s_1:u_din|dc_data_buffer_32s_8s:buffer|syn_mlab:data_mlab|i_pulpissimo_soc_domain_i_pulp_soc_i_soc_peripherals_i_i_udma_i_spim_gen_0__i_spim_u_dc_cmd_u_din_buffer_data_18_9_~MEMORYREGOUT
    Info (332098): From: pulpissimo_Z560:i_pulpissimo|soc_domain_Z559:soc_domain_i|pulp_soc_Z23:pulp_soc_i|soc_peripherals_Z84:soc_peripherals_i|udma_subsystem_Z83:i_udma|udma_spim_top_19s_20s_6s_8s:i_spim_gen_0__i_spim|udma_dc_fifo_32s_8s:u_dc_cmd|dc_token_ring_fifo_din_32s_8s_1:u_din|dc_data_buffer_32s_8s:buffer|syn_mlab:data_mlab|i_pulpissimo_soc_domain_i_pulp_soc_i_soc_peripherals_i_i_udma_i_spim_gen_0__i_spim_u_dc_cmd_u_din_buffer_data_19_10_~CLKMUX_0  to: pulpissimo_Z560:i_pulpissimo|soc_domain_Z559:soc_domain_i|pulp_soc_Z23:pulp_soc_i|soc_peripherals_Z84:soc_peripherals_i|udma_subsystem_Z83:i_udma|udma_spim_top_19s_20s_6s_8s:i_spim_gen_0__i_spim|udma_dc_fifo_32s_8s:u_dc_cmd|dc_token_ring_fifo_din_32s_8s_1:u_din|dc_data_buffer_32s_8s:buffer|syn_mlab:data_mlab|i_pulpissimo_soc_domain_i_pulp_soc_i_soc_peripherals_i_i_udma_i_spim_gen_0__i_spim_u_dc_cmd_u_din_buffer_data_19_10_~MEMORYREGOUT
    Info (332098): From: pulpissimo_Z560:i_pulpissimo|soc_domain_Z559:soc_domain_i|pulp_soc_Z23:pulp_soc_i|soc_peripherals_Z84:soc_peripherals_i|udma_subsystem_Z83:i_udma|udma_spim_top_19s_20s_6s_8s:i_spim_gen_0__i_spim|udma_dc_fifo_32s_8s:u_dc_cmd|dc_token_ring_fifo_din_32s_8s_1:u_din|dc_data_buffer_32s_8s:buffer|syn_mlab:data_mlab|i_pulpissimo_soc_domain_i_pulp_soc_i_soc_peripherals_i_i_udma_i_spim_gen_0__i_spim_u_dc_cmd_u_din_buffer_data_20_11_~CLKMUX_0  to: pulpissimo_Z560:i_pulpissimo|soc_domain_Z559:soc_domain_i|pulp_soc_Z23:pulp_soc_i|soc_peripherals_Z84:soc_peripherals_i|udma_subsystem_Z83:i_udma|udma_spim_top_19s_20s_6s_8s:i_spim_gen_0__i_spim|udma_dc_fifo_32s_8s:u_dc_cmd|dc_token_ring_fifo_din_32s_8s_1:u_din|dc_data_buffer_32s_8s:buffer|syn_mlab:data_mlab|i_pulpissimo_soc_domain_i_pulp_soc_i_soc_peripherals_i_i_udma_i_spim_gen_0__i_spim_u_dc_cmd_u_din_buffer_data_20_11_~MEMORYREGOUT
    Info (332098): From: pulpissimo_Z560:i_pulpissimo|soc_domain_Z559:soc_domain_i|pulp_soc_Z23:pulp_soc_i|soc_peripherals_Z84:soc_peripherals_i|udma_subsystem_Z83:i_udma|udma_spim_top_19s_20s_6s_8s:i_spim_gen_0__i_spim|udma_dc_fifo_32s_8s:u_dc_cmd|dc_token_ring_fifo_din_32s_8s_1:u_din|dc_data_buffer_32s_8s:buffer|syn_mlab:data_mlab|i_pulpissimo_soc_domain_i_pulp_soc_i_soc_peripherals_i_i_udma_i_spim_gen_0__i_spim_u_dc_cmd_u_din_buffer_data_21_12_~CLKMUX_0  to: pulpissimo_Z560:i_pulpissimo|soc_domain_Z559:soc_domain_i|pulp_soc_Z23:pulp_soc_i|soc_peripherals_Z84:soc_peripherals_i|udma_subsystem_Z83:i_udma|udma_spim_top_19s_20s_6s_8s:i_spim_gen_0__i_spim|udma_dc_fifo_32s_8s:u_dc_cmd|dc_token_ring_fifo_din_32s_8s_1:u_din|dc_data_buffer_32s_8s:buffer|syn_mlab:data_mlab|i_pulpissimo_soc_domain_i_pulp_soc_i_soc_peripherals_i_i_udma_i_spim_gen_0__i_spim_u_dc_cmd_u_din_buffer_data_21_12_~MEMORYREGOUT
    Info (332098): From: pulpissimo_Z560:i_pulpissimo|soc_domain_Z559:soc_domain_i|pulp_soc_Z23:pulp_soc_i|soc_peripherals_Z84:soc_peripherals_i|udma_subsystem_Z83:i_udma|udma_spim_top_19s_20s_6s_8s:i_spim_gen_0__i_spim|udma_dc_fifo_32s_8s:u_dc_cmd|dc_token_ring_fifo_din_32s_8s_1:u_din|dc_data_buffer_32s_8s:buffer|syn_mlab:data_mlab|i_pulpissimo_soc_domain_i_pulp_soc_i_soc_peripherals_i_i_udma_i_spim_gen_0__i_spim_u_dc_cmd_u_din_buffer_data_22_13_~CLKMUX_0  to: pulpissimo_Z560:i_pulpissimo|soc_domain_Z559:soc_domain_i|pulp_soc_Z23:pulp_soc_i|soc_peripherals_Z84:soc_peripherals_i|udma_subsystem_Z83:i_udma|udma_spim_top_19s_20s_6s_8s:i_spim_gen_0__i_spim|udma_dc_fifo_32s_8s:u_dc_cmd|dc_token_ring_fifo_din_32s_8s_1:u_din|dc_data_buffer_32s_8s:buffer|syn_mlab:data_mlab|i_pulpissimo_soc_domain_i_pulp_soc_i_soc_peripherals_i_i_udma_i_spim_gen_0__i_spim_u_dc_cmd_u_din_buffer_data_22_13_~MEMORYREGOUT
    Info (332098): From: pulpissimo_Z560:i_pulpissimo|soc_domain_Z559:soc_domain_i|pulp_soc_Z23:pulp_soc_i|soc_peripherals_Z84:soc_peripherals_i|udma_subsystem_Z83:i_udma|udma_spim_top_19s_20s_6s_8s:i_spim_gen_0__i_spim|udma_dc_fifo_32s_8s:u_dc_cmd|dc_token_ring_fifo_din_32s_8s_1:u_din|dc_data_buffer_32s_8s:buffer|syn_mlab:data_mlab|i_pulpissimo_soc_domain_i_pulp_soc_i_soc_peripherals_i_i_udma_i_spim_gen_0__i_spim_u_dc_cmd_u_din_buffer_data_23_14_~CLKMUX_0  to: pulpissimo_Z560:i_pulpissimo|soc_domain_Z559:soc_domain_i|pulp_soc_Z23:pulp_soc_i|soc_peripherals_Z84:soc_peripherals_i|udma_subsystem_Z83:i_udma|udma_spim_top_19s_20s_6s_8s:i_spim_gen_0__i_spim|udma_dc_fifo_32s_8s:u_dc_cmd|dc_token_ring_fifo_din_32s_8s_1:u_din|dc_data_buffer_32s_8s:buffer|syn_mlab:data_mlab|i_pulpissimo_soc_domain_i_pulp_soc_i_soc_peripherals_i_i_udma_i_spim_gen_0__i_spim_u_dc_cmd_u_din_buffer_data_23_14_~MEMORYREGOUT
    Info (332098): From: pulpissimo_Z560:i_pulpissimo|soc_domain_Z559:soc_domain_i|pulp_soc_Z23:pulp_soc_i|soc_peripherals_Z84:soc_peripherals_i|udma_subsystem_Z83:i_udma|udma_spim_top_19s_20s_6s_8s:i_spim_gen_0__i_spim|udma_dc_fifo_32s_8s:u_dc_cmd|dc_token_ring_fifo_din_32s_8s_1:u_din|dc_data_buffer_32s_8s:buffer|syn_mlab:data_mlab|i_pulpissimo_soc_domain_i_pulp_soc_i_soc_peripherals_i_i_udma_i_spim_gen_0__i_spim_u_dc_cmd_u_din_buffer_data_24_15_~CLKMUX_0  to: pulpissimo_Z560:i_pulpissimo|soc_domain_Z559:soc_domain_i|pulp_soc_Z23:pulp_soc_i|soc_peripherals_Z84:soc_peripherals_i|udma_subsystem_Z83:i_udma|udma_spim_top_19s_20s_6s_8s:i_spim_gen_0__i_spim|udma_dc_fifo_32s_8s:u_dc_cmd|dc_token_ring_fifo_din_32s_8s_1:u_din|dc_data_buffer_32s_8s:buffer|syn_mlab:data_mlab|i_pulpissimo_soc_domain_i_pulp_soc_i_soc_peripherals_i_i_udma_i_spim_gen_0__i_spim_u_dc_cmd_u_din_buffer_data_24_15_~MEMORYREGOUT
    Info (332098): From: pulpissimo_Z560:i_pulpissimo|soc_domain_Z559:soc_domain_i|pulp_soc_Z23:pulp_soc_i|soc_peripherals_Z84:soc_peripherals_i|udma_subsystem_Z83:i_udma|udma_spim_top_19s_20s_6s_8s:i_spim_gen_0__i_spim|udma_dc_fifo_32s_8s:u_dc_cmd|dc_token_ring_fifo_din_32s_8s_1:u_din|dc_data_buffer_32s_8s:buffer|syn_mlab:data_mlab|i_pulpissimo_soc_domain_i_pulp_soc_i_soc_peripherals_i_i_udma_i_spim_gen_0__i_spim_u_dc_cmd_u_din_buffer_data_25_16_~CLKMUX_0  to: pulpissimo_Z560:i_pulpissimo|soc_domain_Z559:soc_domain_i|pulp_soc_Z23:pulp_soc_i|soc_peripherals_Z84:soc_peripherals_i|udma_subsystem_Z83:i_udma|udma_spim_top_19s_20s_6s_8s:i_spim_gen_0__i_spim|udma_dc_fifo_32s_8s:u_dc_cmd|dc_token_ring_fifo_din_32s_8s_1:u_din|dc_data_buffer_32s_8s:buffer|syn_mlab:data_mlab|i_pulpissimo_soc_domain_i_pulp_soc_i_soc_peripherals_i_i_udma_i_spim_gen_0__i_spim_u_dc_cmd_u_din_buffer_data_25_16_~MEMORYREGOUT
    Info (332098): From: pulpissimo_Z560:i_pulpissimo|soc_domain_Z559:soc_domain_i|pulp_soc_Z23:pulp_soc_i|soc_peripherals_Z84:soc_peripherals_i|udma_subsystem_Z83:i_udma|udma_spim_top_19s_20s_6s_8s:i_spim_gen_0__i_spim|udma_dc_fifo_32s_8s:u_dc_cmd|dc_token_ring_fifo_din_32s_8s_1:u_din|dc_data_buffer_32s_8s:buffer|syn_mlab:data_mlab|i_pulpissimo_soc_domain_i_pulp_soc_i_soc_peripherals_i_i_udma_i_spim_gen_0__i_spim_u_dc_cmd_u_din_buffer_data_26_17_~CLKMUX_0  to: pulpissimo_Z560:i_pulpissimo|soc_domain_Z559:soc_domain_i|pulp_soc_Z23:pulp_soc_i|soc_peripherals_Z84:soc_peripherals_i|udma_subsystem_Z83:i_udma|udma_spim_top_19s_20s_6s_8s:i_spim_gen_0__i_spim|udma_dc_fifo_32s_8s:u_dc_cmd|dc_token_ring_fifo_din_32s_8s_1:u_din|dc_data_buffer_32s_8s:buffer|syn_mlab:data_mlab|i_pulpissimo_soc_domain_i_pulp_soc_i_soc_peripherals_i_i_udma_i_spim_gen_0__i_spim_u_dc_cmd_u_din_buffer_data_26_17_~MEMORYREGOUT
    Info (332098): From: pulpissimo_Z560:i_pulpissimo|soc_domain_Z559:soc_domain_i|pulp_soc_Z23:pulp_soc_i|soc_peripherals_Z84:soc_peripherals_i|udma_subsystem_Z83:i_udma|udma_spim_top_19s_20s_6s_8s:i_spim_gen_0__i_spim|udma_dc_fifo_32s_8s:u_dc_cmd|dc_token_ring_fifo_din_32s_8s_1:u_din|dc_data_buffer_32s_8s:buffer|syn_mlab:data_mlab|i_pulpissimo_soc_domain_i_pulp_soc_i_soc_peripherals_i_i_udma_i_spim_gen_0__i_spim_u_dc_cmd_u_din_buffer_data_27_18_~CLKMUX_0  to: pulpissimo_Z560:i_pulpissimo|soc_domain_Z559:soc_domain_i|pulp_soc_Z23:pulp_soc_i|soc_peripherals_Z84:soc_peripherals_i|udma_subsystem_Z83:i_udma|udma_spim_top_19s_20s_6s_8s:i_spim_gen_0__i_spim|udma_dc_fifo_32s_8s:u_dc_cmd|dc_token_ring_fifo_din_32s_8s_1:u_din|dc_data_buffer_32s_8s:buffer|syn_mlab:data_mlab|i_pulpissimo_soc_domain_i_pulp_soc_i_soc_peripherals_i_i_udma_i_spim_gen_0__i_spim_u_dc_cmd_u_din_buffer_data_27_18_~MEMORYREGOUT
    Info (332098): From: pulpissimo_Z560:i_pulpissimo|soc_domain_Z559:soc_domain_i|pulp_soc_Z23:pulp_soc_i|soc_peripherals_Z84:soc_peripherals_i|udma_subsystem_Z83:i_udma|udma_spim_top_19s_20s_6s_8s:i_spim_gen_0__i_spim|udma_dc_fifo_32s_8s:u_dc_cmd|dc_token_ring_fifo_din_32s_8s_1:u_din|dc_data_buffer_32s_8s:buffer|syn_mlab:data_mlab|i_pulpissimo_soc_domain_i_pulp_soc_i_soc_peripherals_i_i_udma_i_spim_gen_0__i_spim_u_dc_cmd_u_din_buffer_data_28_19_~CLKMUX_0  to: pulpissimo_Z560:i_pulpissimo|soc_domain_Z559:soc_domain_i|pulp_soc_Z23:pulp_soc_i|soc_peripherals_Z84:soc_peripherals_i|udma_subsystem_Z83:i_udma|udma_spim_top_19s_20s_6s_8s:i_spim_gen_0__i_spim|udma_dc_fifo_32s_8s:u_dc_cmd|dc_token_ring_fifo_din_32s_8s_1:u_din|dc_data_buffer_32s_8s:buffer|syn_mlab:data_mlab|i_pulpissimo_soc_domain_i_pulp_soc_i_soc_peripherals_i_i_udma_i_spim_gen_0__i_spim_u_dc_cmd_u_din_buffer_data_28_19_~MEMORYREGOUT
    Info (332098): From: pulpissimo_Z560:i_pulpissimo|soc_domain_Z559:soc_domain_i|pulp_soc_Z23:pulp_soc_i|soc_peripherals_Z84:soc_peripherals_i|udma_subsystem_Z83:i_udma|udma_spim_top_19s_20s_6s_8s:i_spim_gen_0__i_spim|udma_dc_fifo_32s_8s:u_dc_cmd|dc_token_ring_fifo_din_32s_8s_1:u_din|dc_data_buffer_32s_8s:buffer|syn_mlab:data_mlab|i_pulpissimo_soc_domain_i_pulp_soc_i_soc_peripherals_i_i_udma_i_spim_gen_0__i_spim_u_dc_cmd_u_din_buffer_data_29_20_~CLKMUX_0  to: pulpissimo_Z560:i_pulpissimo|soc_domain_Z559:soc_domain_i|pulp_soc_Z23:pulp_soc_i|soc_peripherals_Z84:soc_peripherals_i|udma_subsystem_Z83:i_udma|udma_spim_top_19s_20s_6s_8s:i_spim_gen_0__i_spim|udma_dc_fifo_32s_8s:u_dc_cmd|dc_token_ring_fifo_din_32s_8s_1:u_din|dc_data_buffer_32s_8s:buffer|syn_mlab:data_mlab|i_pulpissimo_soc_domain_i_pulp_soc_i_soc_peripherals_i_i_udma_i_spim_gen_0__i_spim_u_dc_cmd_u_din_buffer_data_29_20_~MEMORYREGOUT
    Info (332098): From: pulpissimo_Z560:i_pulpissimo|soc_domain_Z559:soc_domain_i|pulp_soc_Z23:pulp_soc_i|soc_peripherals_Z84:soc_peripherals_i|udma_subsystem_Z83:i_udma|udma_spim_top_19s_20s_6s_8s:i_spim_gen_0__i_spim|udma_dc_fifo_32s_8s:u_dc_cmd|dc_token_ring_fifo_din_32s_8s_1:u_din|dc_data_buffer_32s_8s:buffer|syn_mlab:data_mlab|i_pulpissimo_soc_domain_i_pulp_soc_i_soc_peripherals_i_i_udma_i_spim_gen_0__i_spim_u_dc_cmd_u_din_buffer_data_30_21_~CLKMUX_0  to: pulpissimo_Z560:i_pulpissimo|soc_domain_Z559:soc_domain_i|pulp_soc_Z23:pulp_soc_i|soc_peripherals_Z84:soc_peripherals_i|udma_subsystem_Z83:i_udma|udma_spim_top_19s_20s_6s_8s:i_spim_gen_0__i_spim|udma_dc_fifo_32s_8s:u_dc_cmd|dc_token_ring_fifo_din_32s_8s_1:u_din|dc_data_buffer_32s_8s:buffer|syn_mlab:data_mlab|i_pulpissimo_soc_domain_i_pulp_soc_i_soc_peripherals_i_i_udma_i_spim_gen_0__i_spim_u_dc_cmd_u_din_buffer_data_30_21_~MEMORYREGOUT
    Info (332098): From: pulpissimo_Z560:i_pulpissimo|soc_domain_Z559:soc_domain_i|pulp_soc_Z23:pulp_soc_i|soc_peripherals_Z84:soc_peripherals_i|udma_subsystem_Z83:i_udma|udma_spim_top_19s_20s_6s_8s:i_spim_gen_0__i_spim|udma_dc_fifo_32s_8s:u_dc_cmd|dc_token_ring_fifo_din_32s_8s_1:u_din|dc_data_buffer_32s_8s:buffer|syn_mlab:data_mlab|i_pulpissimo_soc_domain_i_pulp_soc_i_soc_peripherals_i_i_udma_i_spim_gen_0__i_spim_u_dc_cmd_u_din_buffer_data_31_22_~CLKMUX_0  to: pulpissimo_Z560:i_pulpissimo|soc_domain_Z559:soc_domain_i|pulp_soc_Z23:pulp_soc_i|soc_peripherals_Z84:soc_peripherals_i|udma_subsystem_Z83:i_udma|udma_spim_top_19s_20s_6s_8s:i_spim_gen_0__i_spim|udma_dc_fifo_32s_8s:u_dc_cmd|dc_token_ring_fifo_din_32s_8s_1:u_din|dc_data_buffer_32s_8s:buffer|syn_mlab:data_mlab|i_pulpissimo_soc_domain_i_pulp_soc_i_soc_peripherals_i_i_udma_i_spim_gen_0__i_spim_u_dc_cmd_u_din_buffer_data_31_22_~MEMORYREGOUT
    Info (332098): From: pulpissimo_Z560:i_pulpissimo|soc_domain_Z559:soc_domain_i|pulp_soc_Z23:pulp_soc_i|soc_peripherals_Z84:soc_peripherals_i|udma_subsystem_Z83:i_udma|udma_spim_top_19s_20s_6s_8s:i_spim_gen_0__i_spim|udma_dc_fifo_32s_8s:u_dc_cmd|dc_token_ring_fifo_din_32s_8s_1:u_din|dc_data_buffer_32s_8s:buffer|syn_mlab:data_mlab|i_pulpissimo_soc_domain_i_pulp_soc_i_soc_peripherals_i_i_udma_i_spim_gen_0__i_spim_u_dc_cmd_u_din_buffer_data_32_23_~CLKMUX_0  to: pulpissimo_Z560:i_pulpissimo|soc_domain_Z559:soc_domain_i|pulp_soc_Z23:pulp_soc_i|soc_peripherals_Z84:soc_peripherals_i|udma_subsystem_Z83:i_udma|udma_spim_top_19s_20s_6s_8s:i_spim_gen_0__i_spim|udma_dc_fifo_32s_8s:u_dc_cmd|dc_token_ring_fifo_din_32s_8s_1:u_din|dc_data_buffer_32s_8s:buffer|syn_mlab:data_mlab|i_pulpissimo_soc_domain_i_pulp_soc_i_soc_peripherals_i_i_udma_i_spim_gen_0__i_spim_u_dc_cmd_u_din_buffer_data_32_23_~MEMORYREGOUT
    Info (332098): From: pulpissimo_Z560:i_pulpissimo|soc_domain_Z559:soc_domain_i|pulp_soc_Z23:pulp_soc_i|soc_peripherals_Z84:soc_peripherals_i|udma_subsystem_Z83:i_udma|udma_spim_top_19s_20s_6s_8s:i_spim_gen_0__i_spim|udma_dc_fifo_32s_8s:u_dc_cmd|dc_token_ring_fifo_din_32s_8s_1:u_din|dc_data_buffer_32s_8s:buffer|syn_mlab:data_mlab|i_pulpissimo_soc_domain_i_pulp_soc_i_soc_peripherals_i_i_udma_i_spim_gen_0__i_spim_u_dc_cmd_u_din_buffer_data_33_24_~CLKMUX_0  to: pulpissimo_Z560:i_pulpissimo|soc_domain_Z559:soc_domain_i|pulp_soc_Z23:pulp_soc_i|soc_peripherals_Z84:soc_peripherals_i|udma_subsystem_Z83:i_udma|udma_spim_top_19s_20s_6s_8s:i_spim_gen_0__i_spim|udma_dc_fifo_32s_8s:u_dc_cmd|dc_token_ring_fifo_din_32s_8s_1:u_din|dc_data_buffer_32s_8s:buffer|syn_mlab:data_mlab|i_pulpissimo_soc_domain_i_pulp_soc_i_soc_peripherals_i_i_udma_i_spim_gen_0__i_spim_u_dc_cmd_u_din_buffer_data_33_24_~MEMORYREGOUT
    Info (332098): From: pulpissimo_Z560:i_pulpissimo|soc_domain_Z559:soc_domain_i|pulp_soc_Z23:pulp_soc_i|soc_peripherals_Z84:soc_peripherals_i|udma_subsystem_Z83:i_udma|udma_spim_top_19s_20s_6s_8s:i_spim_gen_0__i_spim|udma_dc_fifo_32s_8s:u_dc_cmd|dc_token_ring_fifo_din_32s_8s_1:u_din|dc_data_buffer_32s_8s:buffer|syn_mlab:data_mlab|i_pulpissimo_soc_domain_i_pulp_soc_i_soc_peripherals_i_i_udma_i_spim_gen_0__i_spim_u_dc_cmd_u_din_buffer_data_34_25_~CLKMUX_0  to: pulpissimo_Z560:i_pulpissimo|soc_domain_Z559:soc_domain_i|pulp_soc_Z23:pulp_soc_i|soc_peripherals_Z84:soc_peripherals_i|udma_subsystem_Z83:i_udma|udma_spim_top_19s_20s_6s_8s:i_spim_gen_0__i_spim|udma_dc_fifo_32s_8s:u_dc_cmd|dc_token_ring_fifo_din_32s_8s_1:u_din|dc_data_buffer_32s_8s:buffer|syn_mlab:data_mlab|i_pulpissimo_soc_domain_i_pulp_soc_i_soc_peripherals_i_i_udma_i_spim_gen_0__i_spim_u_dc_cmd_u_din_buffer_data_34_25_~MEMORYREGOUT
    Info (332098): From: pulpissimo_Z560:i_pulpissimo|soc_domain_Z559:soc_domain_i|pulp_soc_Z23:pulp_soc_i|soc_peripherals_Z84:soc_peripherals_i|udma_subsystem_Z83:i_udma|udma_spim_top_19s_20s_6s_8s:i_spim_gen_0__i_spim|udma_dc_fifo_32s_8s:u_dc_cmd|dc_token_ring_fifo_din_32s_8s_1:u_din|dc_data_buffer_32s_8s:buffer|syn_mlab:data_mlab|i_pulpissimo_soc_domain_i_pulp_soc_i_soc_peripherals_i_i_udma_i_spim_gen_0__i_spim_u_dc_cmd_u_din_buffer_data_35_26_~CLKMUX_0  to: pulpissimo_Z560:i_pulpissimo|soc_domain_Z559:soc_domain_i|pulp_soc_Z23:pulp_soc_i|soc_peripherals_Z84:soc_peripherals_i|udma_subsystem_Z83:i_udma|udma_spim_top_19s_20s_6s_8s:i_spim_gen_0__i_spim|udma_dc_fifo_32s_8s:u_dc_cmd|dc_token_ring_fifo_din_32s_8s_1:u_din|dc_data_buffer_32s_8s:buffer|syn_mlab:data_mlab|i_pulpissimo_soc_domain_i_pulp_soc_i_soc_peripherals_i_i_udma_i_spim_gen_0__i_spim_u_dc_cmd_u_din_buffer_data_35_26_~MEMORYREGOUT
    Info (332098): From: pulpissimo_Z560:i_pulpissimo|soc_domain_Z559:soc_domain_i|pulp_soc_Z23:pulp_soc_i|soc_peripherals_Z84:soc_peripherals_i|udma_subsystem_Z83:i_udma|udma_spim_top_19s_20s_6s_8s:i_spim_gen_0__i_spim|udma_dc_fifo_32s_8s:u_dc_cmd|dc_token_ring_fifo_din_32s_8s_1:u_din|dc_data_buffer_32s_8s:buffer|syn_mlab:data_mlab|i_pulpissimo_soc_domain_i_pulp_soc_i_soc_peripherals_i_i_udma_i_spim_gen_0__i_spim_u_dc_cmd_u_din_buffer_data_36_27_~CLKMUX_0  to: pulpissimo_Z560:i_pulpissimo|soc_domain_Z559:soc_domain_i|pulp_soc_Z23:pulp_soc_i|soc_peripherals_Z84:soc_peripherals_i|udma_subsystem_Z83:i_udma|udma_spim_top_19s_20s_6s_8s:i_spim_gen_0__i_spim|udma_dc_fifo_32s_8s:u_dc_cmd|dc_token_ring_fifo_din_32s_8s_1:u_din|dc_data_buffer_32s_8s:buffer|syn_mlab:data_mlab|i_pulpissimo_soc_domain_i_pulp_soc_i_soc_peripherals_i_i_udma_i_spim_gen_0__i_spim_u_dc_cmd_u_din_buffer_data_36_27_~MEMORYREGOUT
    Info (332098): From: pulpissimo_Z560:i_pulpissimo|soc_domain_Z559:soc_domain_i|pulp_soc_Z23:pulp_soc_i|soc_peripherals_Z84:soc_peripherals_i|udma_subsystem_Z83:i_udma|udma_spim_top_19s_20s_6s_8s:i_spim_gen_0__i_spim|udma_dc_fifo_32s_8s:u_dc_cmd|dc_token_ring_fifo_din_32s_8s_1:u_din|dc_data_buffer_32s_8s:buffer|syn_mlab:data_mlab|i_pulpissimo_soc_domain_i_pulp_soc_i_soc_peripherals_i_i_udma_i_spim_gen_0__i_spim_u_dc_cmd_u_din_buffer_data_37_28_~CLKMUX_0  to: pulpissimo_Z560:i_pulpissimo|soc_domain_Z559:soc_domain_i|pulp_soc_Z23:pulp_soc_i|soc_peripherals_Z84:soc_peripherals_i|udma_subsystem_Z83:i_udma|udma_spim_top_19s_20s_6s_8s:i_spim_gen_0__i_spim|udma_dc_fifo_32s_8s:u_dc_cmd|dc_token_ring_fifo_din_32s_8s_1:u_din|dc_data_buffer_32s_8s:buffer|syn_mlab:data_mlab|i_pulpissimo_soc_domain_i_pulp_soc_i_soc_peripherals_i_i_udma_i_spim_gen_0__i_spim_u_dc_cmd_u_din_buffer_data_37_28_~MEMORYREGOUT
    Info (332098): From: pulpissimo_Z560:i_pulpissimo|soc_domain_Z559:soc_domain_i|pulp_soc_Z23:pulp_soc_i|soc_peripherals_Z84:soc_peripherals_i|udma_subsystem_Z83:i_udma|udma_spim_top_19s_20s_6s_8s:i_spim_gen_0__i_spim|udma_dc_fifo_32s_8s:u_dc_cmd|dc_token_ring_fifo_din_32s_8s_1:u_din|dc_data_buffer_32s_8s:buffer|syn_mlab:data_mlab|i_pulpissimo_soc_domain_i_pulp_soc_i_soc_peripherals_i_i_udma_i_spim_gen_0__i_spim_u_dc_cmd_u_din_buffer_data_38_29_~CLKMUX_0  to: pulpissimo_Z560:i_pulpissimo|soc_domain_Z559:soc_domain_i|pulp_soc_Z23:pulp_soc_i|soc_peripherals_Z84:soc_peripherals_i|udma_subsystem_Z83:i_udma|udma_spim_top_19s_20s_6s_8s:i_spim_gen_0__i_spim|udma_dc_fifo_32s_8s:u_dc_cmd|dc_token_ring_fifo_din_32s_8s_1:u_din|dc_data_buffer_32s_8s:buffer|syn_mlab:data_mlab|i_pulpissimo_soc_domain_i_pulp_soc_i_soc_peripherals_i_i_udma_i_spim_gen_0__i_spim_u_dc_cmd_u_din_buffer_data_38_29_~MEMORYREGOUT
    Info (332098): From: pulpissimo_Z560:i_pulpissimo|soc_domain_Z559:soc_domain_i|pulp_soc_Z23:pulp_soc_i|soc_peripherals_Z84:soc_peripherals_i|udma_subsystem_Z83:i_udma|udma_spim_top_19s_20s_6s_8s:i_spim_gen_0__i_spim|udma_dc_fifo_32s_8s:u_dc_cmd|dc_token_ring_fifo_din_32s_8s_1:u_din|dc_data_buffer_32s_8s:buffer|syn_mlab:data_mlab|i_pulpissimo_soc_domain_i_pulp_soc_i_soc_peripherals_i_i_udma_i_spim_gen_0__i_spim_u_dc_cmd_u_din_buffer_data_39_30_~CLKMUX_0  to: pulpissimo_Z560:i_pulpissimo|soc_domain_Z559:soc_domain_i|pulp_soc_Z23:pulp_soc_i|soc_peripherals_Z84:soc_peripherals_i|udma_subsystem_Z83:i_udma|udma_spim_top_19s_20s_6s_8s:i_spim_gen_0__i_spim|udma_dc_fifo_32s_8s:u_dc_cmd|dc_token_ring_fifo_din_32s_8s_1:u_din|dc_data_buffer_32s_8s:buffer|syn_mlab:data_mlab|i_pulpissimo_soc_domain_i_pulp_soc_i_soc_peripherals_i_i_udma_i_spim_gen_0__i_spim_u_dc_cmd_u_din_buffer_data_39_30_~MEMORYREGOUT
    Info (332098): From: pulpissimo_Z560:i_pulpissimo|soc_domain_Z559:soc_domain_i|pulp_soc_Z23:pulp_soc_i|soc_peripherals_Z84:soc_peripherals_i|udma_subsystem_Z83:i_udma|udma_spim_top_19s_20s_6s_8s:i_spim_gen_0__i_spim|udma_dc_fifo_32s_8s:u_dc_cmd|dc_token_ring_fifo_din_32s_8s_1:u_din|dc_data_buffer_32s_8s:buffer|syn_mlab:data_mlab|i_pulpissimo_soc_domain_i_pulp_soc_i_soc_peripherals_i_i_udma_i_spim_gen_0__i_spim_u_dc_cmd_u_din_buffer_data_40_31_~CLKMUX_0  to: pulpissimo_Z560:i_pulpissimo|soc_domain_Z559:soc_domain_i|pulp_soc_Z23:pulp_soc_i|soc_peripherals_Z84:soc_peripherals_i|udma_subsystem_Z83:i_udma|udma_spim_top_19s_20s_6s_8s:i_spim_gen_0__i_spim|udma_dc_fifo_32s_8s:u_dc_cmd|dc_token_ring_fifo_din_32s_8s_1:u_din|dc_data_buffer_32s_8s:buffer|syn_mlab:data_mlab|i_pulpissimo_soc_domain_i_pulp_soc_i_soc_peripherals_i_i_udma_i_spim_gen_0__i_spim_u_dc_cmd_u_din_buffer_data_40_31_~MEMORYREGOUT
    Info (332098): From: pulpissimo_Z560:i_pulpissimo|soc_domain_Z559:soc_domain_i|pulp_soc_Z23:pulp_soc_i|soc_peripherals_Z84:soc_peripherals_i|udma_subsystem_Z83:i_udma|udma_spim_top_19s_20s_6s_8s:i_spim_gen_0__i_spim|udma_dc_fifo_32s_8s:u_dc_cmd|dc_token_ring_fifo_din_32s_8s_1:u_din|dc_data_buffer_32s_8s:buffer|syn_mlab:data_mlab|i_pulpissimo_soc_domain_i_pulp_soc_i_soc_peripherals_i_i_udma_i_spim_gen_0__i_spim_u_dc_cmd_u_din_buffer_data_9_0_~CLKMUX_0  to: pulpissimo_Z560:i_pulpissimo|soc_domain_Z559:soc_domain_i|pulp_soc_Z23:pulp_soc_i|soc_peripherals_Z84:soc_peripherals_i|udma_subsystem_Z83:i_udma|udma_spim_top_19s_20s_6s_8s:i_spim_gen_0__i_spim|udma_dc_fifo_32s_8s:u_dc_cmd|dc_token_ring_fifo_din_32s_8s_1:u_din|dc_data_buffer_32s_8s:buffer|syn_mlab:data_mlab|i_pulpissimo_soc_domain_i_pulp_soc_i_soc_peripherals_i_i_udma_i_spim_gen_0__i_spim_u_dc_cmd_u_din_buffer_data_9_0_~MEMORYREGOUT
    Info (332098): From: pulpissimo_Z560:i_pulpissimo|soc_domain_Z559:soc_domain_i|pulp_soc_Z23:pulp_soc_i|soc_peripherals_Z84:soc_peripherals_i|udma_subsystem_Z83:i_udma|udma_spim_top_19s_20s_6s_8s:i_spim_gen_0__i_spim|udma_dc_fifo_32s_8s_1:u_dc_tx|dc_token_ring_fifo_din_32s_8s_1_0:u_din|dc_data_buffer_32s_8s_0:buffer|syn_mlab_0:data_mlab|i_pulpissimo_soc_domain_i_pulp_soc_i_soc_peripherals_i_i_udma_i_spim_gen_0__i_spim_u_dc_tx_u_din_buffer_data_41_0_~CLKMUX_0  to: pulpissimo_Z560:i_pulpissimo|soc_domain_Z559:soc_domain_i|pulp_soc_Z23:pulp_soc_i|soc_peripherals_Z84:soc_peripherals_i|udma_subsystem_Z83:i_udma|udma_spim_top_19s_20s_6s_8s:i_spim_gen_0__i_spim|udma_dc_fifo_32s_8s_1:u_dc_tx|dc_token_ring_fifo_din_32s_8s_1_0:u_din|dc_data_buffer_32s_8s_0:buffer|syn_mlab_0:data_mlab|i_pulpissimo_soc_domain_i_pulp_soc_i_soc_peripherals_i_i_udma_i_spim_gen_0__i_spim_u_dc_tx_u_din_buffer_data_41_0_~MEMORYREGOUT
    Info (332098): From: pulpissimo_Z560:i_pulpissimo|soc_domain_Z559:soc_domain_i|pulp_soc_Z23:pulp_soc_i|soc_peripherals_Z84:soc_peripherals_i|udma_subsystem_Z83:i_udma|udma_spim_top_19s_20s_6s_8s:i_spim_gen_0__i_spim|udma_dc_fifo_32s_8s_1:u_dc_tx|dc_token_ring_fifo_din_32s_8s_1_0:u_din|dc_data_buffer_32s_8s_0:buffer|syn_mlab_0:data_mlab|i_pulpissimo_soc_domain_i_pulp_soc_i_soc_peripherals_i_i_udma_i_spim_gen_0__i_spim_u_dc_tx_u_din_buffer_data_42_1_~CLKMUX_0  to: pulpissimo_Z560:i_pulpissimo|soc_domain_Z559:soc_domain_i|pulp_soc_Z23:pulp_soc_i|soc_peripherals_Z84:soc_peripherals_i|udma_subsystem_Z83:i_udma|udma_spim_top_19s_20s_6s_8s:i_spim_gen_0__i_spim|udma_dc_fifo_32s_8s_1:u_dc_tx|dc_token_ring_fifo_din_32s_8s_1_0:u_din|dc_data_buffer_32s_8s_0:buffer|syn_mlab_0:data_mlab|i_pulpissimo_soc_domain_i_pulp_soc_i_soc_peripherals_i_i_udma_i_spim_gen_0__i_spim_u_dc_tx_u_din_buffer_data_42_1_~MEMORYREGOUT
    Info (332098): From: pulpissimo_Z560:i_pulpissimo|soc_domain_Z559:soc_domain_i|pulp_soc_Z23:pulp_soc_i|soc_peripherals_Z84:soc_peripherals_i|udma_subsystem_Z83:i_udma|udma_spim_top_19s_20s_6s_8s:i_spim_gen_0__i_spim|udma_dc_fifo_32s_8s_1:u_dc_tx|dc_token_ring_fifo_din_32s_8s_1_0:u_din|dc_data_buffer_32s_8s_0:buffer|syn_mlab_0:data_mlab|i_pulpissimo_soc_domain_i_pulp_soc_i_soc_peripherals_i_i_udma_i_spim_gen_0__i_spim_u_dc_tx_u_din_buffer_data_43_2_~CLKMUX_0  to: pulpissimo_Z560:i_pulpissimo|soc_domain_Z559:soc_domain_i|pulp_soc_Z23:pulp_soc_i|soc_peripherals_Z84:soc_peripherals_i|udma_subsystem_Z83:i_udma|udma_spim_top_19s_20s_6s_8s:i_spim_gen_0__i_spim|udma_dc_fifo_32s_8s_1:u_dc_tx|dc_token_ring_fifo_din_32s_8s_1_0:u_din|dc_data_buffer_32s_8s_0:buffer|syn_mlab_0:data_mlab|i_pulpissimo_soc_domain_i_pulp_soc_i_soc_peripherals_i_i_udma_i_spim_gen_0__i_spim_u_dc_tx_u_din_buffer_data_43_2_~MEMORYREGOUT
    Info (332098): From: pulpissimo_Z560:i_pulpissimo|soc_domain_Z559:soc_domain_i|pulp_soc_Z23:pulp_soc_i|soc_peripherals_Z84:soc_peripherals_i|udma_subsystem_Z83:i_udma|udma_spim_top_19s_20s_6s_8s:i_spim_gen_0__i_spim|udma_dc_fifo_32s_8s_1:u_dc_tx|dc_token_ring_fifo_din_32s_8s_1_0:u_din|dc_data_buffer_32s_8s_0:buffer|syn_mlab_0:data_mlab|i_pulpissimo_soc_domain_i_pulp_soc_i_soc_peripherals_i_i_udma_i_spim_gen_0__i_spim_u_dc_tx_u_din_buffer_data_44_3_~CLKMUX_0  to: pulpissimo_Z560:i_pulpissimo|soc_domain_Z559:soc_domain_i|pulp_soc_Z23:pulp_soc_i|soc_peripherals_Z84:soc_peripherals_i|udma_subsystem_Z83:i_udma|udma_spim_top_19s_20s_6s_8s:i_spim_gen_0__i_spim|udma_dc_fifo_32s_8s_1:u_dc_tx|dc_token_ring_fifo_din_32s_8s_1_0:u_din|dc_data_buffer_32s_8s_0:buffer|syn_mlab_0:data_mlab|i_pulpissimo_soc_domain_i_pulp_soc_i_soc_peripherals_i_i_udma_i_spim_gen_0__i_spim_u_dc_tx_u_din_buffer_data_44_3_~MEMORYREGOUT
    Info (332098): From: pulpissimo_Z560:i_pulpissimo|soc_domain_Z559:soc_domain_i|pulp_soc_Z23:pulp_soc_i|soc_peripherals_Z84:soc_peripherals_i|udma_subsystem_Z83:i_udma|udma_spim_top_19s_20s_6s_8s:i_spim_gen_0__i_spim|udma_dc_fifo_32s_8s_1:u_dc_tx|dc_token_ring_fifo_din_32s_8s_1_0:u_din|dc_data_buffer_32s_8s_0:buffer|syn_mlab_0:data_mlab|i_pulpissimo_soc_domain_i_pulp_soc_i_soc_peripherals_i_i_udma_i_spim_gen_0__i_spim_u_dc_tx_u_din_buffer_data_45_4_~CLKMUX_0  to: pulpissimo_Z560:i_pulpissimo|soc_domain_Z559:soc_domain_i|pulp_soc_Z23:pulp_soc_i|soc_peripherals_Z84:soc_peripherals_i|udma_subsystem_Z83:i_udma|udma_spim_top_19s_20s_6s_8s:i_spim_gen_0__i_spim|udma_dc_fifo_32s_8s_1:u_dc_tx|dc_token_ring_fifo_din_32s_8s_1_0:u_din|dc_data_buffer_32s_8s_0:buffer|syn_mlab_0:data_mlab|i_pulpissimo_soc_domain_i_pulp_soc_i_soc_peripherals_i_i_udma_i_spim_gen_0__i_spim_u_dc_tx_u_din_buffer_data_45_4_~MEMORYREGOUT
    Info (332098): From: pulpissimo_Z560:i_pulpissimo|soc_domain_Z559:soc_domain_i|pulp_soc_Z23:pulp_soc_i|soc_peripherals_Z84:soc_peripherals_i|udma_subsystem_Z83:i_udma|udma_spim_top_19s_20s_6s_8s:i_spim_gen_0__i_spim|udma_dc_fifo_32s_8s_1:u_dc_tx|dc_token_ring_fifo_din_32s_8s_1_0:u_din|dc_data_buffer_32s_8s_0:buffer|syn_mlab_0:data_mlab|i_pulpissimo_soc_domain_i_pulp_soc_i_soc_peripherals_i_i_udma_i_spim_gen_0__i_spim_u_dc_tx_u_din_buffer_data_46_5_~CLKMUX_0  to: pulpissimo_Z560:i_pulpissimo|soc_domain_Z559:soc_domain_i|pulp_soc_Z23:pulp_soc_i|soc_peripherals_Z84:soc_peripherals_i|udma_subsystem_Z83:i_udma|udma_spim_top_19s_20s_6s_8s:i_spim_gen_0__i_spim|udma_dc_fifo_32s_8s_1:u_dc_tx|dc_token_ring_fifo_din_32s_8s_1_0:u_din|dc_data_buffer_32s_8s_0:buffer|syn_mlab_0:data_mlab|i_pulpissimo_soc_domain_i_pulp_soc_i_soc_peripherals_i_i_udma_i_spim_gen_0__i_spim_u_dc_tx_u_din_buffer_data_46_5_~MEMORYREGOUT
    Info (332098): From: pulpissimo_Z560:i_pulpissimo|soc_domain_Z559:soc_domain_i|pulp_soc_Z23:pulp_soc_i|soc_peripherals_Z84:soc_peripherals_i|udma_subsystem_Z83:i_udma|udma_spim_top_19s_20s_6s_8s:i_spim_gen_0__i_spim|udma_dc_fifo_32s_8s_1:u_dc_tx|dc_token_ring_fifo_din_32s_8s_1_0:u_din|dc_data_buffer_32s_8s_0:buffer|syn_mlab_0:data_mlab|i_pulpissimo_soc_domain_i_pulp_soc_i_soc_peripherals_i_i_udma_i_spim_gen_0__i_spim_u_dc_tx_u_din_buffer_data_47_6_~CLKMUX_0  to: pulpissimo_Z560:i_pulpissimo|soc_domain_Z559:soc_domain_i|pulp_soc_Z23:pulp_soc_i|soc_peripherals_Z84:soc_peripherals_i|udma_subsystem_Z83:i_udma|udma_spim_top_19s_20s_6s_8s:i_spim_gen_0__i_spim|udma_dc_fifo_32s_8s_1:u_dc_tx|dc_token_ring_fifo_din_32s_8s_1_0:u_din|dc_data_buffer_32s_8s_0:buffer|syn_mlab_0:data_mlab|i_pulpissimo_soc_domain_i_pulp_soc_i_soc_peripherals_i_i_udma_i_spim_gen_0__i_spim_u_dc_tx_u_din_buffer_data_47_6_~MEMORYREGOUT
    Info (332098): From: pulpissimo_Z560:i_pulpissimo|soc_domain_Z559:soc_domain_i|pulp_soc_Z23:pulp_soc_i|soc_peripherals_Z84:soc_peripherals_i|udma_subsystem_Z83:i_udma|udma_spim_top_19s_20s_6s_8s:i_spim_gen_0__i_spim|udma_dc_fifo_32s_8s_1:u_dc_tx|dc_token_ring_fifo_din_32s_8s_1_0:u_din|dc_data_buffer_32s_8s_0:buffer|syn_mlab_0:data_mlab|i_pulpissimo_soc_domain_i_pulp_soc_i_soc_peripherals_i_i_udma_i_spim_gen_0__i_spim_u_dc_tx_u_din_buffer_data_48_7_~CLKMUX_0  to: pulpissimo_Z560:i_pulpissimo|soc_domain_Z559:soc_domain_i|pulp_soc_Z23:pulp_soc_i|soc_peripherals_Z84:soc_peripherals_i|udma_subsystem_Z83:i_udma|udma_spim_top_19s_20s_6s_8s:i_spim_gen_0__i_spim|udma_dc_fifo_32s_8s_1:u_dc_tx|dc_token_ring_fifo_din_32s_8s_1_0:u_din|dc_data_buffer_32s_8s_0:buffer|syn_mlab_0:data_mlab|i_pulpissimo_soc_domain_i_pulp_soc_i_soc_peripherals_i_i_udma_i_spim_gen_0__i_spim_u_dc_tx_u_din_buffer_data_48_7_~MEMORYREGOUT
    Info (332098): From: pulpissimo_Z560:i_pulpissimo|soc_domain_Z559:soc_domain_i|pulp_soc_Z23:pulp_soc_i|soc_peripherals_Z84:soc_peripherals_i|udma_subsystem_Z83:i_udma|udma_spim_top_19s_20s_6s_8s:i_spim_gen_0__i_spim|udma_dc_fifo_32s_8s_1:u_dc_tx|dc_token_ring_fifo_din_32s_8s_1_0:u_din|dc_data_buffer_32s_8s_0:buffer|syn_mlab_0:data_mlab|i_pulpissimo_soc_domain_i_pulp_soc_i_soc_peripherals_i_i_udma_i_spim_gen_0__i_spim_u_dc_tx_u_din_buffer_data_49_8_~CLKMUX_0  to: pulpissimo_Z560:i_pulpissimo|soc_domain_Z559:soc_domain_i|pulp_soc_Z23:pulp_soc_i|soc_peripherals_Z84:soc_peripherals_i|udma_subsystem_Z83:i_udma|udma_spim_top_19s_20s_6s_8s:i_spim_gen_0__i_spim|udma_dc_fifo_32s_8s_1:u_dc_tx|dc_token_ring_fifo_din_32s_8s_1_0:u_din|dc_data_buffer_32s_8s_0:buffer|syn_mlab_0:data_mlab|i_pulpissimo_soc_domain_i_pulp_soc_i_soc_peripherals_i_i_udma_i_spim_gen_0__i_spim_u_dc_tx_u_din_buffer_data_49_8_~MEMORYREGOUT
    Info (332098): From: pulpissimo_Z560:i_pulpissimo|soc_domain_Z559:soc_domain_i|pulp_soc_Z23:pulp_soc_i|soc_peripherals_Z84:soc_peripherals_i|udma_subsystem_Z83:i_udma|udma_spim_top_19s_20s_6s_8s:i_spim_gen_0__i_spim|udma_dc_fifo_32s_8s_1:u_dc_tx|dc_token_ring_fifo_din_32s_8s_1_0:u_din|dc_data_buffer_32s_8s_0:buffer|syn_mlab_0:data_mlab|i_pulpissimo_soc_domain_i_pulp_soc_i_soc_peripherals_i_i_udma_i_spim_gen_0__i_spim_u_dc_tx_u_din_buffer_data_50_9_~CLKMUX_0  to: pulpissimo_Z560:i_pulpissimo|soc_domain_Z559:soc_domain_i|pulp_soc_Z23:pulp_soc_i|soc_peripherals_Z84:soc_peripherals_i|udma_subsystem_Z83:i_udma|udma_spim_top_19s_20s_6s_8s:i_spim_gen_0__i_spim|udma_dc_fifo_32s_8s_1:u_dc_tx|dc_token_ring_fifo_din_32s_8s_1_0:u_din|dc_data_buffer_32s_8s_0:buffer|syn_mlab_0:data_mlab|i_pulpissimo_soc_domain_i_pulp_soc_i_soc_peripherals_i_i_udma_i_spim_gen_0__i_spim_u_dc_tx_u_din_buffer_data_50_9_~MEMORYREGOUT
    Info (332098): From: pulpissimo_Z560:i_pulpissimo|soc_domain_Z559:soc_domain_i|pulp_soc_Z23:pulp_soc_i|soc_peripherals_Z84:soc_peripherals_i|udma_subsystem_Z83:i_udma|udma_spim_top_19s_20s_6s_8s:i_spim_gen_0__i_spim|udma_dc_fifo_32s_8s_1:u_dc_tx|dc_token_ring_fifo_din_32s_8s_1_0:u_din|dc_data_buffer_32s_8s_0:buffer|syn_mlab_0:data_mlab|i_pulpissimo_soc_domain_i_pulp_soc_i_soc_peripherals_i_i_udma_i_spim_gen_0__i_spim_u_dc_tx_u_din_buffer_data_51_10_~CLKMUX_0  to: pulpissimo_Z560:i_pulpissimo|soc_domain_Z559:soc_domain_i|pulp_soc_Z23:pulp_soc_i|soc_peripherals_Z84:soc_peripherals_i|udma_subsystem_Z83:i_udma|udma_spim_top_19s_20s_6s_8s:i_spim_gen_0__i_spim|udma_dc_fifo_32s_8s_1:u_dc_tx|dc_token_ring_fifo_din_32s_8s_1_0:u_din|dc_data_buffer_32s_8s_0:buffer|syn_mlab_0:data_mlab|i_pulpissimo_soc_domain_i_pulp_soc_i_soc_peripherals_i_i_udma_i_spim_gen_0__i_spim_u_dc_tx_u_din_buffer_data_51_10_~MEMORYREGOUT
    Info (332098): From: pulpissimo_Z560:i_pulpissimo|soc_domain_Z559:soc_domain_i|pulp_soc_Z23:pulp_soc_i|soc_peripherals_Z84:soc_peripherals_i|udma_subsystem_Z83:i_udma|udma_spim_top_19s_20s_6s_8s:i_spim_gen_0__i_spim|udma_dc_fifo_32s_8s_1:u_dc_tx|dc_token_ring_fifo_din_32s_8s_1_0:u_din|dc_data_buffer_32s_8s_0:buffer|syn_mlab_0:data_mlab|i_pulpissimo_soc_domain_i_pulp_soc_i_soc_peripherals_i_i_udma_i_spim_gen_0__i_spim_u_dc_tx_u_din_buffer_data_52_11_~CLKMUX_0  to: pulpissimo_Z560:i_pulpissimo|soc_domain_Z559:soc_domain_i|pulp_soc_Z23:pulp_soc_i|soc_peripherals_Z84:soc_peripherals_i|udma_subsystem_Z83:i_udma|udma_spim_top_19s_20s_6s_8s:i_spim_gen_0__i_spim|udma_dc_fifo_32s_8s_1:u_dc_tx|dc_token_ring_fifo_din_32s_8s_1_0:u_din|dc_data_buffer_32s_8s_0:buffer|syn_mlab_0:data_mlab|i_pulpissimo_soc_domain_i_pulp_soc_i_soc_peripherals_i_i_udma_i_spim_gen_0__i_spim_u_dc_tx_u_din_buffer_data_52_11_~MEMORYREGOUT
    Info (332098): From: pulpissimo_Z560:i_pulpissimo|soc_domain_Z559:soc_domain_i|pulp_soc_Z23:pulp_soc_i|soc_peripherals_Z84:soc_peripherals_i|udma_subsystem_Z83:i_udma|udma_spim_top_19s_20s_6s_8s:i_spim_gen_0__i_spim|udma_dc_fifo_32s_8s_1:u_dc_tx|dc_token_ring_fifo_din_32s_8s_1_0:u_din|dc_data_buffer_32s_8s_0:buffer|syn_mlab_0:data_mlab|i_pulpissimo_soc_domain_i_pulp_soc_i_soc_peripherals_i_i_udma_i_spim_gen_0__i_spim_u_dc_tx_u_din_buffer_data_53_12_~CLKMUX_0  to: pulpissimo_Z560:i_pulpissimo|soc_domain_Z559:soc_domain_i|pulp_soc_Z23:pulp_soc_i|soc_peripherals_Z84:soc_peripherals_i|udma_subsystem_Z83:i_udma|udma_spim_top_19s_20s_6s_8s:i_spim_gen_0__i_spim|udma_dc_fifo_32s_8s_1:u_dc_tx|dc_token_ring_fifo_din_32s_8s_1_0:u_din|dc_data_buffer_32s_8s_0:buffer|syn_mlab_0:data_mlab|i_pulpissimo_soc_domain_i_pulp_soc_i_soc_peripherals_i_i_udma_i_spim_gen_0__i_spim_u_dc_tx_u_din_buffer_data_53_12_~MEMORYREGOUT
    Info (332098): From: pulpissimo_Z560:i_pulpissimo|soc_domain_Z559:soc_domain_i|pulp_soc_Z23:pulp_soc_i|soc_peripherals_Z84:soc_peripherals_i|udma_subsystem_Z83:i_udma|udma_spim_top_19s_20s_6s_8s:i_spim_gen_0__i_spim|udma_dc_fifo_32s_8s_1:u_dc_tx|dc_token_ring_fifo_din_32s_8s_1_0:u_din|dc_data_buffer_32s_8s_0:buffer|syn_mlab_0:data_mlab|i_pulpissimo_soc_domain_i_pulp_soc_i_soc_peripherals_i_i_udma_i_spim_gen_0__i_spim_u_dc_tx_u_din_buffer_data_54_13_~CLKMUX_0  to: pulpissimo_Z560:i_pulpissimo|soc_domain_Z559:soc_domain_i|pulp_soc_Z23:pulp_soc_i|soc_peripherals_Z84:soc_peripherals_i|udma_subsystem_Z83:i_udma|udma_spim_top_19s_20s_6s_8s:i_spim_gen_0__i_spim|udma_dc_fifo_32s_8s_1:u_dc_tx|dc_token_ring_fifo_din_32s_8s_1_0:u_din|dc_data_buffer_32s_8s_0:buffer|syn_mlab_0:data_mlab|i_pulpissimo_soc_domain_i_pulp_soc_i_soc_peripherals_i_i_udma_i_spim_gen_0__i_spim_u_dc_tx_u_din_buffer_data_54_13_~MEMORYREGOUT
    Info (332098): From: pulpissimo_Z560:i_pulpissimo|soc_domain_Z559:soc_domain_i|pulp_soc_Z23:pulp_soc_i|soc_peripherals_Z84:soc_peripherals_i|udma_subsystem_Z83:i_udma|udma_spim_top_19s_20s_6s_8s:i_spim_gen_0__i_spim|udma_dc_fifo_32s_8s_1:u_dc_tx|dc_token_ring_fifo_din_32s_8s_1_0:u_din|dc_data_buffer_32s_8s_0:buffer|syn_mlab_0:data_mlab|i_pulpissimo_soc_domain_i_pulp_soc_i_soc_peripherals_i_i_udma_i_spim_gen_0__i_spim_u_dc_tx_u_din_buffer_data_55_14_~CLKMUX_0  to: pulpissimo_Z560:i_pulpissimo|soc_domain_Z559:soc_domain_i|pulp_soc_Z23:pulp_soc_i|soc_peripherals_Z84:soc_peripherals_i|udma_subsystem_Z83:i_udma|udma_spim_top_19s_20s_6s_8s:i_spim_gen_0__i_spim|udma_dc_fifo_32s_8s_1:u_dc_tx|dc_token_ring_fifo_din_32s_8s_1_0:u_din|dc_data_buffer_32s_8s_0:buffer|syn_mlab_0:data_mlab|i_pulpissimo_soc_domain_i_pulp_soc_i_soc_peripherals_i_i_udma_i_spim_gen_0__i_spim_u_dc_tx_u_din_buffer_data_55_14_~MEMORYREGOUT
    Info (332098): From: pulpissimo_Z560:i_pulpissimo|soc_domain_Z559:soc_domain_i|pulp_soc_Z23:pulp_soc_i|soc_peripherals_Z84:soc_peripherals_i|udma_subsystem_Z83:i_udma|udma_spim_top_19s_20s_6s_8s:i_spim_gen_0__i_spim|udma_dc_fifo_32s_8s_1:u_dc_tx|dc_token_ring_fifo_din_32s_8s_1_0:u_din|dc_data_buffer_32s_8s_0:buffer|syn_mlab_0:data_mlab|i_pulpissimo_soc_domain_i_pulp_soc_i_soc_peripherals_i_i_udma_i_spim_gen_0__i_spim_u_dc_tx_u_din_buffer_data_56_15_~CLKMUX_0  to: pulpissimo_Z560:i_pulpissimo|soc_domain_Z559:soc_domain_i|pulp_soc_Z23:pulp_soc_i|soc_peripherals_Z84:soc_peripherals_i|udma_subsystem_Z83:i_udma|udma_spim_top_19s_20s_6s_8s:i_spim_gen_0__i_spim|udma_dc_fifo_32s_8s_1:u_dc_tx|dc_token_ring_fifo_din_32s_8s_1_0:u_din|dc_data_buffer_32s_8s_0:buffer|syn_mlab_0:data_mlab|i_pulpissimo_soc_domain_i_pulp_soc_i_soc_peripherals_i_i_udma_i_spim_gen_0__i_spim_u_dc_tx_u_din_buffer_data_56_15_~MEMORYREGOUT
    Info (332098): From: pulpissimo_Z560:i_pulpissimo|soc_domain_Z559:soc_domain_i|pulp_soc_Z23:pulp_soc_i|soc_peripherals_Z84:soc_peripherals_i|udma_subsystem_Z83:i_udma|udma_spim_top_19s_20s_6s_8s:i_spim_gen_0__i_spim|udma_dc_fifo_32s_8s_1:u_dc_tx|dc_token_ring_fifo_din_32s_8s_1_0:u_din|dc_data_buffer_32s_8s_0:buffer|syn_mlab_0:data_mlab|i_pulpissimo_soc_domain_i_pulp_soc_i_soc_peripherals_i_i_udma_i_spim_gen_0__i_spim_u_dc_tx_u_din_buffer_data_57_16_~CLKMUX_0  to: pulpissimo_Z560:i_pulpissimo|soc_domain_Z559:soc_domain_i|pulp_soc_Z23:pulp_soc_i|soc_peripherals_Z84:soc_peripherals_i|udma_subsystem_Z83:i_udma|udma_spim_top_19s_20s_6s_8s:i_spim_gen_0__i_spim|udma_dc_fifo_32s_8s_1:u_dc_tx|dc_token_ring_fifo_din_32s_8s_1_0:u_din|dc_data_buffer_32s_8s_0:buffer|syn_mlab_0:data_mlab|i_pulpissimo_soc_domain_i_pulp_soc_i_soc_peripherals_i_i_udma_i_spim_gen_0__i_spim_u_dc_tx_u_din_buffer_data_57_16_~MEMORYREGOUT
    Info (332098): From: pulpissimo_Z560:i_pulpissimo|soc_domain_Z559:soc_domain_i|pulp_soc_Z23:pulp_soc_i|soc_peripherals_Z84:soc_peripherals_i|udma_subsystem_Z83:i_udma|udma_spim_top_19s_20s_6s_8s:i_spim_gen_0__i_spim|udma_dc_fifo_32s_8s_1:u_dc_tx|dc_token_ring_fifo_din_32s_8s_1_0:u_din|dc_data_buffer_32s_8s_0:buffer|syn_mlab_0:data_mlab|i_pulpissimo_soc_domain_i_pulp_soc_i_soc_peripherals_i_i_udma_i_spim_gen_0__i_spim_u_dc_tx_u_din_buffer_data_58_17_~CLKMUX_0  to: pulpissimo_Z560:i_pulpissimo|soc_domain_Z559:soc_domain_i|pulp_soc_Z23:pulp_soc_i|soc_peripherals_Z84:soc_peripherals_i|udma_subsystem_Z83:i_udma|udma_spim_top_19s_20s_6s_8s:i_spim_gen_0__i_spim|udma_dc_fifo_32s_8s_1:u_dc_tx|dc_token_ring_fifo_din_32s_8s_1_0:u_din|dc_data_buffer_32s_8s_0:buffer|syn_mlab_0:data_mlab|i_pulpissimo_soc_domain_i_pulp_soc_i_soc_peripherals_i_i_udma_i_spim_gen_0__i_spim_u_dc_tx_u_din_buffer_data_58_17_~MEMORYREGOUT
    Info (332098): From: pulpissimo_Z560:i_pulpissimo|soc_domain_Z559:soc_domain_i|pulp_soc_Z23:pulp_soc_i|soc_peripherals_Z84:soc_peripherals_i|udma_subsystem_Z83:i_udma|udma_spim_top_19s_20s_6s_8s:i_spim_gen_0__i_spim|udma_dc_fifo_32s_8s_1:u_dc_tx|dc_token_ring_fifo_din_32s_8s_1_0:u_din|dc_data_buffer_32s_8s_0:buffer|syn_mlab_0:data_mlab|i_pulpissimo_soc_domain_i_pulp_soc_i_soc_peripherals_i_i_udma_i_spim_gen_0__i_spim_u_dc_tx_u_din_buffer_data_59_18_~CLKMUX_0  to: pulpissimo_Z560:i_pulpissimo|soc_domain_Z559:soc_domain_i|pulp_soc_Z23:pulp_soc_i|soc_peripherals_Z84:soc_peripherals_i|udma_subsystem_Z83:i_udma|udma_spim_top_19s_20s_6s_8s:i_spim_gen_0__i_spim|udma_dc_fifo_32s_8s_1:u_dc_tx|dc_token_ring_fifo_din_32s_8s_1_0:u_din|dc_data_buffer_32s_8s_0:buffer|syn_mlab_0:data_mlab|i_pulpissimo_soc_domain_i_pulp_soc_i_soc_peripherals_i_i_udma_i_spim_gen_0__i_spim_u_dc_tx_u_din_buffer_data_59_18_~MEMORYREGOUT
    Info (332098): From: pulpissimo_Z560:i_pulpissimo|soc_domain_Z559:soc_domain_i|pulp_soc_Z23:pulp_soc_i|soc_peripherals_Z84:soc_peripherals_i|udma_subsystem_Z83:i_udma|udma_spim_top_19s_20s_6s_8s:i_spim_gen_0__i_spim|udma_dc_fifo_32s_8s_1:u_dc_tx|dc_token_ring_fifo_din_32s_8s_1_0:u_din|dc_data_buffer_32s_8s_0:buffer|syn_mlab_0:data_mlab|i_pulpissimo_soc_domain_i_pulp_soc_i_soc_peripherals_i_i_udma_i_spim_gen_0__i_spim_u_dc_tx_u_din_buffer_data_60_19_~CLKMUX_0  to: pulpissimo_Z560:i_pulpissimo|soc_domain_Z559:soc_domain_i|pulp_soc_Z23:pulp_soc_i|soc_peripherals_Z84:soc_peripherals_i|udma_subsystem_Z83:i_udma|udma_spim_top_19s_20s_6s_8s:i_spim_gen_0__i_spim|udma_dc_fifo_32s_8s_1:u_dc_tx|dc_token_ring_fifo_din_32s_8s_1_0:u_din|dc_data_buffer_32s_8s_0:buffer|syn_mlab_0:data_mlab|i_pulpissimo_soc_domain_i_pulp_soc_i_soc_peripherals_i_i_udma_i_spim_gen_0__i_spim_u_dc_tx_u_din_buffer_data_60_19_~MEMORYREGOUT
    Info (332098): From: pulpissimo_Z560:i_pulpissimo|soc_domain_Z559:soc_domain_i|pulp_soc_Z23:pulp_soc_i|soc_peripherals_Z84:soc_peripherals_i|udma_subsystem_Z83:i_udma|udma_spim_top_19s_20s_6s_8s:i_spim_gen_0__i_spim|udma_dc_fifo_32s_8s_1:u_dc_tx|dc_token_ring_fifo_din_32s_8s_1_0:u_din|dc_data_buffer_32s_8s_0:buffer|syn_mlab_0:data_mlab|i_pulpissimo_soc_domain_i_pulp_soc_i_soc_peripherals_i_i_udma_i_spim_gen_0__i_spim_u_dc_tx_u_din_buffer_data_61_20_~CLKMUX_0  to: pulpissimo_Z560:i_pulpissimo|soc_domain_Z559:soc_domain_i|pulp_soc_Z23:pulp_soc_i|soc_peripherals_Z84:soc_peripherals_i|udma_subsystem_Z83:i_udma|udma_spim_top_19s_20s_6s_8s:i_spim_gen_0__i_spim|udma_dc_fifo_32s_8s_1:u_dc_tx|dc_token_ring_fifo_din_32s_8s_1_0:u_din|dc_data_buffer_32s_8s_0:buffer|syn_mlab_0:data_mlab|i_pulpissimo_soc_domain_i_pulp_soc_i_soc_peripherals_i_i_udma_i_spim_gen_0__i_spim_u_dc_tx_u_din_buffer_data_61_20_~MEMORYREGOUT
    Info (332098): From: pulpissimo_Z560:i_pulpissimo|soc_domain_Z559:soc_domain_i|pulp_soc_Z23:pulp_soc_i|soc_peripherals_Z84:soc_peripherals_i|udma_subsystem_Z83:i_udma|udma_spim_top_19s_20s_6s_8s:i_spim_gen_0__i_spim|udma_dc_fifo_32s_8s_1:u_dc_tx|dc_token_ring_fifo_din_32s_8s_1_0:u_din|dc_data_buffer_32s_8s_0:buffer|syn_mlab_0:data_mlab|i_pulpissimo_soc_domain_i_pulp_soc_i_soc_peripherals_i_i_udma_i_spim_gen_0__i_spim_u_dc_tx_u_din_buffer_data_62_21_~CLKMUX_0  to: pulpissimo_Z560:i_pulpissimo|soc_domain_Z559:soc_domain_i|pulp_soc_Z23:pulp_soc_i|soc_peripherals_Z84:soc_peripherals_i|udma_subsystem_Z83:i_udma|udma_spim_top_19s_20s_6s_8s:i_spim_gen_0__i_spim|udma_dc_fifo_32s_8s_1:u_dc_tx|dc_token_ring_fifo_din_32s_8s_1_0:u_din|dc_data_buffer_32s_8s_0:buffer|syn_mlab_0:data_mlab|i_pulpissimo_soc_domain_i_pulp_soc_i_soc_peripherals_i_i_udma_i_spim_gen_0__i_spim_u_dc_tx_u_din_buffer_data_62_21_~MEMORYREGOUT
    Info (332098): From: pulpissimo_Z560:i_pulpissimo|soc_domain_Z559:soc_domain_i|pulp_soc_Z23:pulp_soc_i|soc_peripherals_Z84:soc_peripherals_i|udma_subsystem_Z83:i_udma|udma_spim_top_19s_20s_6s_8s:i_spim_gen_0__i_spim|udma_dc_fifo_32s_8s_1:u_dc_tx|dc_token_ring_fifo_din_32s_8s_1_0:u_din|dc_data_buffer_32s_8s_0:buffer|syn_mlab_0:data_mlab|i_pulpissimo_soc_domain_i_pulp_soc_i_soc_peripherals_i_i_udma_i_spim_gen_0__i_spim_u_dc_tx_u_din_buffer_data_63_22_~CLKMUX_0  to: pulpissimo_Z560:i_pulpissimo|soc_domain_Z559:soc_domain_i|pulp_soc_Z23:pulp_soc_i|soc_peripherals_Z84:soc_peripherals_i|udma_subsystem_Z83:i_udma|udma_spim_top_19s_20s_6s_8s:i_spim_gen_0__i_spim|udma_dc_fifo_32s_8s_1:u_dc_tx|dc_token_ring_fifo_din_32s_8s_1_0:u_din|dc_data_buffer_32s_8s_0:buffer|syn_mlab_0:data_mlab|i_pulpissimo_soc_domain_i_pulp_soc_i_soc_peripherals_i_i_udma_i_spim_gen_0__i_spim_u_dc_tx_u_din_buffer_data_63_22_~MEMORYREGOUT
    Info (332098): From: pulpissimo_Z560:i_pulpissimo|soc_domain_Z559:soc_domain_i|pulp_soc_Z23:pulp_soc_i|soc_peripherals_Z84:soc_peripherals_i|udma_subsystem_Z83:i_udma|udma_spim_top_19s_20s_6s_8s:i_spim_gen_0__i_spim|udma_dc_fifo_32s_8s_1:u_dc_tx|dc_token_ring_fifo_din_32s_8s_1_0:u_din|dc_data_buffer_32s_8s_0:buffer|syn_mlab_0:data_mlab|i_pulpissimo_soc_domain_i_pulp_soc_i_soc_peripherals_i_i_udma_i_spim_gen_0__i_spim_u_dc_tx_u_din_buffer_data_64_23_~CLKMUX_0  to: pulpissimo_Z560:i_pulpissimo|soc_domain_Z559:soc_domain_i|pulp_soc_Z23:pulp_soc_i|soc_peripherals_Z84:soc_peripherals_i|udma_subsystem_Z83:i_udma|udma_spim_top_19s_20s_6s_8s:i_spim_gen_0__i_spim|udma_dc_fifo_32s_8s_1:u_dc_tx|dc_token_ring_fifo_din_32s_8s_1_0:u_din|dc_data_buffer_32s_8s_0:buffer|syn_mlab_0:data_mlab|i_pulpissimo_soc_domain_i_pulp_soc_i_soc_peripherals_i_i_udma_i_spim_gen_0__i_spim_u_dc_tx_u_din_buffer_data_64_23_~MEMORYREGOUT
    Info (332098): From: pulpissimo_Z560:i_pulpissimo|soc_domain_Z559:soc_domain_i|pulp_soc_Z23:pulp_soc_i|soc_peripherals_Z84:soc_peripherals_i|udma_subsystem_Z83:i_udma|udma_spim_top_19s_20s_6s_8s:i_spim_gen_0__i_spim|udma_dc_fifo_32s_8s_1:u_dc_tx|dc_token_ring_fifo_din_32s_8s_1_0:u_din|dc_data_buffer_32s_8s_0:buffer|syn_mlab_0:data_mlab|i_pulpissimo_soc_domain_i_pulp_soc_i_soc_peripherals_i_i_udma_i_spim_gen_0__i_spim_u_dc_tx_u_din_buffer_data_65_24_~CLKMUX_0  to: pulpissimo_Z560:i_pulpissimo|soc_domain_Z559:soc_domain_i|pulp_soc_Z23:pulp_soc_i|soc_peripherals_Z84:soc_peripherals_i|udma_subsystem_Z83:i_udma|udma_spim_top_19s_20s_6s_8s:i_spim_gen_0__i_spim|udma_dc_fifo_32s_8s_1:u_dc_tx|dc_token_ring_fifo_din_32s_8s_1_0:u_din|dc_data_buffer_32s_8s_0:buffer|syn_mlab_0:data_mlab|i_pulpissimo_soc_domain_i_pulp_soc_i_soc_peripherals_i_i_udma_i_spim_gen_0__i_spim_u_dc_tx_u_din_buffer_data_65_24_~MEMORYREGOUT
    Info (332098): From: pulpissimo_Z560:i_pulpissimo|soc_domain_Z559:soc_domain_i|pulp_soc_Z23:pulp_soc_i|soc_peripherals_Z84:soc_peripherals_i|udma_subsystem_Z83:i_udma|udma_spim_top_19s_20s_6s_8s:i_spim_gen_0__i_spim|udma_dc_fifo_32s_8s_1:u_dc_tx|dc_token_ring_fifo_din_32s_8s_1_0:u_din|dc_data_buffer_32s_8s_0:buffer|syn_mlab_0:data_mlab|i_pulpissimo_soc_domain_i_pulp_soc_i_soc_peripherals_i_i_udma_i_spim_gen_0__i_spim_u_dc_tx_u_din_buffer_data_66_25_~CLKMUX_0  to: pulpissimo_Z560:i_pulpissimo|soc_domain_Z559:soc_domain_i|pulp_soc_Z23:pulp_soc_i|soc_peripherals_Z84:soc_peripherals_i|udma_subsystem_Z83:i_udma|udma_spim_top_19s_20s_6s_8s:i_spim_gen_0__i_spim|udma_dc_fifo_32s_8s_1:u_dc_tx|dc_token_ring_fifo_din_32s_8s_1_0:u_din|dc_data_buffer_32s_8s_0:buffer|syn_mlab_0:data_mlab|i_pulpissimo_soc_domain_i_pulp_soc_i_soc_peripherals_i_i_udma_i_spim_gen_0__i_spim_u_dc_tx_u_din_buffer_data_66_25_~MEMORYREGOUT
    Info (332098): From: pulpissimo_Z560:i_pulpissimo|soc_domain_Z559:soc_domain_i|pulp_soc_Z23:pulp_soc_i|soc_peripherals_Z84:soc_peripherals_i|udma_subsystem_Z83:i_udma|udma_spim_top_19s_20s_6s_8s:i_spim_gen_0__i_spim|udma_dc_fifo_32s_8s_1:u_dc_tx|dc_token_ring_fifo_din_32s_8s_1_0:u_din|dc_data_buffer_32s_8s_0:buffer|syn_mlab_0:data_mlab|i_pulpissimo_soc_domain_i_pulp_soc_i_soc_peripherals_i_i_udma_i_spim_gen_0__i_spim_u_dc_tx_u_din_buffer_data_67_26_~CLKMUX_0  to: pulpissimo_Z560:i_pulpissimo|soc_domain_Z559:soc_domain_i|pulp_soc_Z23:pulp_soc_i|soc_peripherals_Z84:soc_peripherals_i|udma_subsystem_Z83:i_udma|udma_spim_top_19s_20s_6s_8s:i_spim_gen_0__i_spim|udma_dc_fifo_32s_8s_1:u_dc_tx|dc_token_ring_fifo_din_32s_8s_1_0:u_din|dc_data_buffer_32s_8s_0:buffer|syn_mlab_0:data_mlab|i_pulpissimo_soc_domain_i_pulp_soc_i_soc_peripherals_i_i_udma_i_spim_gen_0__i_spim_u_dc_tx_u_din_buffer_data_67_26_~MEMORYREGOUT
    Info (332098): From: pulpissimo_Z560:i_pulpissimo|soc_domain_Z559:soc_domain_i|pulp_soc_Z23:pulp_soc_i|soc_peripherals_Z84:soc_peripherals_i|udma_subsystem_Z83:i_udma|udma_spim_top_19s_20s_6s_8s:i_spim_gen_0__i_spim|udma_dc_fifo_32s_8s_1:u_dc_tx|dc_token_ring_fifo_din_32s_8s_1_0:u_din|dc_data_buffer_32s_8s_0:buffer|syn_mlab_0:data_mlab|i_pulpissimo_soc_domain_i_pulp_soc_i_soc_peripherals_i_i_udma_i_spim_gen_0__i_spim_u_dc_tx_u_din_buffer_data_68_27_~CLKMUX_0  to: pulpissimo_Z560:i_pulpissimo|soc_domain_Z559:soc_domain_i|pulp_soc_Z23:pulp_soc_i|soc_peripherals_Z84:soc_peripherals_i|udma_subsystem_Z83:i_udma|udma_spim_top_19s_20s_6s_8s:i_spim_gen_0__i_spim|udma_dc_fifo_32s_8s_1:u_dc_tx|dc_token_ring_fifo_din_32s_8s_1_0:u_din|dc_data_buffer_32s_8s_0:buffer|syn_mlab_0:data_mlab|i_pulpissimo_soc_domain_i_pulp_soc_i_soc_peripherals_i_i_udma_i_spim_gen_0__i_spim_u_dc_tx_u_din_buffer_data_68_27_~MEMORYREGOUT
    Info (332098): From: pulpissimo_Z560:i_pulpissimo|soc_domain_Z559:soc_domain_i|pulp_soc_Z23:pulp_soc_i|soc_peripherals_Z84:soc_peripherals_i|udma_subsystem_Z83:i_udma|udma_spim_top_19s_20s_6s_8s:i_spim_gen_0__i_spim|udma_dc_fifo_32s_8s_1:u_dc_tx|dc_token_ring_fifo_din_32s_8s_1_0:u_din|dc_data_buffer_32s_8s_0:buffer|syn_mlab_0:data_mlab|i_pulpissimo_soc_domain_i_pulp_soc_i_soc_peripherals_i_i_udma_i_spim_gen_0__i_spim_u_dc_tx_u_din_buffer_data_69_28_~CLKMUX_0  to: pulpissimo_Z560:i_pulpissimo|soc_domain_Z559:soc_domain_i|pulp_soc_Z23:pulp_soc_i|soc_peripherals_Z84:soc_peripherals_i|udma_subsystem_Z83:i_udma|udma_spim_top_19s_20s_6s_8s:i_spim_gen_0__i_spim|udma_dc_fifo_32s_8s_1:u_dc_tx|dc_token_ring_fifo_din_32s_8s_1_0:u_din|dc_data_buffer_32s_8s_0:buffer|syn_mlab_0:data_mlab|i_pulpissimo_soc_domain_i_pulp_soc_i_soc_peripherals_i_i_udma_i_spim_gen_0__i_spim_u_dc_tx_u_din_buffer_data_69_28_~MEMORYREGOUT
    Info (332098): From: pulpissimo_Z560:i_pulpissimo|soc_domain_Z559:soc_domain_i|pulp_soc_Z23:pulp_soc_i|soc_peripherals_Z84:soc_peripherals_i|udma_subsystem_Z83:i_udma|udma_spim_top_19s_20s_6s_8s:i_spim_gen_0__i_spim|udma_dc_fifo_32s_8s_1:u_dc_tx|dc_token_ring_fifo_din_32s_8s_1_0:u_din|dc_data_buffer_32s_8s_0:buffer|syn_mlab_0:data_mlab|i_pulpissimo_soc_domain_i_pulp_soc_i_soc_peripherals_i_i_udma_i_spim_gen_0__i_spim_u_dc_tx_u_din_buffer_data_70_29_~CLKMUX_0  to: pulpissimo_Z560:i_pulpissimo|soc_domain_Z559:soc_domain_i|pulp_soc_Z23:pulp_soc_i|soc_peripherals_Z84:soc_peripherals_i|udma_subsystem_Z83:i_udma|udma_spim_top_19s_20s_6s_8s:i_spim_gen_0__i_spim|udma_dc_fifo_32s_8s_1:u_dc_tx|dc_token_ring_fifo_din_32s_8s_1_0:u_din|dc_data_buffer_32s_8s_0:buffer|syn_mlab_0:data_mlab|i_pulpissimo_soc_domain_i_pulp_soc_i_soc_peripherals_i_i_udma_i_spim_gen_0__i_spim_u_dc_tx_u_din_buffer_data_70_29_~MEMORYREGOUT
    Info (332098): From: pulpissimo_Z560:i_pulpissimo|soc_domain_Z559:soc_domain_i|pulp_soc_Z23:pulp_soc_i|soc_peripherals_Z84:soc_peripherals_i|udma_subsystem_Z83:i_udma|udma_spim_top_19s_20s_6s_8s:i_spim_gen_0__i_spim|udma_dc_fifo_32s_8s_1:u_dc_tx|dc_token_ring_fifo_din_32s_8s_1_0:u_din|dc_data_buffer_32s_8s_0:buffer|syn_mlab_0:data_mlab|i_pulpissimo_soc_domain_i_pulp_soc_i_soc_peripherals_i_i_udma_i_spim_gen_0__i_spim_u_dc_tx_u_din_buffer_data_71_30_~CLKMUX_0  to: pulpissimo_Z560:i_pulpissimo|soc_domain_Z559:soc_domain_i|pulp_soc_Z23:pulp_soc_i|soc_peripherals_Z84:soc_peripherals_i|udma_subsystem_Z83:i_udma|udma_spim_top_19s_20s_6s_8s:i_spim_gen_0__i_spim|udma_dc_fifo_32s_8s_1:u_dc_tx|dc_token_ring_fifo_din_32s_8s_1_0:u_din|dc_data_buffer_32s_8s_0:buffer|syn_mlab_0:data_mlab|i_pulpissimo_soc_domain_i_pulp_soc_i_soc_peripherals_i_i_udma_i_spim_gen_0__i_spim_u_dc_tx_u_din_buffer_data_71_30_~MEMORYREGOUT
    Info (332098): From: pulpissimo_Z560:i_pulpissimo|soc_domain_Z559:soc_domain_i|pulp_soc_Z23:pulp_soc_i|soc_peripherals_Z84:soc_peripherals_i|udma_subsystem_Z83:i_udma|udma_spim_top_19s_20s_6s_8s:i_spim_gen_0__i_spim|udma_dc_fifo_32s_8s_1:u_dc_tx|dc_token_ring_fifo_din_32s_8s_1_0:u_din|dc_data_buffer_32s_8s_0:buffer|syn_mlab_0:data_mlab|i_pulpissimo_soc_domain_i_pulp_soc_i_soc_peripherals_i_i_udma_i_spim_gen_0__i_spim_u_dc_tx_u_din_buffer_data_72_31_~CLKMUX_0  to: pulpissimo_Z560:i_pulpissimo|soc_domain_Z559:soc_domain_i|pulp_soc_Z23:pulp_soc_i|soc_peripherals_Z84:soc_peripherals_i|udma_subsystem_Z83:i_udma|udma_spim_top_19s_20s_6s_8s:i_spim_gen_0__i_spim|udma_dc_fifo_32s_8s_1:u_dc_tx|dc_token_ring_fifo_din_32s_8s_1_0:u_din|dc_data_buffer_32s_8s_0:buffer|syn_mlab_0:data_mlab|i_pulpissimo_soc_domain_i_pulp_soc_i_soc_peripherals_i_i_udma_i_spim_gen_0__i_spim_u_dc_tx_u_din_buffer_data_72_31_~MEMORYREGOUT
Info (332123): Deriving Clock Uncertainty. Please refer to report_sdc in the Timing Analyzer to see clock uncertainties.
Info (332146): Worst-case setup slack is 2.225
    Info (332119):     Slack       End Point TNS Clock 
    Info (332119): ========= =================== =====================
    Info (332119):     2.225               0.000 ref_clk_i 
Info (332146): Worst-case hold slack is 0.028
    Info (332119):     Slack       End Point TNS Clock 
    Info (332119): ========= =================== =====================
    Info (332119):     0.028               0.000 ref_clk_i 
Info (332146): Worst-case recovery slack is 4.981
    Info (332119):     Slack       End Point TNS Clock 
    Info (332119): ========= =================== =====================
    Info (332119):     4.981               0.000 ref_clk_i 
Info (332146): Worst-case removal slack is 1.075
    Info (332119):     Slack       End Point TNS Clock 
    Info (332119): ========= =================== =====================
    Info (332119):     1.075               0.000 ref_clk_i 
Info (332146): Worst-case minimum pulse width slack is 6.986
    Info (332119):     Slack       End Point TNS Clock 
    Info (332119): ========= =================== =====================
    Info (332119):     6.986               0.000 ref_clk_i 
Info (332114): Report Metastability: Found 3 synchronizer chains.
    Info (332114): The design MTBF is not calculated because there are no specified synchronizers in the design.
    Info (332114): Number of Synchronizer Chains Found: 3
    Info (332114): Shortest Synchronizer Chain: 3 Registers
    Info (332114): Fraction of Chains for which MTBFs Could Not be Calculated: 1.000
    Info (332114): Worst Case Available Settling Time: 48.091 ns
    Info (332114): 
Info: Analyzing Fast 1100mV 0C Model
Warning (332060): Node: pad_jtag_tck was determined to be a clock but was found without an associated clock assignment.
    Info (13166): Register pulpissimo_Z560:i_pulpissimo|soc_domain_Z559:soc_domain_i|pulp_soc_Z23:pulp_soc_i|jtag_tap_top:jtag_tap_top_i|tap_top:tap_top_i|s_jtag_tdo_c is being clocked by pad_jtag_tck
Warning (332060): Node: pad_pmod1_4 was determined to be a clock but was found without an associated clock assignment.
    Info (13166): Register pulpissimo_Z560:i_pulpissimo|soc_domain_Z559:soc_domain_i|pulp_soc_Z23:pulp_soc_i|soc_peripherals_Z84:soc_peripherals_i|udma_subsystem_Z83:i_udma|udma_i2s_top_19s_20s_4s:i_i2s_udma|i2s_clkws_gen:i_clkws_gen|i2s_ws_gen_2:i_ws_gen_0|s_ws_int_0 is being clocked by pad_pmod1_4
Info (332097): The following timing edges are non-unate.  The Timing Analyzer will assume pos-unate behavior for these edges in the clock network.
    Info (332098): From: pulpissimo_Z560:i_pulpissimo|soc_domain_Z559:soc_domain_i|pulp_soc_Z23:pulp_soc_i|soc_peripherals_Z84:soc_peripherals_i|udma_subsystem_Z83:i_udma|udma_i2c_top_19s_20s_0:i_i2c_gen_1__i_i2c|udma_dc_fifo_8s_4s_3_2:i_dc_fifo_tx|dc_token_ring_fifo_din_8s_4s_2:u_din|dc_data_buffer_8s_4s_3_2:buffer|syn_mlab_8:data_mlab|i_pulpissimo_soc_domain_i_pulp_soc_i_soc_peripherals_i_i_udma_i_i2c_gen_1__i_i2c_i_dc_fifo_tx_u_din_buffer_data_209_0_~CLKMUX_0  to: pulpissimo_Z560:i_pulpissimo|soc_domain_Z559:soc_domain_i|pulp_soc_Z23:pulp_soc_i|soc_peripherals_Z84:soc_peripherals_i|udma_subsystem_Z83:i_udma|udma_i2c_top_19s_20s_0:i_i2c_gen_1__i_i2c|udma_dc_fifo_8s_4s_3_2:i_dc_fifo_tx|dc_token_ring_fifo_din_8s_4s_2:u_din|dc_data_buffer_8s_4s_3_2:buffer|syn_mlab_8:data_mlab|i_pulpissimo_soc_domain_i_pulp_soc_i_soc_peripherals_i_i_udma_i_i2c_gen_1__i_i2c_i_dc_fifo_tx_u_din_buffer_data_209_0_~MEMORYREGOUT
    Info (332098): From: pulpissimo_Z560:i_pulpissimo|soc_domain_Z559:soc_domain_i|pulp_soc_Z23:pulp_soc_i|soc_peripherals_Z84:soc_peripherals_i|udma_subsystem_Z83:i_udma|udma_i2c_top_19s_20s_0:i_i2c_gen_1__i_i2c|udma_dc_fifo_8s_4s_3_2:i_dc_fifo_tx|dc_token_ring_fifo_din_8s_4s_2:u_din|dc_data_buffer_8s_4s_3_2:buffer|syn_mlab_8:data_mlab|i_pulpissimo_soc_domain_i_pulp_soc_i_soc_peripherals_i_i_udma_i_i2c_gen_1__i_i2c_i_dc_fifo_tx_u_din_buffer_data_210_1_~CLKMUX_0  to: pulpissimo_Z560:i_pulpissimo|soc_domain_Z559:soc_domain_i|pulp_soc_Z23:pulp_soc_i|soc_peripherals_Z84:soc_peripherals_i|udma_subsystem_Z83:i_udma|udma_i2c_top_19s_20s_0:i_i2c_gen_1__i_i2c|udma_dc_fifo_8s_4s_3_2:i_dc_fifo_tx|dc_token_ring_fifo_din_8s_4s_2:u_din|dc_data_buffer_8s_4s_3_2:buffer|syn_mlab_8:data_mlab|i_pulpissimo_soc_domain_i_pulp_soc_i_soc_peripherals_i_i_udma_i_i2c_gen_1__i_i2c_i_dc_fifo_tx_u_din_buffer_data_210_1_~MEMORYREGOUT
    Info (332098): From: pulpissimo_Z560:i_pulpissimo|soc_domain_Z559:soc_domain_i|pulp_soc_Z23:pulp_soc_i|soc_peripherals_Z84:soc_peripherals_i|udma_subsystem_Z83:i_udma|udma_i2c_top_19s_20s_0:i_i2c_gen_1__i_i2c|udma_dc_fifo_8s_4s_3_2:i_dc_fifo_tx|dc_token_ring_fifo_din_8s_4s_2:u_din|dc_data_buffer_8s_4s_3_2:buffer|syn_mlab_8:data_mlab|i_pulpissimo_soc_domain_i_pulp_soc_i_soc_peripherals_i_i_udma_i_i2c_gen_1__i_i2c_i_dc_fifo_tx_u_din_buffer_data_211_2_~CLKMUX_0  to: pulpissimo_Z560:i_pulpissimo|soc_domain_Z559:soc_domain_i|pulp_soc_Z23:pulp_soc_i|soc_peripherals_Z84:soc_peripherals_i|udma_subsystem_Z83:i_udma|udma_i2c_top_19s_20s_0:i_i2c_gen_1__i_i2c|udma_dc_fifo_8s_4s_3_2:i_dc_fifo_tx|dc_token_ring_fifo_din_8s_4s_2:u_din|dc_data_buffer_8s_4s_3_2:buffer|syn_mlab_8:data_mlab|i_pulpissimo_soc_domain_i_pulp_soc_i_soc_peripherals_i_i_udma_i_i2c_gen_1__i_i2c_i_dc_fifo_tx_u_din_buffer_data_211_2_~MEMORYREGOUT
    Info (332098): From: pulpissimo_Z560:i_pulpissimo|soc_domain_Z559:soc_domain_i|pulp_soc_Z23:pulp_soc_i|soc_peripherals_Z84:soc_peripherals_i|udma_subsystem_Z83:i_udma|udma_i2c_top_19s_20s_0:i_i2c_gen_1__i_i2c|udma_dc_fifo_8s_4s_3_2:i_dc_fifo_tx|dc_token_ring_fifo_din_8s_4s_2:u_din|dc_data_buffer_8s_4s_3_2:buffer|syn_mlab_8:data_mlab|i_pulpissimo_soc_domain_i_pulp_soc_i_soc_peripherals_i_i_udma_i_i2c_gen_1__i_i2c_i_dc_fifo_tx_u_din_buffer_data_212_3_~CLKMUX_0  to: pulpissimo_Z560:i_pulpissimo|soc_domain_Z559:soc_domain_i|pulp_soc_Z23:pulp_soc_i|soc_peripherals_Z84:soc_peripherals_i|udma_subsystem_Z83:i_udma|udma_i2c_top_19s_20s_0:i_i2c_gen_1__i_i2c|udma_dc_fifo_8s_4s_3_2:i_dc_fifo_tx|dc_token_ring_fifo_din_8s_4s_2:u_din|dc_data_buffer_8s_4s_3_2:buffer|syn_mlab_8:data_mlab|i_pulpissimo_soc_domain_i_pulp_soc_i_soc_peripherals_i_i_udma_i_i2c_gen_1__i_i2c_i_dc_fifo_tx_u_din_buffer_data_212_3_~MEMORYREGOUT
    Info (332098): From: pulpissimo_Z560:i_pulpissimo|soc_domain_Z559:soc_domain_i|pulp_soc_Z23:pulp_soc_i|soc_peripherals_Z84:soc_peripherals_i|udma_subsystem_Z83:i_udma|udma_i2c_top_19s_20s_0:i_i2c_gen_1__i_i2c|udma_dc_fifo_8s_4s_3_2:i_dc_fifo_tx|dc_token_ring_fifo_din_8s_4s_2:u_din|dc_data_buffer_8s_4s_3_2:buffer|syn_mlab_8:data_mlab|i_pulpissimo_soc_domain_i_pulp_soc_i_soc_peripherals_i_i_udma_i_i2c_gen_1__i_i2c_i_dc_fifo_tx_u_din_buffer_data_213_4_~CLKMUX_0  to: pulpissimo_Z560:i_pulpissimo|soc_domain_Z559:soc_domain_i|pulp_soc_Z23:pulp_soc_i|soc_peripherals_Z84:soc_peripherals_i|udma_subsystem_Z83:i_udma|udma_i2c_top_19s_20s_0:i_i2c_gen_1__i_i2c|udma_dc_fifo_8s_4s_3_2:i_dc_fifo_tx|dc_token_ring_fifo_din_8s_4s_2:u_din|dc_data_buffer_8s_4s_3_2:buffer|syn_mlab_8:data_mlab|i_pulpissimo_soc_domain_i_pulp_soc_i_soc_peripherals_i_i_udma_i_i2c_gen_1__i_i2c_i_dc_fifo_tx_u_din_buffer_data_213_4_~MEMORYREGOUT
    Info (332098): From: pulpissimo_Z560:i_pulpissimo|soc_domain_Z559:soc_domain_i|pulp_soc_Z23:pulp_soc_i|soc_peripherals_Z84:soc_peripherals_i|udma_subsystem_Z83:i_udma|udma_i2c_top_19s_20s_0:i_i2c_gen_1__i_i2c|udma_dc_fifo_8s_4s_3_2:i_dc_fifo_tx|dc_token_ring_fifo_din_8s_4s_2:u_din|dc_data_buffer_8s_4s_3_2:buffer|syn_mlab_8:data_mlab|i_pulpissimo_soc_domain_i_pulp_soc_i_soc_peripherals_i_i_udma_i_i2c_gen_1__i_i2c_i_dc_fifo_tx_u_din_buffer_data_214_5_~CLKMUX_0  to: pulpissimo_Z560:i_pulpissimo|soc_domain_Z559:soc_domain_i|pulp_soc_Z23:pulp_soc_i|soc_peripherals_Z84:soc_peripherals_i|udma_subsystem_Z83:i_udma|udma_i2c_top_19s_20s_0:i_i2c_gen_1__i_i2c|udma_dc_fifo_8s_4s_3_2:i_dc_fifo_tx|dc_token_ring_fifo_din_8s_4s_2:u_din|dc_data_buffer_8s_4s_3_2:buffer|syn_mlab_8:data_mlab|i_pulpissimo_soc_domain_i_pulp_soc_i_soc_peripherals_i_i_udma_i_i2c_gen_1__i_i2c_i_dc_fifo_tx_u_din_buffer_data_214_5_~MEMORYREGOUT
    Info (332098): From: pulpissimo_Z560:i_pulpissimo|soc_domain_Z559:soc_domain_i|pulp_soc_Z23:pulp_soc_i|soc_peripherals_Z84:soc_peripherals_i|udma_subsystem_Z83:i_udma|udma_i2c_top_19s_20s_0:i_i2c_gen_1__i_i2c|udma_dc_fifo_8s_4s_3_2:i_dc_fifo_tx|dc_token_ring_fifo_din_8s_4s_2:u_din|dc_data_buffer_8s_4s_3_2:buffer|syn_mlab_8:data_mlab|i_pulpissimo_soc_domain_i_pulp_soc_i_soc_peripherals_i_i_udma_i_i2c_gen_1__i_i2c_i_dc_fifo_tx_u_din_buffer_data_215_6_~CLKMUX_0  to: pulpissimo_Z560:i_pulpissimo|soc_domain_Z559:soc_domain_i|pulp_soc_Z23:pulp_soc_i|soc_peripherals_Z84:soc_peripherals_i|udma_subsystem_Z83:i_udma|udma_i2c_top_19s_20s_0:i_i2c_gen_1__i_i2c|udma_dc_fifo_8s_4s_3_2:i_dc_fifo_tx|dc_token_ring_fifo_din_8s_4s_2:u_din|dc_data_buffer_8s_4s_3_2:buffer|syn_mlab_8:data_mlab|i_pulpissimo_soc_domain_i_pulp_soc_i_soc_peripherals_i_i_udma_i_i2c_gen_1__i_i2c_i_dc_fifo_tx_u_din_buffer_data_215_6_~MEMORYREGOUT
    Info (332098): From: pulpissimo_Z560:i_pulpissimo|soc_domain_Z559:soc_domain_i|pulp_soc_Z23:pulp_soc_i|soc_peripherals_Z84:soc_peripherals_i|udma_subsystem_Z83:i_udma|udma_i2c_top_19s_20s_0:i_i2c_gen_1__i_i2c|udma_dc_fifo_8s_4s_3_2:i_dc_fifo_tx|dc_token_ring_fifo_din_8s_4s_2:u_din|dc_data_buffer_8s_4s_3_2:buffer|syn_mlab_8:data_mlab|i_pulpissimo_soc_domain_i_pulp_soc_i_soc_peripherals_i_i_udma_i_i2c_gen_1__i_i2c_i_dc_fifo_tx_u_din_buffer_data_216_7_~CLKMUX_0  to: pulpissimo_Z560:i_pulpissimo|soc_domain_Z559:soc_domain_i|pulp_soc_Z23:pulp_soc_i|soc_peripherals_Z84:soc_peripherals_i|udma_subsystem_Z83:i_udma|udma_i2c_top_19s_20s_0:i_i2c_gen_1__i_i2c|udma_dc_fifo_8s_4s_3_2:i_dc_fifo_tx|dc_token_ring_fifo_din_8s_4s_2:u_din|dc_data_buffer_8s_4s_3_2:buffer|syn_mlab_8:data_mlab|i_pulpissimo_soc_domain_i_pulp_soc_i_soc_peripherals_i_i_udma_i_i2c_gen_1__i_i2c_i_dc_fifo_tx_u_din_buffer_data_216_7_~MEMORYREGOUT
    Info (332098): From: pulpissimo_Z560:i_pulpissimo|soc_domain_Z559:soc_domain_i|pulp_soc_Z23:pulp_soc_i|soc_peripherals_Z84:soc_peripherals_i|udma_subsystem_Z83:i_udma|udma_i2c_top_19s_20s_1:i_i2c_gen_0__i_i2c|udma_dc_fifo_8s_4s_3_0:i_dc_fifo_tx|dc_token_ring_fifo_din_8s_4s_3_0:u_din|dc_data_buffer_8s_4s_3_0:buffer|syn_mlab_6:data_mlab|i_pulpissimo_soc_domain_i_pulp_soc_i_soc_peripherals_i_i_udma_i_i2c_gen_0__i_i2c_i_dc_fifo_tx_u_din_buffer_data_193_0_~CLKMUX_0  to: pulpissimo_Z560:i_pulpissimo|soc_domain_Z559:soc_domain_i|pulp_soc_Z23:pulp_soc_i|soc_peripherals_Z84:soc_peripherals_i|udma_subsystem_Z83:i_udma|udma_i2c_top_19s_20s_1:i_i2c_gen_0__i_i2c|udma_dc_fifo_8s_4s_3_0:i_dc_fifo_tx|dc_token_ring_fifo_din_8s_4s_3_0:u_din|dc_data_buffer_8s_4s_3_0:buffer|syn_mlab_6:data_mlab|i_pulpissimo_soc_domain_i_pulp_soc_i_soc_peripherals_i_i_udma_i_i2c_gen_0__i_i2c_i_dc_fifo_tx_u_din_buffer_data_193_0_~MEMORYREGOUT
    Info (332098): From: pulpissimo_Z560:i_pulpissimo|soc_domain_Z559:soc_domain_i|pulp_soc_Z23:pulp_soc_i|soc_peripherals_Z84:soc_peripherals_i|udma_subsystem_Z83:i_udma|udma_i2c_top_19s_20s_1:i_i2c_gen_0__i_i2c|udma_dc_fifo_8s_4s_3_0:i_dc_fifo_tx|dc_token_ring_fifo_din_8s_4s_3_0:u_din|dc_data_buffer_8s_4s_3_0:buffer|syn_mlab_6:data_mlab|i_pulpissimo_soc_domain_i_pulp_soc_i_soc_peripherals_i_i_udma_i_i2c_gen_0__i_i2c_i_dc_fifo_tx_u_din_buffer_data_194_1_~CLKMUX_0  to: pulpissimo_Z560:i_pulpissimo|soc_domain_Z559:soc_domain_i|pulp_soc_Z23:pulp_soc_i|soc_peripherals_Z84:soc_peripherals_i|udma_subsystem_Z83:i_udma|udma_i2c_top_19s_20s_1:i_i2c_gen_0__i_i2c|udma_dc_fifo_8s_4s_3_0:i_dc_fifo_tx|dc_token_ring_fifo_din_8s_4s_3_0:u_din|dc_data_buffer_8s_4s_3_0:buffer|syn_mlab_6:data_mlab|i_pulpissimo_soc_domain_i_pulp_soc_i_soc_peripherals_i_i_udma_i_i2c_gen_0__i_i2c_i_dc_fifo_tx_u_din_buffer_data_194_1_~MEMORYREGOUT
    Info (332098): From: pulpissimo_Z560:i_pulpissimo|soc_domain_Z559:soc_domain_i|pulp_soc_Z23:pulp_soc_i|soc_peripherals_Z84:soc_peripherals_i|udma_subsystem_Z83:i_udma|udma_i2c_top_19s_20s_1:i_i2c_gen_0__i_i2c|udma_dc_fifo_8s_4s_3_0:i_dc_fifo_tx|dc_token_ring_fifo_din_8s_4s_3_0:u_din|dc_data_buffer_8s_4s_3_0:buffer|syn_mlab_6:data_mlab|i_pulpissimo_soc_domain_i_pulp_soc_i_soc_peripherals_i_i_udma_i_i2c_gen_0__i_i2c_i_dc_fifo_tx_u_din_buffer_data_195_2_~CLKMUX_0  to: pulpissimo_Z560:i_pulpissimo|soc_domain_Z559:soc_domain_i|pulp_soc_Z23:pulp_soc_i|soc_peripherals_Z84:soc_peripherals_i|udma_subsystem_Z83:i_udma|udma_i2c_top_19s_20s_1:i_i2c_gen_0__i_i2c|udma_dc_fifo_8s_4s_3_0:i_dc_fifo_tx|dc_token_ring_fifo_din_8s_4s_3_0:u_din|dc_data_buffer_8s_4s_3_0:buffer|syn_mlab_6:data_mlab|i_pulpissimo_soc_domain_i_pulp_soc_i_soc_peripherals_i_i_udma_i_i2c_gen_0__i_i2c_i_dc_fifo_tx_u_din_buffer_data_195_2_~MEMORYREGOUT
    Info (332098): From: pulpissimo_Z560:i_pulpissimo|soc_domain_Z559:soc_domain_i|pulp_soc_Z23:pulp_soc_i|soc_peripherals_Z84:soc_peripherals_i|udma_subsystem_Z83:i_udma|udma_i2c_top_19s_20s_1:i_i2c_gen_0__i_i2c|udma_dc_fifo_8s_4s_3_0:i_dc_fifo_tx|dc_token_ring_fifo_din_8s_4s_3_0:u_din|dc_data_buffer_8s_4s_3_0:buffer|syn_mlab_6:data_mlab|i_pulpissimo_soc_domain_i_pulp_soc_i_soc_peripherals_i_i_udma_i_i2c_gen_0__i_i2c_i_dc_fifo_tx_u_din_buffer_data_196_3_~CLKMUX_0  to: pulpissimo_Z560:i_pulpissimo|soc_domain_Z559:soc_domain_i|pulp_soc_Z23:pulp_soc_i|soc_peripherals_Z84:soc_peripherals_i|udma_subsystem_Z83:i_udma|udma_i2c_top_19s_20s_1:i_i2c_gen_0__i_i2c|udma_dc_fifo_8s_4s_3_0:i_dc_fifo_tx|dc_token_ring_fifo_din_8s_4s_3_0:u_din|dc_data_buffer_8s_4s_3_0:buffer|syn_mlab_6:data_mlab|i_pulpissimo_soc_domain_i_pulp_soc_i_soc_peripherals_i_i_udma_i_i2c_gen_0__i_i2c_i_dc_fifo_tx_u_din_buffer_data_196_3_~MEMORYREGOUT
    Info (332098): From: pulpissimo_Z560:i_pulpissimo|soc_domain_Z559:soc_domain_i|pulp_soc_Z23:pulp_soc_i|soc_peripherals_Z84:soc_peripherals_i|udma_subsystem_Z83:i_udma|udma_i2c_top_19s_20s_1:i_i2c_gen_0__i_i2c|udma_dc_fifo_8s_4s_3_0:i_dc_fifo_tx|dc_token_ring_fifo_din_8s_4s_3_0:u_din|dc_data_buffer_8s_4s_3_0:buffer|syn_mlab_6:data_mlab|i_pulpissimo_soc_domain_i_pulp_soc_i_soc_peripherals_i_i_udma_i_i2c_gen_0__i_i2c_i_dc_fifo_tx_u_din_buffer_data_197_4_~CLKMUX_0  to: pulpissimo_Z560:i_pulpissimo|soc_domain_Z559:soc_domain_i|pulp_soc_Z23:pulp_soc_i|soc_peripherals_Z84:soc_peripherals_i|udma_subsystem_Z83:i_udma|udma_i2c_top_19s_20s_1:i_i2c_gen_0__i_i2c|udma_dc_fifo_8s_4s_3_0:i_dc_fifo_tx|dc_token_ring_fifo_din_8s_4s_3_0:u_din|dc_data_buffer_8s_4s_3_0:buffer|syn_mlab_6:data_mlab|i_pulpissimo_soc_domain_i_pulp_soc_i_soc_peripherals_i_i_udma_i_i2c_gen_0__i_i2c_i_dc_fifo_tx_u_din_buffer_data_197_4_~MEMORYREGOUT
    Info (332098): From: pulpissimo_Z560:i_pulpissimo|soc_domain_Z559:soc_domain_i|pulp_soc_Z23:pulp_soc_i|soc_peripherals_Z84:soc_peripherals_i|udma_subsystem_Z83:i_udma|udma_i2c_top_19s_20s_1:i_i2c_gen_0__i_i2c|udma_dc_fifo_8s_4s_3_0:i_dc_fifo_tx|dc_token_ring_fifo_din_8s_4s_3_0:u_din|dc_data_buffer_8s_4s_3_0:buffer|syn_mlab_6:data_mlab|i_pulpissimo_soc_domain_i_pulp_soc_i_soc_peripherals_i_i_udma_i_i2c_gen_0__i_i2c_i_dc_fifo_tx_u_din_buffer_data_198_5_~CLKMUX_0  to: pulpissimo_Z560:i_pulpissimo|soc_domain_Z559:soc_domain_i|pulp_soc_Z23:pulp_soc_i|soc_peripherals_Z84:soc_peripherals_i|udma_subsystem_Z83:i_udma|udma_i2c_top_19s_20s_1:i_i2c_gen_0__i_i2c|udma_dc_fifo_8s_4s_3_0:i_dc_fifo_tx|dc_token_ring_fifo_din_8s_4s_3_0:u_din|dc_data_buffer_8s_4s_3_0:buffer|syn_mlab_6:data_mlab|i_pulpissimo_soc_domain_i_pulp_soc_i_soc_peripherals_i_i_udma_i_i2c_gen_0__i_i2c_i_dc_fifo_tx_u_din_buffer_data_198_5_~MEMORYREGOUT
    Info (332098): From: pulpissimo_Z560:i_pulpissimo|soc_domain_Z559:soc_domain_i|pulp_soc_Z23:pulp_soc_i|soc_peripherals_Z84:soc_peripherals_i|udma_subsystem_Z83:i_udma|udma_i2c_top_19s_20s_1:i_i2c_gen_0__i_i2c|udma_dc_fifo_8s_4s_3_0:i_dc_fifo_tx|dc_token_ring_fifo_din_8s_4s_3_0:u_din|dc_data_buffer_8s_4s_3_0:buffer|syn_mlab_6:data_mlab|i_pulpissimo_soc_domain_i_pulp_soc_i_soc_peripherals_i_i_udma_i_i2c_gen_0__i_i2c_i_dc_fifo_tx_u_din_buffer_data_199_6_~CLKMUX_0  to: pulpissimo_Z560:i_pulpissimo|soc_domain_Z559:soc_domain_i|pulp_soc_Z23:pulp_soc_i|soc_peripherals_Z84:soc_peripherals_i|udma_subsystem_Z83:i_udma|udma_i2c_top_19s_20s_1:i_i2c_gen_0__i_i2c|udma_dc_fifo_8s_4s_3_0:i_dc_fifo_tx|dc_token_ring_fifo_din_8s_4s_3_0:u_din|dc_data_buffer_8s_4s_3_0:buffer|syn_mlab_6:data_mlab|i_pulpissimo_soc_domain_i_pulp_soc_i_soc_peripherals_i_i_udma_i_i2c_gen_0__i_i2c_i_dc_fifo_tx_u_din_buffer_data_199_6_~MEMORYREGOUT
    Info (332098): From: pulpissimo_Z560:i_pulpissimo|soc_domain_Z559:soc_domain_i|pulp_soc_Z23:pulp_soc_i|soc_peripherals_Z84:soc_peripherals_i|udma_subsystem_Z83:i_udma|udma_i2c_top_19s_20s_1:i_i2c_gen_0__i_i2c|udma_dc_fifo_8s_4s_3_0:i_dc_fifo_tx|dc_token_ring_fifo_din_8s_4s_3_0:u_din|dc_data_buffer_8s_4s_3_0:buffer|syn_mlab_6:data_mlab|i_pulpissimo_soc_domain_i_pulp_soc_i_soc_peripherals_i_i_udma_i_i2c_gen_0__i_i2c_i_dc_fifo_tx_u_din_buffer_data_200_7_~CLKMUX_0  to: pulpissimo_Z560:i_pulpissimo|soc_domain_Z559:soc_domain_i|pulp_soc_Z23:pulp_soc_i|soc_peripherals_Z84:soc_peripherals_i|udma_subsystem_Z83:i_udma|udma_i2c_top_19s_20s_1:i_i2c_gen_0__i_i2c|udma_dc_fifo_8s_4s_3_0:i_dc_fifo_tx|dc_token_ring_fifo_din_8s_4s_3_0:u_din|dc_data_buffer_8s_4s_3_0:buffer|syn_mlab_6:data_mlab|i_pulpissimo_soc_domain_i_pulp_soc_i_soc_peripherals_i_i_udma_i_i2c_gen_0__i_i2c_i_dc_fifo_tx_u_din_buffer_data_200_7_~MEMORYREGOUT
    Info (332098): From: pulpissimo_Z560:i_pulpissimo|soc_domain_Z559:soc_domain_i|pulp_soc_Z23:pulp_soc_i|soc_peripherals_Z84:soc_peripherals_i|udma_subsystem_Z83:i_udma|udma_spim_top_19s_20s_6s_8s:i_spim_gen_0__i_spim|udma_dc_fifo_32s_8s:u_dc_cmd|dc_token_ring_fifo_din_32s_8s_1:u_din|dc_data_buffer_32s_8s:buffer|syn_mlab:data_mlab|i_pulpissimo_soc_domain_i_pulp_soc_i_soc_peripherals_i_i_udma_i_spim_gen_0__i_spim_u_dc_cmd_u_din_buffer_data_10_1_~CLKMUX_0  to: pulpissimo_Z560:i_pulpissimo|soc_domain_Z559:soc_domain_i|pulp_soc_Z23:pulp_soc_i|soc_peripherals_Z84:soc_peripherals_i|udma_subsystem_Z83:i_udma|udma_spim_top_19s_20s_6s_8s:i_spim_gen_0__i_spim|udma_dc_fifo_32s_8s:u_dc_cmd|dc_token_ring_fifo_din_32s_8s_1:u_din|dc_data_buffer_32s_8s:buffer|syn_mlab:data_mlab|i_pulpissimo_soc_domain_i_pulp_soc_i_soc_peripherals_i_i_udma_i_spim_gen_0__i_spim_u_dc_cmd_u_din_buffer_data_10_1_~MEMORYREGOUT
    Info (332098): From: pulpissimo_Z560:i_pulpissimo|soc_domain_Z559:soc_domain_i|pulp_soc_Z23:pulp_soc_i|soc_peripherals_Z84:soc_peripherals_i|udma_subsystem_Z83:i_udma|udma_spim_top_19s_20s_6s_8s:i_spim_gen_0__i_spim|udma_dc_fifo_32s_8s:u_dc_cmd|dc_token_ring_fifo_din_32s_8s_1:u_din|dc_data_buffer_32s_8s:buffer|syn_mlab:data_mlab|i_pulpissimo_soc_domain_i_pulp_soc_i_soc_peripherals_i_i_udma_i_spim_gen_0__i_spim_u_dc_cmd_u_din_buffer_data_11_2_~CLKMUX_0  to: pulpissimo_Z560:i_pulpissimo|soc_domain_Z559:soc_domain_i|pulp_soc_Z23:pulp_soc_i|soc_peripherals_Z84:soc_peripherals_i|udma_subsystem_Z83:i_udma|udma_spim_top_19s_20s_6s_8s:i_spim_gen_0__i_spim|udma_dc_fifo_32s_8s:u_dc_cmd|dc_token_ring_fifo_din_32s_8s_1:u_din|dc_data_buffer_32s_8s:buffer|syn_mlab:data_mlab|i_pulpissimo_soc_domain_i_pulp_soc_i_soc_peripherals_i_i_udma_i_spim_gen_0__i_spim_u_dc_cmd_u_din_buffer_data_11_2_~MEMORYREGOUT
    Info (332098): From: pulpissimo_Z560:i_pulpissimo|soc_domain_Z559:soc_domain_i|pulp_soc_Z23:pulp_soc_i|soc_peripherals_Z84:soc_peripherals_i|udma_subsystem_Z83:i_udma|udma_spim_top_19s_20s_6s_8s:i_spim_gen_0__i_spim|udma_dc_fifo_32s_8s:u_dc_cmd|dc_token_ring_fifo_din_32s_8s_1:u_din|dc_data_buffer_32s_8s:buffer|syn_mlab:data_mlab|i_pulpissimo_soc_domain_i_pulp_soc_i_soc_peripherals_i_i_udma_i_spim_gen_0__i_spim_u_dc_cmd_u_din_buffer_data_12_3_~CLKMUX_0  to: pulpissimo_Z560:i_pulpissimo|soc_domain_Z559:soc_domain_i|pulp_soc_Z23:pulp_soc_i|soc_peripherals_Z84:soc_peripherals_i|udma_subsystem_Z83:i_udma|udma_spim_top_19s_20s_6s_8s:i_spim_gen_0__i_spim|udma_dc_fifo_32s_8s:u_dc_cmd|dc_token_ring_fifo_din_32s_8s_1:u_din|dc_data_buffer_32s_8s:buffer|syn_mlab:data_mlab|i_pulpissimo_soc_domain_i_pulp_soc_i_soc_peripherals_i_i_udma_i_spim_gen_0__i_spim_u_dc_cmd_u_din_buffer_data_12_3_~MEMORYREGOUT
    Info (332098): From: pulpissimo_Z560:i_pulpissimo|soc_domain_Z559:soc_domain_i|pulp_soc_Z23:pulp_soc_i|soc_peripherals_Z84:soc_peripherals_i|udma_subsystem_Z83:i_udma|udma_spim_top_19s_20s_6s_8s:i_spim_gen_0__i_spim|udma_dc_fifo_32s_8s:u_dc_cmd|dc_token_ring_fifo_din_32s_8s_1:u_din|dc_data_buffer_32s_8s:buffer|syn_mlab:data_mlab|i_pulpissimo_soc_domain_i_pulp_soc_i_soc_peripherals_i_i_udma_i_spim_gen_0__i_spim_u_dc_cmd_u_din_buffer_data_13_4_~CLKMUX_0  to: pulpissimo_Z560:i_pulpissimo|soc_domain_Z559:soc_domain_i|pulp_soc_Z23:pulp_soc_i|soc_peripherals_Z84:soc_peripherals_i|udma_subsystem_Z83:i_udma|udma_spim_top_19s_20s_6s_8s:i_spim_gen_0__i_spim|udma_dc_fifo_32s_8s:u_dc_cmd|dc_token_ring_fifo_din_32s_8s_1:u_din|dc_data_buffer_32s_8s:buffer|syn_mlab:data_mlab|i_pulpissimo_soc_domain_i_pulp_soc_i_soc_peripherals_i_i_udma_i_spim_gen_0__i_spim_u_dc_cmd_u_din_buffer_data_13_4_~MEMORYREGOUT
    Info (332098): From: pulpissimo_Z560:i_pulpissimo|soc_domain_Z559:soc_domain_i|pulp_soc_Z23:pulp_soc_i|soc_peripherals_Z84:soc_peripherals_i|udma_subsystem_Z83:i_udma|udma_spim_top_19s_20s_6s_8s:i_spim_gen_0__i_spim|udma_dc_fifo_32s_8s:u_dc_cmd|dc_token_ring_fifo_din_32s_8s_1:u_din|dc_data_buffer_32s_8s:buffer|syn_mlab:data_mlab|i_pulpissimo_soc_domain_i_pulp_soc_i_soc_peripherals_i_i_udma_i_spim_gen_0__i_spim_u_dc_cmd_u_din_buffer_data_14_5_~CLKMUX_0  to: pulpissimo_Z560:i_pulpissimo|soc_domain_Z559:soc_domain_i|pulp_soc_Z23:pulp_soc_i|soc_peripherals_Z84:soc_peripherals_i|udma_subsystem_Z83:i_udma|udma_spim_top_19s_20s_6s_8s:i_spim_gen_0__i_spim|udma_dc_fifo_32s_8s:u_dc_cmd|dc_token_ring_fifo_din_32s_8s_1:u_din|dc_data_buffer_32s_8s:buffer|syn_mlab:data_mlab|i_pulpissimo_soc_domain_i_pulp_soc_i_soc_peripherals_i_i_udma_i_spim_gen_0__i_spim_u_dc_cmd_u_din_buffer_data_14_5_~MEMORYREGOUT
    Info (332098): From: pulpissimo_Z560:i_pulpissimo|soc_domain_Z559:soc_domain_i|pulp_soc_Z23:pulp_soc_i|soc_peripherals_Z84:soc_peripherals_i|udma_subsystem_Z83:i_udma|udma_spim_top_19s_20s_6s_8s:i_spim_gen_0__i_spim|udma_dc_fifo_32s_8s:u_dc_cmd|dc_token_ring_fifo_din_32s_8s_1:u_din|dc_data_buffer_32s_8s:buffer|syn_mlab:data_mlab|i_pulpissimo_soc_domain_i_pulp_soc_i_soc_peripherals_i_i_udma_i_spim_gen_0__i_spim_u_dc_cmd_u_din_buffer_data_15_6_~CLKMUX_0  to: pulpissimo_Z560:i_pulpissimo|soc_domain_Z559:soc_domain_i|pulp_soc_Z23:pulp_soc_i|soc_peripherals_Z84:soc_peripherals_i|udma_subsystem_Z83:i_udma|udma_spim_top_19s_20s_6s_8s:i_spim_gen_0__i_spim|udma_dc_fifo_32s_8s:u_dc_cmd|dc_token_ring_fifo_din_32s_8s_1:u_din|dc_data_buffer_32s_8s:buffer|syn_mlab:data_mlab|i_pulpissimo_soc_domain_i_pulp_soc_i_soc_peripherals_i_i_udma_i_spim_gen_0__i_spim_u_dc_cmd_u_din_buffer_data_15_6_~MEMORYREGOUT
    Info (332098): From: pulpissimo_Z560:i_pulpissimo|soc_domain_Z559:soc_domain_i|pulp_soc_Z23:pulp_soc_i|soc_peripherals_Z84:soc_peripherals_i|udma_subsystem_Z83:i_udma|udma_spim_top_19s_20s_6s_8s:i_spim_gen_0__i_spim|udma_dc_fifo_32s_8s:u_dc_cmd|dc_token_ring_fifo_din_32s_8s_1:u_din|dc_data_buffer_32s_8s:buffer|syn_mlab:data_mlab|i_pulpissimo_soc_domain_i_pulp_soc_i_soc_peripherals_i_i_udma_i_spim_gen_0__i_spim_u_dc_cmd_u_din_buffer_data_16_7_~CLKMUX_0  to: pulpissimo_Z560:i_pulpissimo|soc_domain_Z559:soc_domain_i|pulp_soc_Z23:pulp_soc_i|soc_peripherals_Z84:soc_peripherals_i|udma_subsystem_Z83:i_udma|udma_spim_top_19s_20s_6s_8s:i_spim_gen_0__i_spim|udma_dc_fifo_32s_8s:u_dc_cmd|dc_token_ring_fifo_din_32s_8s_1:u_din|dc_data_buffer_32s_8s:buffer|syn_mlab:data_mlab|i_pulpissimo_soc_domain_i_pulp_soc_i_soc_peripherals_i_i_udma_i_spim_gen_0__i_spim_u_dc_cmd_u_din_buffer_data_16_7_~MEMORYREGOUT
    Info (332098): From: pulpissimo_Z560:i_pulpissimo|soc_domain_Z559:soc_domain_i|pulp_soc_Z23:pulp_soc_i|soc_peripherals_Z84:soc_peripherals_i|udma_subsystem_Z83:i_udma|udma_spim_top_19s_20s_6s_8s:i_spim_gen_0__i_spim|udma_dc_fifo_32s_8s:u_dc_cmd|dc_token_ring_fifo_din_32s_8s_1:u_din|dc_data_buffer_32s_8s:buffer|syn_mlab:data_mlab|i_pulpissimo_soc_domain_i_pulp_soc_i_soc_peripherals_i_i_udma_i_spim_gen_0__i_spim_u_dc_cmd_u_din_buffer_data_17_8_~CLKMUX_0  to: pulpissimo_Z560:i_pulpissimo|soc_domain_Z559:soc_domain_i|pulp_soc_Z23:pulp_soc_i|soc_peripherals_Z84:soc_peripherals_i|udma_subsystem_Z83:i_udma|udma_spim_top_19s_20s_6s_8s:i_spim_gen_0__i_spim|udma_dc_fifo_32s_8s:u_dc_cmd|dc_token_ring_fifo_din_32s_8s_1:u_din|dc_data_buffer_32s_8s:buffer|syn_mlab:data_mlab|i_pulpissimo_soc_domain_i_pulp_soc_i_soc_peripherals_i_i_udma_i_spim_gen_0__i_spim_u_dc_cmd_u_din_buffer_data_17_8_~MEMORYREGOUT
    Info (332098): From: pulpissimo_Z560:i_pulpissimo|soc_domain_Z559:soc_domain_i|pulp_soc_Z23:pulp_soc_i|soc_peripherals_Z84:soc_peripherals_i|udma_subsystem_Z83:i_udma|udma_spim_top_19s_20s_6s_8s:i_spim_gen_0__i_spim|udma_dc_fifo_32s_8s:u_dc_cmd|dc_token_ring_fifo_din_32s_8s_1:u_din|dc_data_buffer_32s_8s:buffer|syn_mlab:data_mlab|i_pulpissimo_soc_domain_i_pulp_soc_i_soc_peripherals_i_i_udma_i_spim_gen_0__i_spim_u_dc_cmd_u_din_buffer_data_18_9_~CLKMUX_0  to: pulpissimo_Z560:i_pulpissimo|soc_domain_Z559:soc_domain_i|pulp_soc_Z23:pulp_soc_i|soc_peripherals_Z84:soc_peripherals_i|udma_subsystem_Z83:i_udma|udma_spim_top_19s_20s_6s_8s:i_spim_gen_0__i_spim|udma_dc_fifo_32s_8s:u_dc_cmd|dc_token_ring_fifo_din_32s_8s_1:u_din|dc_data_buffer_32s_8s:buffer|syn_mlab:data_mlab|i_pulpissimo_soc_domain_i_pulp_soc_i_soc_peripherals_i_i_udma_i_spim_gen_0__i_spim_u_dc_cmd_u_din_buffer_data_18_9_~MEMORYREGOUT
    Info (332098): From: pulpissimo_Z560:i_pulpissimo|soc_domain_Z559:soc_domain_i|pulp_soc_Z23:pulp_soc_i|soc_peripherals_Z84:soc_peripherals_i|udma_subsystem_Z83:i_udma|udma_spim_top_19s_20s_6s_8s:i_spim_gen_0__i_spim|udma_dc_fifo_32s_8s:u_dc_cmd|dc_token_ring_fifo_din_32s_8s_1:u_din|dc_data_buffer_32s_8s:buffer|syn_mlab:data_mlab|i_pulpissimo_soc_domain_i_pulp_soc_i_soc_peripherals_i_i_udma_i_spim_gen_0__i_spim_u_dc_cmd_u_din_buffer_data_19_10_~CLKMUX_0  to: pulpissimo_Z560:i_pulpissimo|soc_domain_Z559:soc_domain_i|pulp_soc_Z23:pulp_soc_i|soc_peripherals_Z84:soc_peripherals_i|udma_subsystem_Z83:i_udma|udma_spim_top_19s_20s_6s_8s:i_spim_gen_0__i_spim|udma_dc_fifo_32s_8s:u_dc_cmd|dc_token_ring_fifo_din_32s_8s_1:u_din|dc_data_buffer_32s_8s:buffer|syn_mlab:data_mlab|i_pulpissimo_soc_domain_i_pulp_soc_i_soc_peripherals_i_i_udma_i_spim_gen_0__i_spim_u_dc_cmd_u_din_buffer_data_19_10_~MEMORYREGOUT
    Info (332098): From: pulpissimo_Z560:i_pulpissimo|soc_domain_Z559:soc_domain_i|pulp_soc_Z23:pulp_soc_i|soc_peripherals_Z84:soc_peripherals_i|udma_subsystem_Z83:i_udma|udma_spim_top_19s_20s_6s_8s:i_spim_gen_0__i_spim|udma_dc_fifo_32s_8s:u_dc_cmd|dc_token_ring_fifo_din_32s_8s_1:u_din|dc_data_buffer_32s_8s:buffer|syn_mlab:data_mlab|i_pulpissimo_soc_domain_i_pulp_soc_i_soc_peripherals_i_i_udma_i_spim_gen_0__i_spim_u_dc_cmd_u_din_buffer_data_20_11_~CLKMUX_0  to: pulpissimo_Z560:i_pulpissimo|soc_domain_Z559:soc_domain_i|pulp_soc_Z23:pulp_soc_i|soc_peripherals_Z84:soc_peripherals_i|udma_subsystem_Z83:i_udma|udma_spim_top_19s_20s_6s_8s:i_spim_gen_0__i_spim|udma_dc_fifo_32s_8s:u_dc_cmd|dc_token_ring_fifo_din_32s_8s_1:u_din|dc_data_buffer_32s_8s:buffer|syn_mlab:data_mlab|i_pulpissimo_soc_domain_i_pulp_soc_i_soc_peripherals_i_i_udma_i_spim_gen_0__i_spim_u_dc_cmd_u_din_buffer_data_20_11_~MEMORYREGOUT
    Info (332098): From: pulpissimo_Z560:i_pulpissimo|soc_domain_Z559:soc_domain_i|pulp_soc_Z23:pulp_soc_i|soc_peripherals_Z84:soc_peripherals_i|udma_subsystem_Z83:i_udma|udma_spim_top_19s_20s_6s_8s:i_spim_gen_0__i_spim|udma_dc_fifo_32s_8s:u_dc_cmd|dc_token_ring_fifo_din_32s_8s_1:u_din|dc_data_buffer_32s_8s:buffer|syn_mlab:data_mlab|i_pulpissimo_soc_domain_i_pulp_soc_i_soc_peripherals_i_i_udma_i_spim_gen_0__i_spim_u_dc_cmd_u_din_buffer_data_21_12_~CLKMUX_0  to: pulpissimo_Z560:i_pulpissimo|soc_domain_Z559:soc_domain_i|pulp_soc_Z23:pulp_soc_i|soc_peripherals_Z84:soc_peripherals_i|udma_subsystem_Z83:i_udma|udma_spim_top_19s_20s_6s_8s:i_spim_gen_0__i_spim|udma_dc_fifo_32s_8s:u_dc_cmd|dc_token_ring_fifo_din_32s_8s_1:u_din|dc_data_buffer_32s_8s:buffer|syn_mlab:data_mlab|i_pulpissimo_soc_domain_i_pulp_soc_i_soc_peripherals_i_i_udma_i_spim_gen_0__i_spim_u_dc_cmd_u_din_buffer_data_21_12_~MEMORYREGOUT
    Info (332098): From: pulpissimo_Z560:i_pulpissimo|soc_domain_Z559:soc_domain_i|pulp_soc_Z23:pulp_soc_i|soc_peripherals_Z84:soc_peripherals_i|udma_subsystem_Z83:i_udma|udma_spim_top_19s_20s_6s_8s:i_spim_gen_0__i_spim|udma_dc_fifo_32s_8s:u_dc_cmd|dc_token_ring_fifo_din_32s_8s_1:u_din|dc_data_buffer_32s_8s:buffer|syn_mlab:data_mlab|i_pulpissimo_soc_domain_i_pulp_soc_i_soc_peripherals_i_i_udma_i_spim_gen_0__i_spim_u_dc_cmd_u_din_buffer_data_22_13_~CLKMUX_0  to: pulpissimo_Z560:i_pulpissimo|soc_domain_Z559:soc_domain_i|pulp_soc_Z23:pulp_soc_i|soc_peripherals_Z84:soc_peripherals_i|udma_subsystem_Z83:i_udma|udma_spim_top_19s_20s_6s_8s:i_spim_gen_0__i_spim|udma_dc_fifo_32s_8s:u_dc_cmd|dc_token_ring_fifo_din_32s_8s_1:u_din|dc_data_buffer_32s_8s:buffer|syn_mlab:data_mlab|i_pulpissimo_soc_domain_i_pulp_soc_i_soc_peripherals_i_i_udma_i_spim_gen_0__i_spim_u_dc_cmd_u_din_buffer_data_22_13_~MEMORYREGOUT
    Info (332098): From: pulpissimo_Z560:i_pulpissimo|soc_domain_Z559:soc_domain_i|pulp_soc_Z23:pulp_soc_i|soc_peripherals_Z84:soc_peripherals_i|udma_subsystem_Z83:i_udma|udma_spim_top_19s_20s_6s_8s:i_spim_gen_0__i_spim|udma_dc_fifo_32s_8s:u_dc_cmd|dc_token_ring_fifo_din_32s_8s_1:u_din|dc_data_buffer_32s_8s:buffer|syn_mlab:data_mlab|i_pulpissimo_soc_domain_i_pulp_soc_i_soc_peripherals_i_i_udma_i_spim_gen_0__i_spim_u_dc_cmd_u_din_buffer_data_23_14_~CLKMUX_0  to: pulpissimo_Z560:i_pulpissimo|soc_domain_Z559:soc_domain_i|pulp_soc_Z23:pulp_soc_i|soc_peripherals_Z84:soc_peripherals_i|udma_subsystem_Z83:i_udma|udma_spim_top_19s_20s_6s_8s:i_spim_gen_0__i_spim|udma_dc_fifo_32s_8s:u_dc_cmd|dc_token_ring_fifo_din_32s_8s_1:u_din|dc_data_buffer_32s_8s:buffer|syn_mlab:data_mlab|i_pulpissimo_soc_domain_i_pulp_soc_i_soc_peripherals_i_i_udma_i_spim_gen_0__i_spim_u_dc_cmd_u_din_buffer_data_23_14_~MEMORYREGOUT
    Info (332098): From: pulpissimo_Z560:i_pulpissimo|soc_domain_Z559:soc_domain_i|pulp_soc_Z23:pulp_soc_i|soc_peripherals_Z84:soc_peripherals_i|udma_subsystem_Z83:i_udma|udma_spim_top_19s_20s_6s_8s:i_spim_gen_0__i_spim|udma_dc_fifo_32s_8s:u_dc_cmd|dc_token_ring_fifo_din_32s_8s_1:u_din|dc_data_buffer_32s_8s:buffer|syn_mlab:data_mlab|i_pulpissimo_soc_domain_i_pulp_soc_i_soc_peripherals_i_i_udma_i_spim_gen_0__i_spim_u_dc_cmd_u_din_buffer_data_24_15_~CLKMUX_0  to: pulpissimo_Z560:i_pulpissimo|soc_domain_Z559:soc_domain_i|pulp_soc_Z23:pulp_soc_i|soc_peripherals_Z84:soc_peripherals_i|udma_subsystem_Z83:i_udma|udma_spim_top_19s_20s_6s_8s:i_spim_gen_0__i_spim|udma_dc_fifo_32s_8s:u_dc_cmd|dc_token_ring_fifo_din_32s_8s_1:u_din|dc_data_buffer_32s_8s:buffer|syn_mlab:data_mlab|i_pulpissimo_soc_domain_i_pulp_soc_i_soc_peripherals_i_i_udma_i_spim_gen_0__i_spim_u_dc_cmd_u_din_buffer_data_24_15_~MEMORYREGOUT
    Info (332098): From: pulpissimo_Z560:i_pulpissimo|soc_domain_Z559:soc_domain_i|pulp_soc_Z23:pulp_soc_i|soc_peripherals_Z84:soc_peripherals_i|udma_subsystem_Z83:i_udma|udma_spim_top_19s_20s_6s_8s:i_spim_gen_0__i_spim|udma_dc_fifo_32s_8s:u_dc_cmd|dc_token_ring_fifo_din_32s_8s_1:u_din|dc_data_buffer_32s_8s:buffer|syn_mlab:data_mlab|i_pulpissimo_soc_domain_i_pulp_soc_i_soc_peripherals_i_i_udma_i_spim_gen_0__i_spim_u_dc_cmd_u_din_buffer_data_25_16_~CLKMUX_0  to: pulpissimo_Z560:i_pulpissimo|soc_domain_Z559:soc_domain_i|pulp_soc_Z23:pulp_soc_i|soc_peripherals_Z84:soc_peripherals_i|udma_subsystem_Z83:i_udma|udma_spim_top_19s_20s_6s_8s:i_spim_gen_0__i_spim|udma_dc_fifo_32s_8s:u_dc_cmd|dc_token_ring_fifo_din_32s_8s_1:u_din|dc_data_buffer_32s_8s:buffer|syn_mlab:data_mlab|i_pulpissimo_soc_domain_i_pulp_soc_i_soc_peripherals_i_i_udma_i_spim_gen_0__i_spim_u_dc_cmd_u_din_buffer_data_25_16_~MEMORYREGOUT
    Info (332098): From: pulpissimo_Z560:i_pulpissimo|soc_domain_Z559:soc_domain_i|pulp_soc_Z23:pulp_soc_i|soc_peripherals_Z84:soc_peripherals_i|udma_subsystem_Z83:i_udma|udma_spim_top_19s_20s_6s_8s:i_spim_gen_0__i_spim|udma_dc_fifo_32s_8s:u_dc_cmd|dc_token_ring_fifo_din_32s_8s_1:u_din|dc_data_buffer_32s_8s:buffer|syn_mlab:data_mlab|i_pulpissimo_soc_domain_i_pulp_soc_i_soc_peripherals_i_i_udma_i_spim_gen_0__i_spim_u_dc_cmd_u_din_buffer_data_26_17_~CLKMUX_0  to: pulpissimo_Z560:i_pulpissimo|soc_domain_Z559:soc_domain_i|pulp_soc_Z23:pulp_soc_i|soc_peripherals_Z84:soc_peripherals_i|udma_subsystem_Z83:i_udma|udma_spim_top_19s_20s_6s_8s:i_spim_gen_0__i_spim|udma_dc_fifo_32s_8s:u_dc_cmd|dc_token_ring_fifo_din_32s_8s_1:u_din|dc_data_buffer_32s_8s:buffer|syn_mlab:data_mlab|i_pulpissimo_soc_domain_i_pulp_soc_i_soc_peripherals_i_i_udma_i_spim_gen_0__i_spim_u_dc_cmd_u_din_buffer_data_26_17_~MEMORYREGOUT
    Info (332098): From: pulpissimo_Z560:i_pulpissimo|soc_domain_Z559:soc_domain_i|pulp_soc_Z23:pulp_soc_i|soc_peripherals_Z84:soc_peripherals_i|udma_subsystem_Z83:i_udma|udma_spim_top_19s_20s_6s_8s:i_spim_gen_0__i_spim|udma_dc_fifo_32s_8s:u_dc_cmd|dc_token_ring_fifo_din_32s_8s_1:u_din|dc_data_buffer_32s_8s:buffer|syn_mlab:data_mlab|i_pulpissimo_soc_domain_i_pulp_soc_i_soc_peripherals_i_i_udma_i_spim_gen_0__i_spim_u_dc_cmd_u_din_buffer_data_27_18_~CLKMUX_0  to: pulpissimo_Z560:i_pulpissimo|soc_domain_Z559:soc_domain_i|pulp_soc_Z23:pulp_soc_i|soc_peripherals_Z84:soc_peripherals_i|udma_subsystem_Z83:i_udma|udma_spim_top_19s_20s_6s_8s:i_spim_gen_0__i_spim|udma_dc_fifo_32s_8s:u_dc_cmd|dc_token_ring_fifo_din_32s_8s_1:u_din|dc_data_buffer_32s_8s:buffer|syn_mlab:data_mlab|i_pulpissimo_soc_domain_i_pulp_soc_i_soc_peripherals_i_i_udma_i_spim_gen_0__i_spim_u_dc_cmd_u_din_buffer_data_27_18_~MEMORYREGOUT
    Info (332098): From: pulpissimo_Z560:i_pulpissimo|soc_domain_Z559:soc_domain_i|pulp_soc_Z23:pulp_soc_i|soc_peripherals_Z84:soc_peripherals_i|udma_subsystem_Z83:i_udma|udma_spim_top_19s_20s_6s_8s:i_spim_gen_0__i_spim|udma_dc_fifo_32s_8s:u_dc_cmd|dc_token_ring_fifo_din_32s_8s_1:u_din|dc_data_buffer_32s_8s:buffer|syn_mlab:data_mlab|i_pulpissimo_soc_domain_i_pulp_soc_i_soc_peripherals_i_i_udma_i_spim_gen_0__i_spim_u_dc_cmd_u_din_buffer_data_28_19_~CLKMUX_0  to: pulpissimo_Z560:i_pulpissimo|soc_domain_Z559:soc_domain_i|pulp_soc_Z23:pulp_soc_i|soc_peripherals_Z84:soc_peripherals_i|udma_subsystem_Z83:i_udma|udma_spim_top_19s_20s_6s_8s:i_spim_gen_0__i_spim|udma_dc_fifo_32s_8s:u_dc_cmd|dc_token_ring_fifo_din_32s_8s_1:u_din|dc_data_buffer_32s_8s:buffer|syn_mlab:data_mlab|i_pulpissimo_soc_domain_i_pulp_soc_i_soc_peripherals_i_i_udma_i_spim_gen_0__i_spim_u_dc_cmd_u_din_buffer_data_28_19_~MEMORYREGOUT
    Info (332098): From: pulpissimo_Z560:i_pulpissimo|soc_domain_Z559:soc_domain_i|pulp_soc_Z23:pulp_soc_i|soc_peripherals_Z84:soc_peripherals_i|udma_subsystem_Z83:i_udma|udma_spim_top_19s_20s_6s_8s:i_spim_gen_0__i_spim|udma_dc_fifo_32s_8s:u_dc_cmd|dc_token_ring_fifo_din_32s_8s_1:u_din|dc_data_buffer_32s_8s:buffer|syn_mlab:data_mlab|i_pulpissimo_soc_domain_i_pulp_soc_i_soc_peripherals_i_i_udma_i_spim_gen_0__i_spim_u_dc_cmd_u_din_buffer_data_29_20_~CLKMUX_0  to: pulpissimo_Z560:i_pulpissimo|soc_domain_Z559:soc_domain_i|pulp_soc_Z23:pulp_soc_i|soc_peripherals_Z84:soc_peripherals_i|udma_subsystem_Z83:i_udma|udma_spim_top_19s_20s_6s_8s:i_spim_gen_0__i_spim|udma_dc_fifo_32s_8s:u_dc_cmd|dc_token_ring_fifo_din_32s_8s_1:u_din|dc_data_buffer_32s_8s:buffer|syn_mlab:data_mlab|i_pulpissimo_soc_domain_i_pulp_soc_i_soc_peripherals_i_i_udma_i_spim_gen_0__i_spim_u_dc_cmd_u_din_buffer_data_29_20_~MEMORYREGOUT
    Info (332098): From: pulpissimo_Z560:i_pulpissimo|soc_domain_Z559:soc_domain_i|pulp_soc_Z23:pulp_soc_i|soc_peripherals_Z84:soc_peripherals_i|udma_subsystem_Z83:i_udma|udma_spim_top_19s_20s_6s_8s:i_spim_gen_0__i_spim|udma_dc_fifo_32s_8s:u_dc_cmd|dc_token_ring_fifo_din_32s_8s_1:u_din|dc_data_buffer_32s_8s:buffer|syn_mlab:data_mlab|i_pulpissimo_soc_domain_i_pulp_soc_i_soc_peripherals_i_i_udma_i_spim_gen_0__i_spim_u_dc_cmd_u_din_buffer_data_30_21_~CLKMUX_0  to: pulpissimo_Z560:i_pulpissimo|soc_domain_Z559:soc_domain_i|pulp_soc_Z23:pulp_soc_i|soc_peripherals_Z84:soc_peripherals_i|udma_subsystem_Z83:i_udma|udma_spim_top_19s_20s_6s_8s:i_spim_gen_0__i_spim|udma_dc_fifo_32s_8s:u_dc_cmd|dc_token_ring_fifo_din_32s_8s_1:u_din|dc_data_buffer_32s_8s:buffer|syn_mlab:data_mlab|i_pulpissimo_soc_domain_i_pulp_soc_i_soc_peripherals_i_i_udma_i_spim_gen_0__i_spim_u_dc_cmd_u_din_buffer_data_30_21_~MEMORYREGOUT
    Info (332098): From: pulpissimo_Z560:i_pulpissimo|soc_domain_Z559:soc_domain_i|pulp_soc_Z23:pulp_soc_i|soc_peripherals_Z84:soc_peripherals_i|udma_subsystem_Z83:i_udma|udma_spim_top_19s_20s_6s_8s:i_spim_gen_0__i_spim|udma_dc_fifo_32s_8s:u_dc_cmd|dc_token_ring_fifo_din_32s_8s_1:u_din|dc_data_buffer_32s_8s:buffer|syn_mlab:data_mlab|i_pulpissimo_soc_domain_i_pulp_soc_i_soc_peripherals_i_i_udma_i_spim_gen_0__i_spim_u_dc_cmd_u_din_buffer_data_31_22_~CLKMUX_0  to: pulpissimo_Z560:i_pulpissimo|soc_domain_Z559:soc_domain_i|pulp_soc_Z23:pulp_soc_i|soc_peripherals_Z84:soc_peripherals_i|udma_subsystem_Z83:i_udma|udma_spim_top_19s_20s_6s_8s:i_spim_gen_0__i_spim|udma_dc_fifo_32s_8s:u_dc_cmd|dc_token_ring_fifo_din_32s_8s_1:u_din|dc_data_buffer_32s_8s:buffer|syn_mlab:data_mlab|i_pulpissimo_soc_domain_i_pulp_soc_i_soc_peripherals_i_i_udma_i_spim_gen_0__i_spim_u_dc_cmd_u_din_buffer_data_31_22_~MEMORYREGOUT
    Info (332098): From: pulpissimo_Z560:i_pulpissimo|soc_domain_Z559:soc_domain_i|pulp_soc_Z23:pulp_soc_i|soc_peripherals_Z84:soc_peripherals_i|udma_subsystem_Z83:i_udma|udma_spim_top_19s_20s_6s_8s:i_spim_gen_0__i_spim|udma_dc_fifo_32s_8s:u_dc_cmd|dc_token_ring_fifo_din_32s_8s_1:u_din|dc_data_buffer_32s_8s:buffer|syn_mlab:data_mlab|i_pulpissimo_soc_domain_i_pulp_soc_i_soc_peripherals_i_i_udma_i_spim_gen_0__i_spim_u_dc_cmd_u_din_buffer_data_32_23_~CLKMUX_0  to: pulpissimo_Z560:i_pulpissimo|soc_domain_Z559:soc_domain_i|pulp_soc_Z23:pulp_soc_i|soc_peripherals_Z84:soc_peripherals_i|udma_subsystem_Z83:i_udma|udma_spim_top_19s_20s_6s_8s:i_spim_gen_0__i_spim|udma_dc_fifo_32s_8s:u_dc_cmd|dc_token_ring_fifo_din_32s_8s_1:u_din|dc_data_buffer_32s_8s:buffer|syn_mlab:data_mlab|i_pulpissimo_soc_domain_i_pulp_soc_i_soc_peripherals_i_i_udma_i_spim_gen_0__i_spim_u_dc_cmd_u_din_buffer_data_32_23_~MEMORYREGOUT
    Info (332098): From: pulpissimo_Z560:i_pulpissimo|soc_domain_Z559:soc_domain_i|pulp_soc_Z23:pulp_soc_i|soc_peripherals_Z84:soc_peripherals_i|udma_subsystem_Z83:i_udma|udma_spim_top_19s_20s_6s_8s:i_spim_gen_0__i_spim|udma_dc_fifo_32s_8s:u_dc_cmd|dc_token_ring_fifo_din_32s_8s_1:u_din|dc_data_buffer_32s_8s:buffer|syn_mlab:data_mlab|i_pulpissimo_soc_domain_i_pulp_soc_i_soc_peripherals_i_i_udma_i_spim_gen_0__i_spim_u_dc_cmd_u_din_buffer_data_33_24_~CLKMUX_0  to: pulpissimo_Z560:i_pulpissimo|soc_domain_Z559:soc_domain_i|pulp_soc_Z23:pulp_soc_i|soc_peripherals_Z84:soc_peripherals_i|udma_subsystem_Z83:i_udma|udma_spim_top_19s_20s_6s_8s:i_spim_gen_0__i_spim|udma_dc_fifo_32s_8s:u_dc_cmd|dc_token_ring_fifo_din_32s_8s_1:u_din|dc_data_buffer_32s_8s:buffer|syn_mlab:data_mlab|i_pulpissimo_soc_domain_i_pulp_soc_i_soc_peripherals_i_i_udma_i_spim_gen_0__i_spim_u_dc_cmd_u_din_buffer_data_33_24_~MEMORYREGOUT
    Info (332098): From: pulpissimo_Z560:i_pulpissimo|soc_domain_Z559:soc_domain_i|pulp_soc_Z23:pulp_soc_i|soc_peripherals_Z84:soc_peripherals_i|udma_subsystem_Z83:i_udma|udma_spim_top_19s_20s_6s_8s:i_spim_gen_0__i_spim|udma_dc_fifo_32s_8s:u_dc_cmd|dc_token_ring_fifo_din_32s_8s_1:u_din|dc_data_buffer_32s_8s:buffer|syn_mlab:data_mlab|i_pulpissimo_soc_domain_i_pulp_soc_i_soc_peripherals_i_i_udma_i_spim_gen_0__i_spim_u_dc_cmd_u_din_buffer_data_34_25_~CLKMUX_0  to: pulpissimo_Z560:i_pulpissimo|soc_domain_Z559:soc_domain_i|pulp_soc_Z23:pulp_soc_i|soc_peripherals_Z84:soc_peripherals_i|udma_subsystem_Z83:i_udma|udma_spim_top_19s_20s_6s_8s:i_spim_gen_0__i_spim|udma_dc_fifo_32s_8s:u_dc_cmd|dc_token_ring_fifo_din_32s_8s_1:u_din|dc_data_buffer_32s_8s:buffer|syn_mlab:data_mlab|i_pulpissimo_soc_domain_i_pulp_soc_i_soc_peripherals_i_i_udma_i_spim_gen_0__i_spim_u_dc_cmd_u_din_buffer_data_34_25_~MEMORYREGOUT
    Info (332098): From: pulpissimo_Z560:i_pulpissimo|soc_domain_Z559:soc_domain_i|pulp_soc_Z23:pulp_soc_i|soc_peripherals_Z84:soc_peripherals_i|udma_subsystem_Z83:i_udma|udma_spim_top_19s_20s_6s_8s:i_spim_gen_0__i_spim|udma_dc_fifo_32s_8s:u_dc_cmd|dc_token_ring_fifo_din_32s_8s_1:u_din|dc_data_buffer_32s_8s:buffer|syn_mlab:data_mlab|i_pulpissimo_soc_domain_i_pulp_soc_i_soc_peripherals_i_i_udma_i_spim_gen_0__i_spim_u_dc_cmd_u_din_buffer_data_35_26_~CLKMUX_0  to: pulpissimo_Z560:i_pulpissimo|soc_domain_Z559:soc_domain_i|pulp_soc_Z23:pulp_soc_i|soc_peripherals_Z84:soc_peripherals_i|udma_subsystem_Z83:i_udma|udma_spim_top_19s_20s_6s_8s:i_spim_gen_0__i_spim|udma_dc_fifo_32s_8s:u_dc_cmd|dc_token_ring_fifo_din_32s_8s_1:u_din|dc_data_buffer_32s_8s:buffer|syn_mlab:data_mlab|i_pulpissimo_soc_domain_i_pulp_soc_i_soc_peripherals_i_i_udma_i_spim_gen_0__i_spim_u_dc_cmd_u_din_buffer_data_35_26_~MEMORYREGOUT
    Info (332098): From: pulpissimo_Z560:i_pulpissimo|soc_domain_Z559:soc_domain_i|pulp_soc_Z23:pulp_soc_i|soc_peripherals_Z84:soc_peripherals_i|udma_subsystem_Z83:i_udma|udma_spim_top_19s_20s_6s_8s:i_spim_gen_0__i_spim|udma_dc_fifo_32s_8s:u_dc_cmd|dc_token_ring_fifo_din_32s_8s_1:u_din|dc_data_buffer_32s_8s:buffer|syn_mlab:data_mlab|i_pulpissimo_soc_domain_i_pulp_soc_i_soc_peripherals_i_i_udma_i_spim_gen_0__i_spim_u_dc_cmd_u_din_buffer_data_36_27_~CLKMUX_0  to: pulpissimo_Z560:i_pulpissimo|soc_domain_Z559:soc_domain_i|pulp_soc_Z23:pulp_soc_i|soc_peripherals_Z84:soc_peripherals_i|udma_subsystem_Z83:i_udma|udma_spim_top_19s_20s_6s_8s:i_spim_gen_0__i_spim|udma_dc_fifo_32s_8s:u_dc_cmd|dc_token_ring_fifo_din_32s_8s_1:u_din|dc_data_buffer_32s_8s:buffer|syn_mlab:data_mlab|i_pulpissimo_soc_domain_i_pulp_soc_i_soc_peripherals_i_i_udma_i_spim_gen_0__i_spim_u_dc_cmd_u_din_buffer_data_36_27_~MEMORYREGOUT
    Info (332098): From: pulpissimo_Z560:i_pulpissimo|soc_domain_Z559:soc_domain_i|pulp_soc_Z23:pulp_soc_i|soc_peripherals_Z84:soc_peripherals_i|udma_subsystem_Z83:i_udma|udma_spim_top_19s_20s_6s_8s:i_spim_gen_0__i_spim|udma_dc_fifo_32s_8s:u_dc_cmd|dc_token_ring_fifo_din_32s_8s_1:u_din|dc_data_buffer_32s_8s:buffer|syn_mlab:data_mlab|i_pulpissimo_soc_domain_i_pulp_soc_i_soc_peripherals_i_i_udma_i_spim_gen_0__i_spim_u_dc_cmd_u_din_buffer_data_37_28_~CLKMUX_0  to: pulpissimo_Z560:i_pulpissimo|soc_domain_Z559:soc_domain_i|pulp_soc_Z23:pulp_soc_i|soc_peripherals_Z84:soc_peripherals_i|udma_subsystem_Z83:i_udma|udma_spim_top_19s_20s_6s_8s:i_spim_gen_0__i_spim|udma_dc_fifo_32s_8s:u_dc_cmd|dc_token_ring_fifo_din_32s_8s_1:u_din|dc_data_buffer_32s_8s:buffer|syn_mlab:data_mlab|i_pulpissimo_soc_domain_i_pulp_soc_i_soc_peripherals_i_i_udma_i_spim_gen_0__i_spim_u_dc_cmd_u_din_buffer_data_37_28_~MEMORYREGOUT
    Info (332098): From: pulpissimo_Z560:i_pulpissimo|soc_domain_Z559:soc_domain_i|pulp_soc_Z23:pulp_soc_i|soc_peripherals_Z84:soc_peripherals_i|udma_subsystem_Z83:i_udma|udma_spim_top_19s_20s_6s_8s:i_spim_gen_0__i_spim|udma_dc_fifo_32s_8s:u_dc_cmd|dc_token_ring_fifo_din_32s_8s_1:u_din|dc_data_buffer_32s_8s:buffer|syn_mlab:data_mlab|i_pulpissimo_soc_domain_i_pulp_soc_i_soc_peripherals_i_i_udma_i_spim_gen_0__i_spim_u_dc_cmd_u_din_buffer_data_38_29_~CLKMUX_0  to: pulpissimo_Z560:i_pulpissimo|soc_domain_Z559:soc_domain_i|pulp_soc_Z23:pulp_soc_i|soc_peripherals_Z84:soc_peripherals_i|udma_subsystem_Z83:i_udma|udma_spim_top_19s_20s_6s_8s:i_spim_gen_0__i_spim|udma_dc_fifo_32s_8s:u_dc_cmd|dc_token_ring_fifo_din_32s_8s_1:u_din|dc_data_buffer_32s_8s:buffer|syn_mlab:data_mlab|i_pulpissimo_soc_domain_i_pulp_soc_i_soc_peripherals_i_i_udma_i_spim_gen_0__i_spim_u_dc_cmd_u_din_buffer_data_38_29_~MEMORYREGOUT
    Info (332098): From: pulpissimo_Z560:i_pulpissimo|soc_domain_Z559:soc_domain_i|pulp_soc_Z23:pulp_soc_i|soc_peripherals_Z84:soc_peripherals_i|udma_subsystem_Z83:i_udma|udma_spim_top_19s_20s_6s_8s:i_spim_gen_0__i_spim|udma_dc_fifo_32s_8s:u_dc_cmd|dc_token_ring_fifo_din_32s_8s_1:u_din|dc_data_buffer_32s_8s:buffer|syn_mlab:data_mlab|i_pulpissimo_soc_domain_i_pulp_soc_i_soc_peripherals_i_i_udma_i_spim_gen_0__i_spim_u_dc_cmd_u_din_buffer_data_39_30_~CLKMUX_0  to: pulpissimo_Z560:i_pulpissimo|soc_domain_Z559:soc_domain_i|pulp_soc_Z23:pulp_soc_i|soc_peripherals_Z84:soc_peripherals_i|udma_subsystem_Z83:i_udma|udma_spim_top_19s_20s_6s_8s:i_spim_gen_0__i_spim|udma_dc_fifo_32s_8s:u_dc_cmd|dc_token_ring_fifo_din_32s_8s_1:u_din|dc_data_buffer_32s_8s:buffer|syn_mlab:data_mlab|i_pulpissimo_soc_domain_i_pulp_soc_i_soc_peripherals_i_i_udma_i_spim_gen_0__i_spim_u_dc_cmd_u_din_buffer_data_39_30_~MEMORYREGOUT
    Info (332098): From: pulpissimo_Z560:i_pulpissimo|soc_domain_Z559:soc_domain_i|pulp_soc_Z23:pulp_soc_i|soc_peripherals_Z84:soc_peripherals_i|udma_subsystem_Z83:i_udma|udma_spim_top_19s_20s_6s_8s:i_spim_gen_0__i_spim|udma_dc_fifo_32s_8s:u_dc_cmd|dc_token_ring_fifo_din_32s_8s_1:u_din|dc_data_buffer_32s_8s:buffer|syn_mlab:data_mlab|i_pulpissimo_soc_domain_i_pulp_soc_i_soc_peripherals_i_i_udma_i_spim_gen_0__i_spim_u_dc_cmd_u_din_buffer_data_40_31_~CLKMUX_0  to: pulpissimo_Z560:i_pulpissimo|soc_domain_Z559:soc_domain_i|pulp_soc_Z23:pulp_soc_i|soc_peripherals_Z84:soc_peripherals_i|udma_subsystem_Z83:i_udma|udma_spim_top_19s_20s_6s_8s:i_spim_gen_0__i_spim|udma_dc_fifo_32s_8s:u_dc_cmd|dc_token_ring_fifo_din_32s_8s_1:u_din|dc_data_buffer_32s_8s:buffer|syn_mlab:data_mlab|i_pulpissimo_soc_domain_i_pulp_soc_i_soc_peripherals_i_i_udma_i_spim_gen_0__i_spim_u_dc_cmd_u_din_buffer_data_40_31_~MEMORYREGOUT
    Info (332098): From: pulpissimo_Z560:i_pulpissimo|soc_domain_Z559:soc_domain_i|pulp_soc_Z23:pulp_soc_i|soc_peripherals_Z84:soc_peripherals_i|udma_subsystem_Z83:i_udma|udma_spim_top_19s_20s_6s_8s:i_spim_gen_0__i_spim|udma_dc_fifo_32s_8s:u_dc_cmd|dc_token_ring_fifo_din_32s_8s_1:u_din|dc_data_buffer_32s_8s:buffer|syn_mlab:data_mlab|i_pulpissimo_soc_domain_i_pulp_soc_i_soc_peripherals_i_i_udma_i_spim_gen_0__i_spim_u_dc_cmd_u_din_buffer_data_9_0_~CLKMUX_0  to: pulpissimo_Z560:i_pulpissimo|soc_domain_Z559:soc_domain_i|pulp_soc_Z23:pulp_soc_i|soc_peripherals_Z84:soc_peripherals_i|udma_subsystem_Z83:i_udma|udma_spim_top_19s_20s_6s_8s:i_spim_gen_0__i_spim|udma_dc_fifo_32s_8s:u_dc_cmd|dc_token_ring_fifo_din_32s_8s_1:u_din|dc_data_buffer_32s_8s:buffer|syn_mlab:data_mlab|i_pulpissimo_soc_domain_i_pulp_soc_i_soc_peripherals_i_i_udma_i_spim_gen_0__i_spim_u_dc_cmd_u_din_buffer_data_9_0_~MEMORYREGOUT
    Info (332098): From: pulpissimo_Z560:i_pulpissimo|soc_domain_Z559:soc_domain_i|pulp_soc_Z23:pulp_soc_i|soc_peripherals_Z84:soc_peripherals_i|udma_subsystem_Z83:i_udma|udma_spim_top_19s_20s_6s_8s:i_spim_gen_0__i_spim|udma_dc_fifo_32s_8s_1:u_dc_tx|dc_token_ring_fifo_din_32s_8s_1_0:u_din|dc_data_buffer_32s_8s_0:buffer|syn_mlab_0:data_mlab|i_pulpissimo_soc_domain_i_pulp_soc_i_soc_peripherals_i_i_udma_i_spim_gen_0__i_spim_u_dc_tx_u_din_buffer_data_41_0_~CLKMUX_0  to: pulpissimo_Z560:i_pulpissimo|soc_domain_Z559:soc_domain_i|pulp_soc_Z23:pulp_soc_i|soc_peripherals_Z84:soc_peripherals_i|udma_subsystem_Z83:i_udma|udma_spim_top_19s_20s_6s_8s:i_spim_gen_0__i_spim|udma_dc_fifo_32s_8s_1:u_dc_tx|dc_token_ring_fifo_din_32s_8s_1_0:u_din|dc_data_buffer_32s_8s_0:buffer|syn_mlab_0:data_mlab|i_pulpissimo_soc_domain_i_pulp_soc_i_soc_peripherals_i_i_udma_i_spim_gen_0__i_spim_u_dc_tx_u_din_buffer_data_41_0_~MEMORYREGOUT
    Info (332098): From: pulpissimo_Z560:i_pulpissimo|soc_domain_Z559:soc_domain_i|pulp_soc_Z23:pulp_soc_i|soc_peripherals_Z84:soc_peripherals_i|udma_subsystem_Z83:i_udma|udma_spim_top_19s_20s_6s_8s:i_spim_gen_0__i_spim|udma_dc_fifo_32s_8s_1:u_dc_tx|dc_token_ring_fifo_din_32s_8s_1_0:u_din|dc_data_buffer_32s_8s_0:buffer|syn_mlab_0:data_mlab|i_pulpissimo_soc_domain_i_pulp_soc_i_soc_peripherals_i_i_udma_i_spim_gen_0__i_spim_u_dc_tx_u_din_buffer_data_42_1_~CLKMUX_0  to: pulpissimo_Z560:i_pulpissimo|soc_domain_Z559:soc_domain_i|pulp_soc_Z23:pulp_soc_i|soc_peripherals_Z84:soc_peripherals_i|udma_subsystem_Z83:i_udma|udma_spim_top_19s_20s_6s_8s:i_spim_gen_0__i_spim|udma_dc_fifo_32s_8s_1:u_dc_tx|dc_token_ring_fifo_din_32s_8s_1_0:u_din|dc_data_buffer_32s_8s_0:buffer|syn_mlab_0:data_mlab|i_pulpissimo_soc_domain_i_pulp_soc_i_soc_peripherals_i_i_udma_i_spim_gen_0__i_spim_u_dc_tx_u_din_buffer_data_42_1_~MEMORYREGOUT
    Info (332098): From: pulpissimo_Z560:i_pulpissimo|soc_domain_Z559:soc_domain_i|pulp_soc_Z23:pulp_soc_i|soc_peripherals_Z84:soc_peripherals_i|udma_subsystem_Z83:i_udma|udma_spim_top_19s_20s_6s_8s:i_spim_gen_0__i_spim|udma_dc_fifo_32s_8s_1:u_dc_tx|dc_token_ring_fifo_din_32s_8s_1_0:u_din|dc_data_buffer_32s_8s_0:buffer|syn_mlab_0:data_mlab|i_pulpissimo_soc_domain_i_pulp_soc_i_soc_peripherals_i_i_udma_i_spim_gen_0__i_spim_u_dc_tx_u_din_buffer_data_43_2_~CLKMUX_0  to: pulpissimo_Z560:i_pulpissimo|soc_domain_Z559:soc_domain_i|pulp_soc_Z23:pulp_soc_i|soc_peripherals_Z84:soc_peripherals_i|udma_subsystem_Z83:i_udma|udma_spim_top_19s_20s_6s_8s:i_spim_gen_0__i_spim|udma_dc_fifo_32s_8s_1:u_dc_tx|dc_token_ring_fifo_din_32s_8s_1_0:u_din|dc_data_buffer_32s_8s_0:buffer|syn_mlab_0:data_mlab|i_pulpissimo_soc_domain_i_pulp_soc_i_soc_peripherals_i_i_udma_i_spim_gen_0__i_spim_u_dc_tx_u_din_buffer_data_43_2_~MEMORYREGOUT
    Info (332098): From: pulpissimo_Z560:i_pulpissimo|soc_domain_Z559:soc_domain_i|pulp_soc_Z23:pulp_soc_i|soc_peripherals_Z84:soc_peripherals_i|udma_subsystem_Z83:i_udma|udma_spim_top_19s_20s_6s_8s:i_spim_gen_0__i_spim|udma_dc_fifo_32s_8s_1:u_dc_tx|dc_token_ring_fifo_din_32s_8s_1_0:u_din|dc_data_buffer_32s_8s_0:buffer|syn_mlab_0:data_mlab|i_pulpissimo_soc_domain_i_pulp_soc_i_soc_peripherals_i_i_udma_i_spim_gen_0__i_spim_u_dc_tx_u_din_buffer_data_44_3_~CLKMUX_0  to: pulpissimo_Z560:i_pulpissimo|soc_domain_Z559:soc_domain_i|pulp_soc_Z23:pulp_soc_i|soc_peripherals_Z84:soc_peripherals_i|udma_subsystem_Z83:i_udma|udma_spim_top_19s_20s_6s_8s:i_spim_gen_0__i_spim|udma_dc_fifo_32s_8s_1:u_dc_tx|dc_token_ring_fifo_din_32s_8s_1_0:u_din|dc_data_buffer_32s_8s_0:buffer|syn_mlab_0:data_mlab|i_pulpissimo_soc_domain_i_pulp_soc_i_soc_peripherals_i_i_udma_i_spim_gen_0__i_spim_u_dc_tx_u_din_buffer_data_44_3_~MEMORYREGOUT
    Info (332098): From: pulpissimo_Z560:i_pulpissimo|soc_domain_Z559:soc_domain_i|pulp_soc_Z23:pulp_soc_i|soc_peripherals_Z84:soc_peripherals_i|udma_subsystem_Z83:i_udma|udma_spim_top_19s_20s_6s_8s:i_spim_gen_0__i_spim|udma_dc_fifo_32s_8s_1:u_dc_tx|dc_token_ring_fifo_din_32s_8s_1_0:u_din|dc_data_buffer_32s_8s_0:buffer|syn_mlab_0:data_mlab|i_pulpissimo_soc_domain_i_pulp_soc_i_soc_peripherals_i_i_udma_i_spim_gen_0__i_spim_u_dc_tx_u_din_buffer_data_45_4_~CLKMUX_0  to: pulpissimo_Z560:i_pulpissimo|soc_domain_Z559:soc_domain_i|pulp_soc_Z23:pulp_soc_i|soc_peripherals_Z84:soc_peripherals_i|udma_subsystem_Z83:i_udma|udma_spim_top_19s_20s_6s_8s:i_spim_gen_0__i_spim|udma_dc_fifo_32s_8s_1:u_dc_tx|dc_token_ring_fifo_din_32s_8s_1_0:u_din|dc_data_buffer_32s_8s_0:buffer|syn_mlab_0:data_mlab|i_pulpissimo_soc_domain_i_pulp_soc_i_soc_peripherals_i_i_udma_i_spim_gen_0__i_spim_u_dc_tx_u_din_buffer_data_45_4_~MEMORYREGOUT
    Info (332098): From: pulpissimo_Z560:i_pulpissimo|soc_domain_Z559:soc_domain_i|pulp_soc_Z23:pulp_soc_i|soc_peripherals_Z84:soc_peripherals_i|udma_subsystem_Z83:i_udma|udma_spim_top_19s_20s_6s_8s:i_spim_gen_0__i_spim|udma_dc_fifo_32s_8s_1:u_dc_tx|dc_token_ring_fifo_din_32s_8s_1_0:u_din|dc_data_buffer_32s_8s_0:buffer|syn_mlab_0:data_mlab|i_pulpissimo_soc_domain_i_pulp_soc_i_soc_peripherals_i_i_udma_i_spim_gen_0__i_spim_u_dc_tx_u_din_buffer_data_46_5_~CLKMUX_0  to: pulpissimo_Z560:i_pulpissimo|soc_domain_Z559:soc_domain_i|pulp_soc_Z23:pulp_soc_i|soc_peripherals_Z84:soc_peripherals_i|udma_subsystem_Z83:i_udma|udma_spim_top_19s_20s_6s_8s:i_spim_gen_0__i_spim|udma_dc_fifo_32s_8s_1:u_dc_tx|dc_token_ring_fifo_din_32s_8s_1_0:u_din|dc_data_buffer_32s_8s_0:buffer|syn_mlab_0:data_mlab|i_pulpissimo_soc_domain_i_pulp_soc_i_soc_peripherals_i_i_udma_i_spim_gen_0__i_spim_u_dc_tx_u_din_buffer_data_46_5_~MEMORYREGOUT
    Info (332098): From: pulpissimo_Z560:i_pulpissimo|soc_domain_Z559:soc_domain_i|pulp_soc_Z23:pulp_soc_i|soc_peripherals_Z84:soc_peripherals_i|udma_subsystem_Z83:i_udma|udma_spim_top_19s_20s_6s_8s:i_spim_gen_0__i_spim|udma_dc_fifo_32s_8s_1:u_dc_tx|dc_token_ring_fifo_din_32s_8s_1_0:u_din|dc_data_buffer_32s_8s_0:buffer|syn_mlab_0:data_mlab|i_pulpissimo_soc_domain_i_pulp_soc_i_soc_peripherals_i_i_udma_i_spim_gen_0__i_spim_u_dc_tx_u_din_buffer_data_47_6_~CLKMUX_0  to: pulpissimo_Z560:i_pulpissimo|soc_domain_Z559:soc_domain_i|pulp_soc_Z23:pulp_soc_i|soc_peripherals_Z84:soc_peripherals_i|udma_subsystem_Z83:i_udma|udma_spim_top_19s_20s_6s_8s:i_spim_gen_0__i_spim|udma_dc_fifo_32s_8s_1:u_dc_tx|dc_token_ring_fifo_din_32s_8s_1_0:u_din|dc_data_buffer_32s_8s_0:buffer|syn_mlab_0:data_mlab|i_pulpissimo_soc_domain_i_pulp_soc_i_soc_peripherals_i_i_udma_i_spim_gen_0__i_spim_u_dc_tx_u_din_buffer_data_47_6_~MEMORYREGOUT
    Info (332098): From: pulpissimo_Z560:i_pulpissimo|soc_domain_Z559:soc_domain_i|pulp_soc_Z23:pulp_soc_i|soc_peripherals_Z84:soc_peripherals_i|udma_subsystem_Z83:i_udma|udma_spim_top_19s_20s_6s_8s:i_spim_gen_0__i_spim|udma_dc_fifo_32s_8s_1:u_dc_tx|dc_token_ring_fifo_din_32s_8s_1_0:u_din|dc_data_buffer_32s_8s_0:buffer|syn_mlab_0:data_mlab|i_pulpissimo_soc_domain_i_pulp_soc_i_soc_peripherals_i_i_udma_i_spim_gen_0__i_spim_u_dc_tx_u_din_buffer_data_48_7_~CLKMUX_0  to: pulpissimo_Z560:i_pulpissimo|soc_domain_Z559:soc_domain_i|pulp_soc_Z23:pulp_soc_i|soc_peripherals_Z84:soc_peripherals_i|udma_subsystem_Z83:i_udma|udma_spim_top_19s_20s_6s_8s:i_spim_gen_0__i_spim|udma_dc_fifo_32s_8s_1:u_dc_tx|dc_token_ring_fifo_din_32s_8s_1_0:u_din|dc_data_buffer_32s_8s_0:buffer|syn_mlab_0:data_mlab|i_pulpissimo_soc_domain_i_pulp_soc_i_soc_peripherals_i_i_udma_i_spim_gen_0__i_spim_u_dc_tx_u_din_buffer_data_48_7_~MEMORYREGOUT
    Info (332098): From: pulpissimo_Z560:i_pulpissimo|soc_domain_Z559:soc_domain_i|pulp_soc_Z23:pulp_soc_i|soc_peripherals_Z84:soc_peripherals_i|udma_subsystem_Z83:i_udma|udma_spim_top_19s_20s_6s_8s:i_spim_gen_0__i_spim|udma_dc_fifo_32s_8s_1:u_dc_tx|dc_token_ring_fifo_din_32s_8s_1_0:u_din|dc_data_buffer_32s_8s_0:buffer|syn_mlab_0:data_mlab|i_pulpissimo_soc_domain_i_pulp_soc_i_soc_peripherals_i_i_udma_i_spim_gen_0__i_spim_u_dc_tx_u_din_buffer_data_49_8_~CLKMUX_0  to: pulpissimo_Z560:i_pulpissimo|soc_domain_Z559:soc_domain_i|pulp_soc_Z23:pulp_soc_i|soc_peripherals_Z84:soc_peripherals_i|udma_subsystem_Z83:i_udma|udma_spim_top_19s_20s_6s_8s:i_spim_gen_0__i_spim|udma_dc_fifo_32s_8s_1:u_dc_tx|dc_token_ring_fifo_din_32s_8s_1_0:u_din|dc_data_buffer_32s_8s_0:buffer|syn_mlab_0:data_mlab|i_pulpissimo_soc_domain_i_pulp_soc_i_soc_peripherals_i_i_udma_i_spim_gen_0__i_spim_u_dc_tx_u_din_buffer_data_49_8_~MEMORYREGOUT
    Info (332098): From: pulpissimo_Z560:i_pulpissimo|soc_domain_Z559:soc_domain_i|pulp_soc_Z23:pulp_soc_i|soc_peripherals_Z84:soc_peripherals_i|udma_subsystem_Z83:i_udma|udma_spim_top_19s_20s_6s_8s:i_spim_gen_0__i_spim|udma_dc_fifo_32s_8s_1:u_dc_tx|dc_token_ring_fifo_din_32s_8s_1_0:u_din|dc_data_buffer_32s_8s_0:buffer|syn_mlab_0:data_mlab|i_pulpissimo_soc_domain_i_pulp_soc_i_soc_peripherals_i_i_udma_i_spim_gen_0__i_spim_u_dc_tx_u_din_buffer_data_50_9_~CLKMUX_0  to: pulpissimo_Z560:i_pulpissimo|soc_domain_Z559:soc_domain_i|pulp_soc_Z23:pulp_soc_i|soc_peripherals_Z84:soc_peripherals_i|udma_subsystem_Z83:i_udma|udma_spim_top_19s_20s_6s_8s:i_spim_gen_0__i_spim|udma_dc_fifo_32s_8s_1:u_dc_tx|dc_token_ring_fifo_din_32s_8s_1_0:u_din|dc_data_buffer_32s_8s_0:buffer|syn_mlab_0:data_mlab|i_pulpissimo_soc_domain_i_pulp_soc_i_soc_peripherals_i_i_udma_i_spim_gen_0__i_spim_u_dc_tx_u_din_buffer_data_50_9_~MEMORYREGOUT
    Info (332098): From: pulpissimo_Z560:i_pulpissimo|soc_domain_Z559:soc_domain_i|pulp_soc_Z23:pulp_soc_i|soc_peripherals_Z84:soc_peripherals_i|udma_subsystem_Z83:i_udma|udma_spim_top_19s_20s_6s_8s:i_spim_gen_0__i_spim|udma_dc_fifo_32s_8s_1:u_dc_tx|dc_token_ring_fifo_din_32s_8s_1_0:u_din|dc_data_buffer_32s_8s_0:buffer|syn_mlab_0:data_mlab|i_pulpissimo_soc_domain_i_pulp_soc_i_soc_peripherals_i_i_udma_i_spim_gen_0__i_spim_u_dc_tx_u_din_buffer_data_51_10_~CLKMUX_0  to: pulpissimo_Z560:i_pulpissimo|soc_domain_Z559:soc_domain_i|pulp_soc_Z23:pulp_soc_i|soc_peripherals_Z84:soc_peripherals_i|udma_subsystem_Z83:i_udma|udma_spim_top_19s_20s_6s_8s:i_spim_gen_0__i_spim|udma_dc_fifo_32s_8s_1:u_dc_tx|dc_token_ring_fifo_din_32s_8s_1_0:u_din|dc_data_buffer_32s_8s_0:buffer|syn_mlab_0:data_mlab|i_pulpissimo_soc_domain_i_pulp_soc_i_soc_peripherals_i_i_udma_i_spim_gen_0__i_spim_u_dc_tx_u_din_buffer_data_51_10_~MEMORYREGOUT
    Info (332098): From: pulpissimo_Z560:i_pulpissimo|soc_domain_Z559:soc_domain_i|pulp_soc_Z23:pulp_soc_i|soc_peripherals_Z84:soc_peripherals_i|udma_subsystem_Z83:i_udma|udma_spim_top_19s_20s_6s_8s:i_spim_gen_0__i_spim|udma_dc_fifo_32s_8s_1:u_dc_tx|dc_token_ring_fifo_din_32s_8s_1_0:u_din|dc_data_buffer_32s_8s_0:buffer|syn_mlab_0:data_mlab|i_pulpissimo_soc_domain_i_pulp_soc_i_soc_peripherals_i_i_udma_i_spim_gen_0__i_spim_u_dc_tx_u_din_buffer_data_52_11_~CLKMUX_0  to: pulpissimo_Z560:i_pulpissimo|soc_domain_Z559:soc_domain_i|pulp_soc_Z23:pulp_soc_i|soc_peripherals_Z84:soc_peripherals_i|udma_subsystem_Z83:i_udma|udma_spim_top_19s_20s_6s_8s:i_spim_gen_0__i_spim|udma_dc_fifo_32s_8s_1:u_dc_tx|dc_token_ring_fifo_din_32s_8s_1_0:u_din|dc_data_buffer_32s_8s_0:buffer|syn_mlab_0:data_mlab|i_pulpissimo_soc_domain_i_pulp_soc_i_soc_peripherals_i_i_udma_i_spim_gen_0__i_spim_u_dc_tx_u_din_buffer_data_52_11_~MEMORYREGOUT
    Info (332098): From: pulpissimo_Z560:i_pulpissimo|soc_domain_Z559:soc_domain_i|pulp_soc_Z23:pulp_soc_i|soc_peripherals_Z84:soc_peripherals_i|udma_subsystem_Z83:i_udma|udma_spim_top_19s_20s_6s_8s:i_spim_gen_0__i_spim|udma_dc_fifo_32s_8s_1:u_dc_tx|dc_token_ring_fifo_din_32s_8s_1_0:u_din|dc_data_buffer_32s_8s_0:buffer|syn_mlab_0:data_mlab|i_pulpissimo_soc_domain_i_pulp_soc_i_soc_peripherals_i_i_udma_i_spim_gen_0__i_spim_u_dc_tx_u_din_buffer_data_53_12_~CLKMUX_0  to: pulpissimo_Z560:i_pulpissimo|soc_domain_Z559:soc_domain_i|pulp_soc_Z23:pulp_soc_i|soc_peripherals_Z84:soc_peripherals_i|udma_subsystem_Z83:i_udma|udma_spim_top_19s_20s_6s_8s:i_spim_gen_0__i_spim|udma_dc_fifo_32s_8s_1:u_dc_tx|dc_token_ring_fifo_din_32s_8s_1_0:u_din|dc_data_buffer_32s_8s_0:buffer|syn_mlab_0:data_mlab|i_pulpissimo_soc_domain_i_pulp_soc_i_soc_peripherals_i_i_udma_i_spim_gen_0__i_spim_u_dc_tx_u_din_buffer_data_53_12_~MEMORYREGOUT
    Info (332098): From: pulpissimo_Z560:i_pulpissimo|soc_domain_Z559:soc_domain_i|pulp_soc_Z23:pulp_soc_i|soc_peripherals_Z84:soc_peripherals_i|udma_subsystem_Z83:i_udma|udma_spim_top_19s_20s_6s_8s:i_spim_gen_0__i_spim|udma_dc_fifo_32s_8s_1:u_dc_tx|dc_token_ring_fifo_din_32s_8s_1_0:u_din|dc_data_buffer_32s_8s_0:buffer|syn_mlab_0:data_mlab|i_pulpissimo_soc_domain_i_pulp_soc_i_soc_peripherals_i_i_udma_i_spim_gen_0__i_spim_u_dc_tx_u_din_buffer_data_54_13_~CLKMUX_0  to: pulpissimo_Z560:i_pulpissimo|soc_domain_Z559:soc_domain_i|pulp_soc_Z23:pulp_soc_i|soc_peripherals_Z84:soc_peripherals_i|udma_subsystem_Z83:i_udma|udma_spim_top_19s_20s_6s_8s:i_spim_gen_0__i_spim|udma_dc_fifo_32s_8s_1:u_dc_tx|dc_token_ring_fifo_din_32s_8s_1_0:u_din|dc_data_buffer_32s_8s_0:buffer|syn_mlab_0:data_mlab|i_pulpissimo_soc_domain_i_pulp_soc_i_soc_peripherals_i_i_udma_i_spim_gen_0__i_spim_u_dc_tx_u_din_buffer_data_54_13_~MEMORYREGOUT
    Info (332098): From: pulpissimo_Z560:i_pulpissimo|soc_domain_Z559:soc_domain_i|pulp_soc_Z23:pulp_soc_i|soc_peripherals_Z84:soc_peripherals_i|udma_subsystem_Z83:i_udma|udma_spim_top_19s_20s_6s_8s:i_spim_gen_0__i_spim|udma_dc_fifo_32s_8s_1:u_dc_tx|dc_token_ring_fifo_din_32s_8s_1_0:u_din|dc_data_buffer_32s_8s_0:buffer|syn_mlab_0:data_mlab|i_pulpissimo_soc_domain_i_pulp_soc_i_soc_peripherals_i_i_udma_i_spim_gen_0__i_spim_u_dc_tx_u_din_buffer_data_55_14_~CLKMUX_0  to: pulpissimo_Z560:i_pulpissimo|soc_domain_Z559:soc_domain_i|pulp_soc_Z23:pulp_soc_i|soc_peripherals_Z84:soc_peripherals_i|udma_subsystem_Z83:i_udma|udma_spim_top_19s_20s_6s_8s:i_spim_gen_0__i_spim|udma_dc_fifo_32s_8s_1:u_dc_tx|dc_token_ring_fifo_din_32s_8s_1_0:u_din|dc_data_buffer_32s_8s_0:buffer|syn_mlab_0:data_mlab|i_pulpissimo_soc_domain_i_pulp_soc_i_soc_peripherals_i_i_udma_i_spim_gen_0__i_spim_u_dc_tx_u_din_buffer_data_55_14_~MEMORYREGOUT
    Info (332098): From: pulpissimo_Z560:i_pulpissimo|soc_domain_Z559:soc_domain_i|pulp_soc_Z23:pulp_soc_i|soc_peripherals_Z84:soc_peripherals_i|udma_subsystem_Z83:i_udma|udma_spim_top_19s_20s_6s_8s:i_spim_gen_0__i_spim|udma_dc_fifo_32s_8s_1:u_dc_tx|dc_token_ring_fifo_din_32s_8s_1_0:u_din|dc_data_buffer_32s_8s_0:buffer|syn_mlab_0:data_mlab|i_pulpissimo_soc_domain_i_pulp_soc_i_soc_peripherals_i_i_udma_i_spim_gen_0__i_spim_u_dc_tx_u_din_buffer_data_56_15_~CLKMUX_0  to: pulpissimo_Z560:i_pulpissimo|soc_domain_Z559:soc_domain_i|pulp_soc_Z23:pulp_soc_i|soc_peripherals_Z84:soc_peripherals_i|udma_subsystem_Z83:i_udma|udma_spim_top_19s_20s_6s_8s:i_spim_gen_0__i_spim|udma_dc_fifo_32s_8s_1:u_dc_tx|dc_token_ring_fifo_din_32s_8s_1_0:u_din|dc_data_buffer_32s_8s_0:buffer|syn_mlab_0:data_mlab|i_pulpissimo_soc_domain_i_pulp_soc_i_soc_peripherals_i_i_udma_i_spim_gen_0__i_spim_u_dc_tx_u_din_buffer_data_56_15_~MEMORYREGOUT
    Info (332098): From: pulpissimo_Z560:i_pulpissimo|soc_domain_Z559:soc_domain_i|pulp_soc_Z23:pulp_soc_i|soc_peripherals_Z84:soc_peripherals_i|udma_subsystem_Z83:i_udma|udma_spim_top_19s_20s_6s_8s:i_spim_gen_0__i_spim|udma_dc_fifo_32s_8s_1:u_dc_tx|dc_token_ring_fifo_din_32s_8s_1_0:u_din|dc_data_buffer_32s_8s_0:buffer|syn_mlab_0:data_mlab|i_pulpissimo_soc_domain_i_pulp_soc_i_soc_peripherals_i_i_udma_i_spim_gen_0__i_spim_u_dc_tx_u_din_buffer_data_57_16_~CLKMUX_0  to: pulpissimo_Z560:i_pulpissimo|soc_domain_Z559:soc_domain_i|pulp_soc_Z23:pulp_soc_i|soc_peripherals_Z84:soc_peripherals_i|udma_subsystem_Z83:i_udma|udma_spim_top_19s_20s_6s_8s:i_spim_gen_0__i_spim|udma_dc_fifo_32s_8s_1:u_dc_tx|dc_token_ring_fifo_din_32s_8s_1_0:u_din|dc_data_buffer_32s_8s_0:buffer|syn_mlab_0:data_mlab|i_pulpissimo_soc_domain_i_pulp_soc_i_soc_peripherals_i_i_udma_i_spim_gen_0__i_spim_u_dc_tx_u_din_buffer_data_57_16_~MEMORYREGOUT
    Info (332098): From: pulpissimo_Z560:i_pulpissimo|soc_domain_Z559:soc_domain_i|pulp_soc_Z23:pulp_soc_i|soc_peripherals_Z84:soc_peripherals_i|udma_subsystem_Z83:i_udma|udma_spim_top_19s_20s_6s_8s:i_spim_gen_0__i_spim|udma_dc_fifo_32s_8s_1:u_dc_tx|dc_token_ring_fifo_din_32s_8s_1_0:u_din|dc_data_buffer_32s_8s_0:buffer|syn_mlab_0:data_mlab|i_pulpissimo_soc_domain_i_pulp_soc_i_soc_peripherals_i_i_udma_i_spim_gen_0__i_spim_u_dc_tx_u_din_buffer_data_58_17_~CLKMUX_0  to: pulpissimo_Z560:i_pulpissimo|soc_domain_Z559:soc_domain_i|pulp_soc_Z23:pulp_soc_i|soc_peripherals_Z84:soc_peripherals_i|udma_subsystem_Z83:i_udma|udma_spim_top_19s_20s_6s_8s:i_spim_gen_0__i_spim|udma_dc_fifo_32s_8s_1:u_dc_tx|dc_token_ring_fifo_din_32s_8s_1_0:u_din|dc_data_buffer_32s_8s_0:buffer|syn_mlab_0:data_mlab|i_pulpissimo_soc_domain_i_pulp_soc_i_soc_peripherals_i_i_udma_i_spim_gen_0__i_spim_u_dc_tx_u_din_buffer_data_58_17_~MEMORYREGOUT
    Info (332098): From: pulpissimo_Z560:i_pulpissimo|soc_domain_Z559:soc_domain_i|pulp_soc_Z23:pulp_soc_i|soc_peripherals_Z84:soc_peripherals_i|udma_subsystem_Z83:i_udma|udma_spim_top_19s_20s_6s_8s:i_spim_gen_0__i_spim|udma_dc_fifo_32s_8s_1:u_dc_tx|dc_token_ring_fifo_din_32s_8s_1_0:u_din|dc_data_buffer_32s_8s_0:buffer|syn_mlab_0:data_mlab|i_pulpissimo_soc_domain_i_pulp_soc_i_soc_peripherals_i_i_udma_i_spim_gen_0__i_spim_u_dc_tx_u_din_buffer_data_59_18_~CLKMUX_0  to: pulpissimo_Z560:i_pulpissimo|soc_domain_Z559:soc_domain_i|pulp_soc_Z23:pulp_soc_i|soc_peripherals_Z84:soc_peripherals_i|udma_subsystem_Z83:i_udma|udma_spim_top_19s_20s_6s_8s:i_spim_gen_0__i_spim|udma_dc_fifo_32s_8s_1:u_dc_tx|dc_token_ring_fifo_din_32s_8s_1_0:u_din|dc_data_buffer_32s_8s_0:buffer|syn_mlab_0:data_mlab|i_pulpissimo_soc_domain_i_pulp_soc_i_soc_peripherals_i_i_udma_i_spim_gen_0__i_spim_u_dc_tx_u_din_buffer_data_59_18_~MEMORYREGOUT
    Info (332098): From: pulpissimo_Z560:i_pulpissimo|soc_domain_Z559:soc_domain_i|pulp_soc_Z23:pulp_soc_i|soc_peripherals_Z84:soc_peripherals_i|udma_subsystem_Z83:i_udma|udma_spim_top_19s_20s_6s_8s:i_spim_gen_0__i_spim|udma_dc_fifo_32s_8s_1:u_dc_tx|dc_token_ring_fifo_din_32s_8s_1_0:u_din|dc_data_buffer_32s_8s_0:buffer|syn_mlab_0:data_mlab|i_pulpissimo_soc_domain_i_pulp_soc_i_soc_peripherals_i_i_udma_i_spim_gen_0__i_spim_u_dc_tx_u_din_buffer_data_60_19_~CLKMUX_0  to: pulpissimo_Z560:i_pulpissimo|soc_domain_Z559:soc_domain_i|pulp_soc_Z23:pulp_soc_i|soc_peripherals_Z84:soc_peripherals_i|udma_subsystem_Z83:i_udma|udma_spim_top_19s_20s_6s_8s:i_spim_gen_0__i_spim|udma_dc_fifo_32s_8s_1:u_dc_tx|dc_token_ring_fifo_din_32s_8s_1_0:u_din|dc_data_buffer_32s_8s_0:buffer|syn_mlab_0:data_mlab|i_pulpissimo_soc_domain_i_pulp_soc_i_soc_peripherals_i_i_udma_i_spim_gen_0__i_spim_u_dc_tx_u_din_buffer_data_60_19_~MEMORYREGOUT
    Info (332098): From: pulpissimo_Z560:i_pulpissimo|soc_domain_Z559:soc_domain_i|pulp_soc_Z23:pulp_soc_i|soc_peripherals_Z84:soc_peripherals_i|udma_subsystem_Z83:i_udma|udma_spim_top_19s_20s_6s_8s:i_spim_gen_0__i_spim|udma_dc_fifo_32s_8s_1:u_dc_tx|dc_token_ring_fifo_din_32s_8s_1_0:u_din|dc_data_buffer_32s_8s_0:buffer|syn_mlab_0:data_mlab|i_pulpissimo_soc_domain_i_pulp_soc_i_soc_peripherals_i_i_udma_i_spim_gen_0__i_spim_u_dc_tx_u_din_buffer_data_61_20_~CLKMUX_0  to: pulpissimo_Z560:i_pulpissimo|soc_domain_Z559:soc_domain_i|pulp_soc_Z23:pulp_soc_i|soc_peripherals_Z84:soc_peripherals_i|udma_subsystem_Z83:i_udma|udma_spim_top_19s_20s_6s_8s:i_spim_gen_0__i_spim|udma_dc_fifo_32s_8s_1:u_dc_tx|dc_token_ring_fifo_din_32s_8s_1_0:u_din|dc_data_buffer_32s_8s_0:buffer|syn_mlab_0:data_mlab|i_pulpissimo_soc_domain_i_pulp_soc_i_soc_peripherals_i_i_udma_i_spim_gen_0__i_spim_u_dc_tx_u_din_buffer_data_61_20_~MEMORYREGOUT
    Info (332098): From: pulpissimo_Z560:i_pulpissimo|soc_domain_Z559:soc_domain_i|pulp_soc_Z23:pulp_soc_i|soc_peripherals_Z84:soc_peripherals_i|udma_subsystem_Z83:i_udma|udma_spim_top_19s_20s_6s_8s:i_spim_gen_0__i_spim|udma_dc_fifo_32s_8s_1:u_dc_tx|dc_token_ring_fifo_din_32s_8s_1_0:u_din|dc_data_buffer_32s_8s_0:buffer|syn_mlab_0:data_mlab|i_pulpissimo_soc_domain_i_pulp_soc_i_soc_peripherals_i_i_udma_i_spim_gen_0__i_spim_u_dc_tx_u_din_buffer_data_62_21_~CLKMUX_0  to: pulpissimo_Z560:i_pulpissimo|soc_domain_Z559:soc_domain_i|pulp_soc_Z23:pulp_soc_i|soc_peripherals_Z84:soc_peripherals_i|udma_subsystem_Z83:i_udma|udma_spim_top_19s_20s_6s_8s:i_spim_gen_0__i_spim|udma_dc_fifo_32s_8s_1:u_dc_tx|dc_token_ring_fifo_din_32s_8s_1_0:u_din|dc_data_buffer_32s_8s_0:buffer|syn_mlab_0:data_mlab|i_pulpissimo_soc_domain_i_pulp_soc_i_soc_peripherals_i_i_udma_i_spim_gen_0__i_spim_u_dc_tx_u_din_buffer_data_62_21_~MEMORYREGOUT
    Info (332098): From: pulpissimo_Z560:i_pulpissimo|soc_domain_Z559:soc_domain_i|pulp_soc_Z23:pulp_soc_i|soc_peripherals_Z84:soc_peripherals_i|udma_subsystem_Z83:i_udma|udma_spim_top_19s_20s_6s_8s:i_spim_gen_0__i_spim|udma_dc_fifo_32s_8s_1:u_dc_tx|dc_token_ring_fifo_din_32s_8s_1_0:u_din|dc_data_buffer_32s_8s_0:buffer|syn_mlab_0:data_mlab|i_pulpissimo_soc_domain_i_pulp_soc_i_soc_peripherals_i_i_udma_i_spim_gen_0__i_spim_u_dc_tx_u_din_buffer_data_63_22_~CLKMUX_0  to: pulpissimo_Z560:i_pulpissimo|soc_domain_Z559:soc_domain_i|pulp_soc_Z23:pulp_soc_i|soc_peripherals_Z84:soc_peripherals_i|udma_subsystem_Z83:i_udma|udma_spim_top_19s_20s_6s_8s:i_spim_gen_0__i_spim|udma_dc_fifo_32s_8s_1:u_dc_tx|dc_token_ring_fifo_din_32s_8s_1_0:u_din|dc_data_buffer_32s_8s_0:buffer|syn_mlab_0:data_mlab|i_pulpissimo_soc_domain_i_pulp_soc_i_soc_peripherals_i_i_udma_i_spim_gen_0__i_spim_u_dc_tx_u_din_buffer_data_63_22_~MEMORYREGOUT
    Info (332098): From: pulpissimo_Z560:i_pulpissimo|soc_domain_Z559:soc_domain_i|pulp_soc_Z23:pulp_soc_i|soc_peripherals_Z84:soc_peripherals_i|udma_subsystem_Z83:i_udma|udma_spim_top_19s_20s_6s_8s:i_spim_gen_0__i_spim|udma_dc_fifo_32s_8s_1:u_dc_tx|dc_token_ring_fifo_din_32s_8s_1_0:u_din|dc_data_buffer_32s_8s_0:buffer|syn_mlab_0:data_mlab|i_pulpissimo_soc_domain_i_pulp_soc_i_soc_peripherals_i_i_udma_i_spim_gen_0__i_spim_u_dc_tx_u_din_buffer_data_64_23_~CLKMUX_0  to: pulpissimo_Z560:i_pulpissimo|soc_domain_Z559:soc_domain_i|pulp_soc_Z23:pulp_soc_i|soc_peripherals_Z84:soc_peripherals_i|udma_subsystem_Z83:i_udma|udma_spim_top_19s_20s_6s_8s:i_spim_gen_0__i_spim|udma_dc_fifo_32s_8s_1:u_dc_tx|dc_token_ring_fifo_din_32s_8s_1_0:u_din|dc_data_buffer_32s_8s_0:buffer|syn_mlab_0:data_mlab|i_pulpissimo_soc_domain_i_pulp_soc_i_soc_peripherals_i_i_udma_i_spim_gen_0__i_spim_u_dc_tx_u_din_buffer_data_64_23_~MEMORYREGOUT
    Info (332098): From: pulpissimo_Z560:i_pulpissimo|soc_domain_Z559:soc_domain_i|pulp_soc_Z23:pulp_soc_i|soc_peripherals_Z84:soc_peripherals_i|udma_subsystem_Z83:i_udma|udma_spim_top_19s_20s_6s_8s:i_spim_gen_0__i_spim|udma_dc_fifo_32s_8s_1:u_dc_tx|dc_token_ring_fifo_din_32s_8s_1_0:u_din|dc_data_buffer_32s_8s_0:buffer|syn_mlab_0:data_mlab|i_pulpissimo_soc_domain_i_pulp_soc_i_soc_peripherals_i_i_udma_i_spim_gen_0__i_spim_u_dc_tx_u_din_buffer_data_65_24_~CLKMUX_0  to: pulpissimo_Z560:i_pulpissimo|soc_domain_Z559:soc_domain_i|pulp_soc_Z23:pulp_soc_i|soc_peripherals_Z84:soc_peripherals_i|udma_subsystem_Z83:i_udma|udma_spim_top_19s_20s_6s_8s:i_spim_gen_0__i_spim|udma_dc_fifo_32s_8s_1:u_dc_tx|dc_token_ring_fifo_din_32s_8s_1_0:u_din|dc_data_buffer_32s_8s_0:buffer|syn_mlab_0:data_mlab|i_pulpissimo_soc_domain_i_pulp_soc_i_soc_peripherals_i_i_udma_i_spim_gen_0__i_spim_u_dc_tx_u_din_buffer_data_65_24_~MEMORYREGOUT
    Info (332098): From: pulpissimo_Z560:i_pulpissimo|soc_domain_Z559:soc_domain_i|pulp_soc_Z23:pulp_soc_i|soc_peripherals_Z84:soc_peripherals_i|udma_subsystem_Z83:i_udma|udma_spim_top_19s_20s_6s_8s:i_spim_gen_0__i_spim|udma_dc_fifo_32s_8s_1:u_dc_tx|dc_token_ring_fifo_din_32s_8s_1_0:u_din|dc_data_buffer_32s_8s_0:buffer|syn_mlab_0:data_mlab|i_pulpissimo_soc_domain_i_pulp_soc_i_soc_peripherals_i_i_udma_i_spim_gen_0__i_spim_u_dc_tx_u_din_buffer_data_66_25_~CLKMUX_0  to: pulpissimo_Z560:i_pulpissimo|soc_domain_Z559:soc_domain_i|pulp_soc_Z23:pulp_soc_i|soc_peripherals_Z84:soc_peripherals_i|udma_subsystem_Z83:i_udma|udma_spim_top_19s_20s_6s_8s:i_spim_gen_0__i_spim|udma_dc_fifo_32s_8s_1:u_dc_tx|dc_token_ring_fifo_din_32s_8s_1_0:u_din|dc_data_buffer_32s_8s_0:buffer|syn_mlab_0:data_mlab|i_pulpissimo_soc_domain_i_pulp_soc_i_soc_peripherals_i_i_udma_i_spim_gen_0__i_spim_u_dc_tx_u_din_buffer_data_66_25_~MEMORYREGOUT
    Info (332098): From: pulpissimo_Z560:i_pulpissimo|soc_domain_Z559:soc_domain_i|pulp_soc_Z23:pulp_soc_i|soc_peripherals_Z84:soc_peripherals_i|udma_subsystem_Z83:i_udma|udma_spim_top_19s_20s_6s_8s:i_spim_gen_0__i_spim|udma_dc_fifo_32s_8s_1:u_dc_tx|dc_token_ring_fifo_din_32s_8s_1_0:u_din|dc_data_buffer_32s_8s_0:buffer|syn_mlab_0:data_mlab|i_pulpissimo_soc_domain_i_pulp_soc_i_soc_peripherals_i_i_udma_i_spim_gen_0__i_spim_u_dc_tx_u_din_buffer_data_67_26_~CLKMUX_0  to: pulpissimo_Z560:i_pulpissimo|soc_domain_Z559:soc_domain_i|pulp_soc_Z23:pulp_soc_i|soc_peripherals_Z84:soc_peripherals_i|udma_subsystem_Z83:i_udma|udma_spim_top_19s_20s_6s_8s:i_spim_gen_0__i_spim|udma_dc_fifo_32s_8s_1:u_dc_tx|dc_token_ring_fifo_din_32s_8s_1_0:u_din|dc_data_buffer_32s_8s_0:buffer|syn_mlab_0:data_mlab|i_pulpissimo_soc_domain_i_pulp_soc_i_soc_peripherals_i_i_udma_i_spim_gen_0__i_spim_u_dc_tx_u_din_buffer_data_67_26_~MEMORYREGOUT
    Info (332098): From: pulpissimo_Z560:i_pulpissimo|soc_domain_Z559:soc_domain_i|pulp_soc_Z23:pulp_soc_i|soc_peripherals_Z84:soc_peripherals_i|udma_subsystem_Z83:i_udma|udma_spim_top_19s_20s_6s_8s:i_spim_gen_0__i_spim|udma_dc_fifo_32s_8s_1:u_dc_tx|dc_token_ring_fifo_din_32s_8s_1_0:u_din|dc_data_buffer_32s_8s_0:buffer|syn_mlab_0:data_mlab|i_pulpissimo_soc_domain_i_pulp_soc_i_soc_peripherals_i_i_udma_i_spim_gen_0__i_spim_u_dc_tx_u_din_buffer_data_68_27_~CLKMUX_0  to: pulpissimo_Z560:i_pulpissimo|soc_domain_Z559:soc_domain_i|pulp_soc_Z23:pulp_soc_i|soc_peripherals_Z84:soc_peripherals_i|udma_subsystem_Z83:i_udma|udma_spim_top_19s_20s_6s_8s:i_spim_gen_0__i_spim|udma_dc_fifo_32s_8s_1:u_dc_tx|dc_token_ring_fifo_din_32s_8s_1_0:u_din|dc_data_buffer_32s_8s_0:buffer|syn_mlab_0:data_mlab|i_pulpissimo_soc_domain_i_pulp_soc_i_soc_peripherals_i_i_udma_i_spim_gen_0__i_spim_u_dc_tx_u_din_buffer_data_68_27_~MEMORYREGOUT
    Info (332098): From: pulpissimo_Z560:i_pulpissimo|soc_domain_Z559:soc_domain_i|pulp_soc_Z23:pulp_soc_i|soc_peripherals_Z84:soc_peripherals_i|udma_subsystem_Z83:i_udma|udma_spim_top_19s_20s_6s_8s:i_spim_gen_0__i_spim|udma_dc_fifo_32s_8s_1:u_dc_tx|dc_token_ring_fifo_din_32s_8s_1_0:u_din|dc_data_buffer_32s_8s_0:buffer|syn_mlab_0:data_mlab|i_pulpissimo_soc_domain_i_pulp_soc_i_soc_peripherals_i_i_udma_i_spim_gen_0__i_spim_u_dc_tx_u_din_buffer_data_69_28_~CLKMUX_0  to: pulpissimo_Z560:i_pulpissimo|soc_domain_Z559:soc_domain_i|pulp_soc_Z23:pulp_soc_i|soc_peripherals_Z84:soc_peripherals_i|udma_subsystem_Z83:i_udma|udma_spim_top_19s_20s_6s_8s:i_spim_gen_0__i_spim|udma_dc_fifo_32s_8s_1:u_dc_tx|dc_token_ring_fifo_din_32s_8s_1_0:u_din|dc_data_buffer_32s_8s_0:buffer|syn_mlab_0:data_mlab|i_pulpissimo_soc_domain_i_pulp_soc_i_soc_peripherals_i_i_udma_i_spim_gen_0__i_spim_u_dc_tx_u_din_buffer_data_69_28_~MEMORYREGOUT
    Info (332098): From: pulpissimo_Z560:i_pulpissimo|soc_domain_Z559:soc_domain_i|pulp_soc_Z23:pulp_soc_i|soc_peripherals_Z84:soc_peripherals_i|udma_subsystem_Z83:i_udma|udma_spim_top_19s_20s_6s_8s:i_spim_gen_0__i_spim|udma_dc_fifo_32s_8s_1:u_dc_tx|dc_token_ring_fifo_din_32s_8s_1_0:u_din|dc_data_buffer_32s_8s_0:buffer|syn_mlab_0:data_mlab|i_pulpissimo_soc_domain_i_pulp_soc_i_soc_peripherals_i_i_udma_i_spim_gen_0__i_spim_u_dc_tx_u_din_buffer_data_70_29_~CLKMUX_0  to: pulpissimo_Z560:i_pulpissimo|soc_domain_Z559:soc_domain_i|pulp_soc_Z23:pulp_soc_i|soc_peripherals_Z84:soc_peripherals_i|udma_subsystem_Z83:i_udma|udma_spim_top_19s_20s_6s_8s:i_spim_gen_0__i_spim|udma_dc_fifo_32s_8s_1:u_dc_tx|dc_token_ring_fifo_din_32s_8s_1_0:u_din|dc_data_buffer_32s_8s_0:buffer|syn_mlab_0:data_mlab|i_pulpissimo_soc_domain_i_pulp_soc_i_soc_peripherals_i_i_udma_i_spim_gen_0__i_spim_u_dc_tx_u_din_buffer_data_70_29_~MEMORYREGOUT
    Info (332098): From: pulpissimo_Z560:i_pulpissimo|soc_domain_Z559:soc_domain_i|pulp_soc_Z23:pulp_soc_i|soc_peripherals_Z84:soc_peripherals_i|udma_subsystem_Z83:i_udma|udma_spim_top_19s_20s_6s_8s:i_spim_gen_0__i_spim|udma_dc_fifo_32s_8s_1:u_dc_tx|dc_token_ring_fifo_din_32s_8s_1_0:u_din|dc_data_buffer_32s_8s_0:buffer|syn_mlab_0:data_mlab|i_pulpissimo_soc_domain_i_pulp_soc_i_soc_peripherals_i_i_udma_i_spim_gen_0__i_spim_u_dc_tx_u_din_buffer_data_71_30_~CLKMUX_0  to: pulpissimo_Z560:i_pulpissimo|soc_domain_Z559:soc_domain_i|pulp_soc_Z23:pulp_soc_i|soc_peripherals_Z84:soc_peripherals_i|udma_subsystem_Z83:i_udma|udma_spim_top_19s_20s_6s_8s:i_spim_gen_0__i_spim|udma_dc_fifo_32s_8s_1:u_dc_tx|dc_token_ring_fifo_din_32s_8s_1_0:u_din|dc_data_buffer_32s_8s_0:buffer|syn_mlab_0:data_mlab|i_pulpissimo_soc_domain_i_pulp_soc_i_soc_peripherals_i_i_udma_i_spim_gen_0__i_spim_u_dc_tx_u_din_buffer_data_71_30_~MEMORYREGOUT
    Info (332098): From: pulpissimo_Z560:i_pulpissimo|soc_domain_Z559:soc_domain_i|pulp_soc_Z23:pulp_soc_i|soc_peripherals_Z84:soc_peripherals_i|udma_subsystem_Z83:i_udma|udma_spim_top_19s_20s_6s_8s:i_spim_gen_0__i_spim|udma_dc_fifo_32s_8s_1:u_dc_tx|dc_token_ring_fifo_din_32s_8s_1_0:u_din|dc_data_buffer_32s_8s_0:buffer|syn_mlab_0:data_mlab|i_pulpissimo_soc_domain_i_pulp_soc_i_soc_peripherals_i_i_udma_i_spim_gen_0__i_spim_u_dc_tx_u_din_buffer_data_72_31_~CLKMUX_0  to: pulpissimo_Z560:i_pulpissimo|soc_domain_Z559:soc_domain_i|pulp_soc_Z23:pulp_soc_i|soc_peripherals_Z84:soc_peripherals_i|udma_subsystem_Z83:i_udma|udma_spim_top_19s_20s_6s_8s:i_spim_gen_0__i_spim|udma_dc_fifo_32s_8s_1:u_dc_tx|dc_token_ring_fifo_din_32s_8s_1_0:u_din|dc_data_buffer_32s_8s_0:buffer|syn_mlab_0:data_mlab|i_pulpissimo_soc_domain_i_pulp_soc_i_soc_peripherals_i_i_udma_i_spim_gen_0__i_spim_u_dc_tx_u_din_buffer_data_72_31_~MEMORYREGOUT
Info (332123): Deriving Clock Uncertainty. Please refer to report_sdc in the Timing Analyzer to see clock uncertainties.
Info (332146): Worst-case setup slack is 3.100
    Info (332119):     Slack       End Point TNS Clock 
    Info (332119): ========= =================== =====================
    Info (332119):     3.100               0.000 ref_clk_i 
Info (332146): Worst-case hold slack is 0.035
    Info (332119):     Slack       End Point TNS Clock 
    Info (332119): ========= =================== =====================
    Info (332119):     0.035               0.000 ref_clk_i 
Info (332146): Worst-case recovery slack is 5.366
    Info (332119):     Slack       End Point TNS Clock 
    Info (332119): ========= =================== =====================
    Info (332119):     5.366               0.000 ref_clk_i 
Info (332146): Worst-case removal slack is 1.046
    Info (332119):     Slack       End Point TNS Clock 
    Info (332119): ========= =================== =====================
    Info (332119):     1.046               0.000 ref_clk_i 
Info (332146): Worst-case minimum pulse width slack is 7.181
    Info (332119):     Slack       End Point TNS Clock 
    Info (332119): ========= =================== =====================
    Info (332119):     7.181               0.000 ref_clk_i 
Info (332114): Report Metastability: Found 3 synchronizer chains.
    Info (332114): The design MTBF is not calculated because there are no specified synchronizers in the design.
    Info (332114): Number of Synchronizer Chains Found: 3
    Info (332114): Shortest Synchronizer Chain: 3 Registers
    Info (332114): Fraction of Chains for which MTBFs Could Not be Calculated: 1.000
    Info (332114): Worst Case Available Settling Time: 49.275 ns
    Info (332114): 
Info (332102): Design is not fully constrained for setup requirements
Info (332102): Design is not fully constrained for hold requirements
Info: Quartus Prime Timing Analyzer was successful. 0 errors, 81 warnings
    Info: Peak virtual memory: 1213 megabytes
    Info: Processing ended: Fri Jul  4 18:20:27 2025
    Info: Elapsed time: 00:01:22
    Info: Total CPU time (on all processors): 00:01:38


